WORDS_PER_MINUTE_WHOLE;signatures;programming:equalityoperator;object layout;scratch;programming:staticmethod;programming:datawarehouse;VIDEO_AVERAGE_BRIGHTNESS;interpreter;programming:Array;programming:stack;programming:logicaloperator;WORD_AMOUNT;variable scope;programming:this;abstract class;dynamic classes;programming:finalclass;programming:Class;user interface;programming:object;programming:classattribute;programming:machine-learning;VIDEO_DURATION;programming:abstractmethod;programming:Encapsulation;programming:comment;UNCOMMON WORDS AMOUNT;type checking;VIDEO_WORDS_COUNT;python;programming:continue;class initialization;programming:iot;programming:primitivetype;nesting;typing method;programming:attributedeclaration;programming:arraycreation;association;compiler;programming:shortcircuitevaluation;list comprehension;overriding;sorting;programming:forloop;programming:Polymorphism;list;AUTOMATED_VIDEO_READABILITY_INDEX;c++;standards;programming:controlflow;indices;programming:ExceptionHandling;programming:VariableDeclaration;programming:whileloop;NOUN_PHRASES_AMOUNT;programming:synchronization;public method;VIDEOID;programming:return;programming:memorymanagement;programming:pointer;VIDEO_DIFFICULT_WORDS;programming:artificial intelligence;programming:anonymousclass;programming:concurrency;VIDEO_DOMINANT_COLOR;VIDEO_NOUN_PHRASES;programming:character;programming:checkedexception;programming:Inheritance;programming:enum;programming:statement;compilers;mergesort;private class;dictionary;programming:assertion;programming:attribute;linked list;self type;string split;programming:if;programming:parameter;multidimensional arrays;c;programming:arithmeticoperator;programming:modifier;subtyping;programming:Interface;programming:callbyvalue;streams;DIFFICULT_WORDS_AMOUNT;programming:method;programming:operator;programming:callbyreference;lexical scope;type interface;programming:initialization;programming:constructor;programming:encoding;programming:generictype;nested function;SPEECH_DISPLAY_WORDS_RATIO;programming:encapsulation;programming:bitwiseoperator;java;programming:binaryoperator;logical expressions;AUTOMATED_READABILITY_INDEX;programming:switch;programming:null;java virtual machine heap;programming:assignmentoperator;WORDS_PER_MINUTE;coercions;programming:boolean;matlab;function;programming:WhileLoop;programming:list;VIDEO_AVERAGE_HUE;c#;EASY_VIDEO_READ;programming:constructorinvocation;programming:interface;overloading;programming:functiondefinition;VIDEO_AVERAGE_SATURATION;explain how arrays work in ruby as opposed to other languages by highlighting its differences;ruby;protected method;semantics;local variables;programming:break;programming:dowhileloop;programming:graph;programming:process;programming:expression;ml;pojo;programming:package;optimization;programming:entity;programming:conditionaloperator;programming:equality;static typing;public class;programming:mapreduce;programming:exceptionhandling;let expression;private method;dynamic typing;PHRASES_AMOUNT;comparable interface;programming:assignment;programming:import;main method;system integration;VIDEO_SIZE;programming:inheritance;FLESCH_KINCAID_GRADE;programming:repository;VIDEO_AVERAGE_LIGHT_EXPOSURE;string slice;programming:git;programming:instantiation;programming:recursion;programming:loop;programming:variabledeclaration;inheritance;programming:bitmap;programming:lambdaexpression;VIDEO_ASPECT_RATIO;VIDEO_AVERAGE_COLORFULNESS;local scope;FLESCH_READING_EASE;FLESCH_KINCAID_VIDEO_GRADE;UNCOMMON WORDS RATIO;performance;programming:composition;programming:referencetype;programming:instanceattribute;programming:scope;math:vector;programming:enhancedforloop;programming:If;WORDS_PER_MINUTE_WHOLE_VIDEO;programming:condition;programming:polymorphism;programming:structinitialization;programming:structure;programming:ForLoop;programming:Object;VIDEO_PHRASES_COUNT;python dictionary;programming:variableinitialization;programming:arrayaccess;programming:class;types;type inference;programming:generics;programming:headers;programming:sorting;local variable;programming:string;algorithms;english;programming:database;programming:array;programming:casting;programming:relationaloperator;score
139.633585626;0.0;0.0;0.0;0.0;0.0;0.0;1.0;0.0;0.0;0.0;0.0;654.0;0.0;0.0;0.0;0.0;0.0;0.0;0.0;0.0;0.0;0.0;4.7;0.0;0.0;0.0;264.0;0.0;295.0;0.0;0.0;0.0;0.0;0.0;0.0;0.0;0.0;0.0;0.0;0.0;0.0;0.0;0.0;0.0;0.0;0.0;0.0;8.9;0.0;0.0;0.0;0.0;0.0;0.0;0.0;38.0;0.0;0.0;8;0.0;0.0;0.0;12.0;0.0;0.0;0.0;0.0;80.0;0.0;0.0;0.0;0.0;0.0;0.0;0.0;0.0;0.0;0.0;0.0;0.0;0.0;0.0;0.0;0.0;0.0;0.0;1.0;0.0;0.0;0.0;0.0;0.0;52.0;0.0;1.0;0.0;0.0;0.0;0.0;0.0;0.0;0.0;0.0;0.451070336391;0.0;0.0;0.0;0.0;0.0;6.5;0.0;0.0;0.0;0.0;145.302302672;0.0;0.0;0.0;0.0;0.0;0.0;26.9432990201;0.0;97.27;0.0;0.0;0.0;0.0;69.9937447242;0.0;0.0;0.0;0.0;0.0;0.0;0.0;0.0;0.0;0.0;0.0;0.0;0.0;0.0;0.0;0.0;1.0;0.0;0.0;0.0;0.0;0.0;0.0;0.0;32.0;0.0;0.0;0.0;0.0;0.0;1500.0;0.0;7.7;0.0;144.454870845;0.0;0.0;0.0;0.0;0.0;0.0;0.0;0.0;0.0;1.77777777778;27.9770187807;0.0;76.15;5.8;0.403669724771;0.0;0.0;0.0;0.0;0.0;0.0;0.0;0.0;62.6016835255;1.0;0.0;0.0;0.0;0.0;0.0;12.0;0.0;0.0;0.0;0.0;0.0;0.0;1.0;0.0;0.0;0.0;0.0;0.0;0.0;0.0;0.0;0.0;0.0;VeryEasy
152.178261391;0.0;1.0;0.0;0.0;0.0;0.0;1.0;0.0;0.0;0.0;0.0;632.0;0.0;0.0;0.0;0.0;0.0;0.0;0.0;0.0;0.0;0.0;4.15;0.0;0.0;0.0;213.0;0.0;167.0;0.0;0.0;0.0;0.0;0.0;0.0;0.0;0.0;0.0;0.0;0.0;0.0;0.0;0.0;0.0;0.0;0.0;0.0;6.4;0.0;0.0;0.0;0.0;0.0;0.0;0.0;25.0;0.0;0.0;11;0.0;0.0;0.0;5.0;0.0;0.0;0.0;0.0;58.0;0.0;0.0;0.0;0.0;0.0;0.0;0.0;0.0;0.0;0.0;0.0;0.0;0.0;0.0;0.0;0.0;0.0;0.0;1.0;0.0;0.0;0.0;0.0;0.0;40.0;0.0;1.0;0.0;0.0;0.0;0.0;0.0;0.0;0.0;0.0;0.264240506329;0.0;0.0;0.0;0.0;0.0;3.8;0.0;0.0;0.0;0.0;154.430122805;0.0;0.0;0.0;0.0;0.0;0.0;31.867618125;0.0;101.02;0.0;0.0;0.0;0.0;64.1455592824;0.0;0.0;0.0;0.0;0.0;0.0;0.0;0.0;1.0;0.0;0.0;0.0;0.0;0.0;0.0;0.0;0.0;0.0;0.0;0.0;0.0;0.0;0.0;0.0;42.0;0.0;0.0;0.0;0.0;0.0;1500.0;0.0;5.6;0.0;142.920770185;0.0;0.0;0.0;0.0;0.0;0.0;0.0;0.0;0.0;1.77777777778;31.0305555815;0.0;81.63;4.4;0.337025316456;0.0;0.0;0.0;0.0;0.0;0.0;0.0;0.0;40.0848101772;0.0;0.0;0.0;0.0;0.0;0.0;8.0;0.0;0.0;0.0;0.0;0.0;0.0;0.0;0.0;0.0;0.0;0.0;0.0;0.0;0.0;0.0;0.0;0.0;VeryEasy
188.794378698;0.0;0.0;0.0;0.0;0.0;0.0;1.0;0.0;0.0;0.0;0.0;1021.0;0.0;0.0;0.0;0.0;0.0;0.0;0.0;1.0;0.0;0.0;5.4;0.0;0.0;0.0;275.0;0.0;89.0;0.0;0.0;0.0;0.0;0.0;0.0;0.0;0.0;0.0;0.0;0.0;0.0;0.0;0.0;0.0;0.0;0.0;0.0;45.7;0.0;0.0;0.0;0.0;0.0;0.0;0.0;64.0;0.0;0.0;4257;0.0;0.0;0.0;21.0;0.0;0.0;0.0;1664.5629;27.0;0.0;0.0;0.0;0.0;0.0;0.0;0.0;0.0;0.0;0.0;0.0;0.0;0.0;0.0;0.0;0.0;0.0;0.0;0.0;0.0;0.0;0.0;0.0;0.0;93.0;0.0;0.0;0.0;0.0;0.0;0.0;0.0;0.0;0.0;0.0;0.0871694417238;0.0;0.0;0.0;0.0;0.0;10.8;0.0;0.0;0.0;0.0;189.149383551;0.0;0.0;0.0;0.0;0.0;0.0;6.06968085233;0.0;-1.95;0.0;0.0;0.0;0.0;4.92388601021;0.0;0.0;0.0;0.0;0.0;0.0;0.0;0.0;1.0;0.0;0.0;0.0;0.0;0.0;0.0;0.0;0.0;0.0;0.0;0.0;0.0;0.0;0.0;0.0;41.0;0.0;0.0;0.0;0.0;0.0;1500.0;0.0;9.5;0.0;188.536223688;0.0;0.0;0.0;0.0;0.0;0.0;0.0;0.0;0.0;1.77777777778;9.43868011695;0.0;71.58;35.6;0.269343780607;0.0;1.0;0.0;0.0;0.0;0.0;0.0;0.0;16.4571005917;0.0;0.0;0.0;1.0;0.0;0.0;1.0;0.0;0.0;0.0;0.0;0.0;0.0;0.0;0.0;0.0;0.0;0.0;0.0;0.0;0.0;0.0;0.0;0.0;Difficult
187.953648287;0.0;0.0;0.0;0.0;0.0;0.0;1.0;0.0;0.0;0.0;0.0;1500.0;0.0;0.0;0.0;0.0;0.0;0.0;0.0;0.0;0.0;0.0;7.85;0.0;0.0;0.0;385.0;0.0;211.0;0.0;0.0;0.0;0.0;0.0;0.0;0.0;0.0;0.0;0.0;0.0;0.0;0.0;0.0;0.0;0.0;0.0;0.0;13.1;0.0;0.0;0.0;0.0;0.0;0.0;0.0;73.0;0.0;0.0;4274;0.0;0.0;0.0;54.0;0.0;0.0;0.0;1677.7215;55.0;0.0;0.0;0.0;0.0;0.0;0.0;0.0;0.0;0.0;0.0;0.0;0.0;0.0;0.0;0.0;0.0;0.0;0.0;0.0;0.0;0.0;0.0;0.0;0.0;103.0;0.0;0.0;0.0;0.0;0.0;0.0;0.0;0.0;0.0;0.0;0.140666666667;0.0;0.0;0.0;0.0;0.0;6.8;0.0;0.0;0.0;0.0;189.641502561;0.0;0.0;0.0;0.0;0.0;0.0;11.8772748443;0.0;38.11;0.0;0.0;0.0;0.0;15.2556060109;0.0;0.0;0.0;0.0;0.0;0.0;0.0;0.0;0.0;0.0;0.0;0.0;0.0;0.0;0.0;0.0;0.0;0.0;0.0;0.0;0.0;1.0;0.0;0.0;89.0;0.0;0.0;0.0;0.0;0.0;1500.0;0.0;6.3;0.0;131.019254894;0.0;0.0;0.0;0.0;0.0;0.0;0.0;0.0;0.0;1.77777777778;15.6737578123;0.0;79.7;12.0;0.256666666667;0.0;0.0;0.0;0.0;0.0;0.0;0.0;1.0;26.8687125939;0.0;0.0;0.0;0.0;0.0;0.0;13.0;0.0;0.0;0.0;0.0;0.0;0.0;0.0;0.0;0.0;0.0;0.0;0.0;0.0;0.0;0.0;0.0;0.0;Easy
200.325732899;0.0;0.0;0.0;0.0;0.0;0.0;0.923076923077;0.0;0.0;0.0;0.0;37.0;0.0;0.0;0.0;0.0;0.0;1.0;0.0;0.0;0.0;0.0;0.2;0.0;0.0;0.0;9.0;0.0;0.0;0.0;0.0;0.0;0.0;0.0;0.0;0.0;0.0;0.0;0.0;0.0;0.0;0.0;0.0;0.0;0.0;0.0;0.0;-1.0;0.0;0.0;0.0;0.0;0.0;0.0;0.0;6.0;0.0;0.0;5840;0.0;0.0;0.0;0.0;0.0;0.0;0.0;0.0;0.0;0.0;0.0;0.0;0.0;0.0;0.0;0.0;0.0;0.0;0.0;0.0;0.0;0.0;0.0;0.0;0.0;0.0;0.0;0.0;0.0;0.0;1.0;0.0;0.0;5.0;0.0;0.0;0.0;0.0;0.0;0.0;0.0;0.0;0.0;0.0;0.0;0.0;0.0;0.0;0.0;0.0;12.2;0.0;0.0;0.0;0.0;201.818181818;0.0;0.0;0.0;0.0;0.0;0.0;50.0844248575;0.0;0.0;0.0;0.0;0.0;0.0;67.9489320691;0.0;0.0;0.0;0.0;0.0;0.0;0.0;0.0;0.0;0.0;0.0;0.0;0.0;0.0;0.0;0.0;0.0;0.0;0.0;0.0;0.0;0.0;0.0;0.0;3.0;0.0;0.0;0.0;0.0;0.0;1500.0;0.0;10.4;0.0;114.178259586;0.0;0.0;0.0;0.0;0.0;0.0;0.0;0.0;0.0;1.77777777778;27.0122455507;0.0;42.07;0.0;0.243243243243;0.0;0.0;0.0;0.0;0.0;0.0;0.0;0.0;0.0;0.0;0.0;0.0;0.0;0.0;1.0;1.0;0.0;0.0;0.0;0.0;0.0;0.0;0.0;0.0;0.0;0.0;0.0;0.0;1.0;0.0;0.0;0.0;0.0;Difficult
185.219831618;0.0;0.0;0.0;0.0;0.0;0.0;1.0;0.0;1.0;0.0;0.0;2083.0;0.0;0.0;0.0;0.0;0.0;0.0;0.0;0.0;0.0;0.0;11.2166666667;0.0;0.0;0.0;661.0;0.0;139.0;0.0;0.0;0.0;0.0;0.0;0.0;0.0;0.0;1.0;0.0;0.0;0.0;0.0;0.0;0.0;0.0;0.0;0.0;12.6;0.0;0.0;0.0;0.0;0.0;0.0;0.0;112.0;0.0;0.0;4405;0.0;0.0;0.0;39.0;0.0;0.0;0.0;0.0;58.0;0.0;0.0;0.0;0.0;0.0;0.0;0.0;0.0;0.0;0.0;0.0;0.0;0.0;0.0;0.0;0.0;0.0;0.0;0.0;0.0;0.0;0.0;0.0;0.0;169.0;0.0;0.0;0.0;0.0;0.0;0.0;0.0;0.0;0.0;0.0;0.0667306769083;0.0;0.0;0.0;0.0;0.0;4.6;0.0;0.0;0.0;0.0;185.149710202;0.0;0.0;0.0;0.0;0.0;0.0;30.492191225;0.0;76.62;0.0;0.0;0.0;0.0;54.9617893419;0.0;1.0;0.0;0.0;0.0;0.0;0.0;0.0;0.0;0.0;0.0;0.0;0.0;0.0;0.0;0.0;0.0;0.0;0.0;0.0;0.0;0.0;0.0;0.0;146.0;0.0;0.0;0.0;0.0;0.0;1500.0;0.0;5.3;0.0;57.4177283884;0.0;0.0;0.0;0.0;0.0;0.0;0.0;0.0;0.0;1.77777777778;17.8472571182;0.0;82.34;5.5;0.317330772924;0.0;0.0;0.0;0.0;0.0;0.0;0.0;0.0;12.3836251058;0.0;0.0;0.0;0.0;0.0;0.0;12.0;0.0;0.0;1.0;0.0;0.0;0.0;0.0;0.0;0.0;0.0;0.0;0.0;0.0;0.0;0.0;0.0;0.0;Intermediate
173.000969315;0.0;0.0;0.0;0.0;0.0;0.0;1.0;0.0;0.0;0.0;0.0;1995.0;0.0;0.0;0.0;0.0;0.0;0.0;0.0;0.0;0.0;0.0;11.5166666667;0.0;0.0;0.0;580.0;0.0;128.0;0.0;0.0;0.0;0.0;0.0;0.0;0.0;0.0;0.0;0.0;0.0;0.0;0.0;1.0;0.0;0.0;0.0;0.0;16.8;0.0;0.0;0.0;0.0;0.0;0.0;0.0;160.0;0.0;0.0;4413;0.0;0.0;0.0;38.0;0.0;0.0;0.0;1677.7215;30.0;0.0;0.0;1.0;0.0;0.0;0.0;0.0;0.0;0.0;0.0;0.0;0.0;0.0;0.0;0.0;0.0;0.0;0.0;0.0;0.0;0.0;0.0;0.0;0.0;179.0;0.0;0.0;0.0;0.0;0.0;0.0;0.0;0.0;0.0;0.0;0.0641604010025;0.0;0.0;0.0;0.0;0.0;7.4;0.0;0.0;0.0;0.0;173.077591098;0.0;0.0;0.0;0.0;0.0;0.0;5.70513738345;0.0;49.86;0.0;0.0;1.0;0.0;6.93859377158;0.0;0.0;0.0;0.0;0.0;0.0;0.0;0.0;0.0;0.0;0.0;0.0;0.0;0.0;0.0;0.0;0.0;0.0;0.0;0.0;0.0;0.0;0.0;0.0;117.0;0.0;0.0;0.0;0.0;0.0;1500.0;0.0;6.4;0.0;190.086937767;0.0;0.0;0.0;0.0;0.0;1.0;0.0;0.0;0.0;1.77777777778;8.90402319993;0.0;79.5;11.6;0.290726817043;0.0;0.0;0.0;0.0;0.0;0.0;0.0;0.0;11.1109503624;0.0;0.0;0.0;0.0;0.0;0.0;6.0;0.0;0.0;0.0;0.0;0.0;0.0;0.0;0.0;0.0;0.0;0.0;0.0;0.0;0.0;0.0;0.0;0.0;Easy
175.538260524;0.0;0.0;0.0;0.0;0.0;0.0;1.0;0.0;0.0;0.0;0.0;2081.0;0.0;0.0;0.0;0.0;0.0;0.0;0.0;1.0;0.0;0.0;11.7333333333;0.0;0.0;0.0;658.0;0.0;124.0;0.0;0.0;0.0;0.0;0.0;0.0;0.0;0.0;0.0;0.0;0.0;0.0;0.0;1.0;0.0;0.0;0.0;0.0;17.1;0.0;0.0;0.0;0.0;0.0;0.0;0.0;132.0;0.0;0.0;4430;0.0;0.0;0.0;34.0;0.0;0.0;0.0;1677.7215;27.0;0.0;0.0;1.0;0.0;0.0;0.0;0.0;0.0;0.0;0.0;0.0;0.0;0.0;0.0;0.0;0.0;0.0;0.0;0.0;0.0;1.0;0.0;0.0;0.0;196.0;0.0;0.0;0.0;0.0;0.0;0.0;0.0;0.0;0.0;0.0;0.0595867371456;0.0;0.0;0.0;0.0;0.0;7.7;0.0;0.0;0.0;0.0;175.562446113;0.0;0.0;0.0;0.0;0.0;0.0;5.73112580658;0.0;56.93;0.0;0.0;0.0;0.0;8.89267697098;0.0;0.0;0.0;0.0;0.0;0.0;0.0;0.0;0.0;0.0;0.0;0.0;0.0;0.0;0.0;0.0;0.0;0.0;0.0;0.0;0.0;0.0;0.0;0.0;120.0;0.0;0.0;0.0;0.0;0.0;1500.0;0.0;6.5;0.0;187.81618523;0.0;0.0;0.0;0.0;0.0;0.0;0.0;0.0;0.0;1.77777777778;12.8492085683;0.0;79.3;13.0;0.316194137434;0.0;0.0;0.0;0.0;0.0;0.0;0.0;0.0;10.5663807306;0.0;0.0;0.0;0.0;0.0;0.0;4.0;0.0;0.0;0.0;1.0;0.0;0.0;0.0;0.0;0.0;0.0;0.0;0.0;0.0;0.0;0.0;0.0;0.0;Intermediate
127.9853731;0.0;0.0;0.0;0.0;0.0;0.0;1.0;0.0;0.0;0.0;0.0;556.0;0.0;0.0;0.0;0.0;0.0;0.0;0.0;0.0;0.0;0.0;4.36666666667;0.0;0.0;0.0;218.0;0.0;419.0;0.0;0.0;0.0;0.0;0.0;0.0;0.0;0.0;0.0;0.0;0.0;0.0;0.0;0.0;0.0;0.0;0.0;0.0;14.8;0.0;0.0;0.0;0.0;0.0;0.0;0.0;61.0;0.0;0.0;4444;0.0;1.0;0.0;90.0;0.0;0.0;0.0;1677.7215;130.0;0.0;0.0;0.0;0.0;0.0;0.0;0.0;0.0;0.0;0.0;0.0;0.0;0.0;0.0;0.0;0.0;0.0;0.0;0.0;0.0;0.0;0.0;0.0;0.0;51.0;0.0;0.0;0.0;0.0;0.0;0.0;0.0;1.0;0.0;0.0;0.753597122302;0.0;0.0;0.0;0.0;0.0;3.2;0.0;0.0;0.0;0.0;134.636613612;0.0;0.0;0.0;0.0;0.0;0.0;59.977606191;0.0;56.29;0.0;0.0;0.0;0.0;51.438634604;0.0;0.0;0.0;0.0;0.0;0.0;0.0;0.0;0.0;0.0;0.0;0.0;0.0;0.0;0.0;0.0;0.0;0.0;0.0;0.0;0.0;0.0;0.0;0.0;51.0;0.0;0.0;1.0;0.0;0.0;1500.0;0.0;4.0;0.0;157.095918841;0.0;0.0;0.0;0.0;0.0;0.0;0.0;0.0;0.0;1.77777777778;34.2267904795;0.0;85.79;11.2;0.392086330935;0.0;0.0;0.0;0.0;0.0;0.0;0.0;0.0;95.7604845161;0.0;0.0;0.0;0.0;0.0;0.0;18.0;0.0;0.0;0.0;0.0;0.0;0.0;0.0;0.0;0.0;0.0;0.0;0.0;0.0;0.0;0.0;0.0;0.0;Difficult
185.364671674;0.0;0.0;0.0;0.0;0.0;0.0;0.994809688581;0.0;0.0;0.0;0.0;1791.0;0.0;0.0;0.0;0.0;0.0;0.0;0.0;0.0;0.0;0.0;9.61666666667;0.0;0.0;0.0;537.0;0.0;171.0;1.0;1.0;0.0;0.0;0.0;0.0;0.0;0.0;0.0;0.0;0.0;0.0;0.0;0.0;0.0;0.0;0.0;0.0;17.9;0.0;0.0;1.0;0.0;0.0;0.0;1.0;74.0;0.0;0.0;4465;0.0;0.0;0.0;32.0;0.0;0.0;0.0;282.9099;46.0;0.0;0.0;0.0;0.0;0.0;0.0;0.0;0.0;0.0;0.0;0.0;0.0;0.0;0.0;0.0;0.0;0.0;0.0;0.0;0.0;0.0;0.0;0.0;0.0;114.0;0.0;0.0;0.0;0.0;0.0;0.0;0.0;0.0;0.0;0.0;0.0954773869347;0.0;0.0;0.0;0.0;0.0;4.2;0.0;0.0;0.0;0.0;199.226161688;0.0;1.0;0.0;0.0;1.0;0.0;52.8424062961;0.0;55.17;0.0;0.0;0.0;0.0;50.0428701134;0.0;0.0;0.0;0.0;0.0;1.0;0.0;0.0;0.0;0.0;0.0;0.0;0.0;0.0;0.0;0.0;0.0;0.0;0.0;0.0;0.0;0.0;0.0;0.0;130.0;0.0;0.0;0.0;0.0;0.0;1500.0;0.0;4.0;0.0;51.3225168405;0.0;0.0;0.0;0.0;1.0;0.0;0.0;0.0;0.0;1.77777777778;37.4178125157;0.0;91.31;11.6;0.299832495812;0.0;0.0;0.0;0.0;0.0;0.0;0.0;0.0;17.7576240091;1.0;0.0;0.0;0.0;1.0;0.0;7.0;0.0;0.0;0.0;0.0;0.0;0.0;0.0;0.0;0.0;0.0;0.0;0.0;0.0;0.0;0.0;0.0;0.0;Intermediate
147.327444228;0.0;0.0;0.0;0.0;0.0;0.0;1.0;0.0;0.0;0.0;0.0;821.0;0.0;0.0;0.0;0.0;0.0;0.0;0.0;0.0;0.0;0.0;5.55;0.0;0.0;0.0;264.0;0.0;96.0;0.0;0.0;0.0;0.0;0.0;0.0;0.0;0.0;0.0;0.0;0.0;0.0;0.0;0.0;0.0;0.0;0.0;0.0;15.7;0.0;0.0;0.0;0.0;0.0;0.0;0.0;111.0;0.0;0.0;2439;0.0;0.0;0.0;31.0;0.0;0.0;0.0;79.266;41.0;0.0;0.0;0.0;0.0;0.0;0.0;0.0;0.0;0.0;1.0;0.0;0.0;0.0;0.0;0.0;0.0;0.0;0.0;0.0;0.0;0.0;0.0;0.0;0.0;163.0;0.0;0.0;0.0;0.0;0.0;0.0;0.0;0.0;0.0;0.0;0.116930572473;0.0;0.0;0.0;0.0;0.0;11.6;0.0;0.0;0.0;0.0;154.152241004;0.0;0.0;0.0;0.0;0.0;0.0;95.9904659373;0.0;60.45;0.0;0.0;0.0;0.0;166.688872342;0.0;0.0;0.0;0.0;0.0;0.0;0.0;0.0;1.0;0.0;0.0;0.0;0.0;0.0;0.0;0.0;0.0;0.0;0.0;1.0;0.0;0.0;0.0;0.0;41.0;0.0;0.0;0.0;0.0;0.0;1500.0;0.0;9.9;0.0;134.820847489;0.0;0.0;0.0;0.0;0.0;0.0;0.0;0.0;0.0;1.77777777778;65.291903127;0.0;59.64;9.6;0.3215590743;0.0;0.0;0.0;0.0;0.0;0.0;0.0;0.0;17.2480910316;0.0;0.0;0.0;1.0;0.0;0.0;5.0;0.0;0.0;0.0;0.0;0.0;0.0;0.0;0.0;0.0;0.0;1.0;0.0;0.0;1.0;0.0;0.0;0.0;Intermediate
191.430594901;0.0;0.0;0.0;0.0;0.0;0.0;1.0;0.0;0.0;0.0;0.0;899.0;0.0;0.0;0.0;0.0;0.0;0.0;0.0;0.0;0.0;0.0;4.7;0.0;0.0;0.0;284.0;0.0;89.0;0.0;0.0;0.0;1.0;0.0;0.0;0.0;0.0;0.0;0.0;0.0;1.0;0.0;0.0;0.0;0.0;0.0;0.0;17.5;0.0;0.0;1.0;0.0;0.0;0.0;0.0;63.0;1.0;0.0;410;0.0;0.0;0.0;20.0;0.0;0.0;0.0;1677.7215;35.0;0.0;0.0;0.0;0.0;0.0;0.0;0.0;0.0;0.0;0.0;0.0;0.0;0.0;0.0;0.0;0.0;0.0;0.0;0.0;0.0;0.0;0.0;0.0;0.0;90.0;0.0;0.0;0.0;0.0;0.0;0.0;0.0;0.0;0.0;0.0;0.0989988876529;0.0;0.0;0.0;0.0;0.0;6.6;0.0;0.0;0.0;0.0;199.790083671;0.0;0.0;0.0;0.0;0.0;0.0;29.6890002127;0.0;66.71;0.0;0.0;0.0;0.0;25.2239302502;0.0;0.0;0.0;0.0;0.0;0.0;0.0;0.0;0.0;0.0;0.0;0.0;0.0;0.0;0.0;0.0;0.0;0.0;0.0;0.0;0.0;0.0;0.0;0.0;60.0;0.0;0.0;0.0;0.0;0.0;1500.0;0.0;5.6;0.0;207.807172334;0.0;0.0;0.0;0.0;0.0;0.0;0.0;0.0;0.0;1.77777777778;18.3202076824;0.0;81.63;11.3;0.315906562848;0.0;0.0;0.0;0.0;0.0;0.0;0.0;0.0;18.9093484419;0.0;0.0;0.0;0.0;0.0;0.0;3.0;0.0;0.0;0.0;0.0;0.0;0.0;0.0;0.0;0.0;0.0;0.0;0.0;0.0;0.0;0.0;0.0;0.0;Difficult
184.669870984;0.0;0.0;0.0;0.0;0.0;0.0;1.0;0.0;0.0;0.0;0.0;1462.0;0.0;0.0;0.0;0.0;0.0;0.0;0.0;0.0;0.0;0.0;7.9;0.0;0.0;0.0;465.0;0.0;183.0;0.0;0.0;0.0;1.0;0.0;0.0;0.0;0.0;0.0;0.0;0.0;0.0;0.0;0.0;0.0;0.0;0.0;0.0;17.3;0.0;0.0;0.0;0.0;0.0;0.0;0.0;132.0;0.0;0.0;411;0.0;1.0;0.0;45.0;0.0;0.0;0.0;1677.7215;63.0;0.0;0.0;0.0;0.0;0.0;0.0;0.0;0.0;0.0;0.0;0.0;0.0;0.0;0.0;0.0;0.0;0.0;0.0;0.0;0.0;0.0;0.0;0.0;0.0;164.0;0.0;0.0;0.0;0.0;0.0;0.0;0.0;0.0;0.0;0.0;0.125170998632;0.0;0.0;0.0;0.0;0.0;5.6;0.0;0.0;0.0;0.0;190.50228668;0.0;0.0;0.0;0.0;0.0;0.0;44.2771868596;0.0;57.44;0.0;1.0;0.0;0.0;44.0716190857;0.0;0.0;0.0;0.0;0.0;0.0;0.0;0.0;0.0;0.0;0.0;0.0;0.0;0.0;0.0;0.0;0.0;0.0;0.0;0.0;0.0;0.0;0.0;0.0;104.0;0.0;0.0;0.0;0.0;0.0;1500.0;0.0;5.2;0.0;206.185766234;0.0;0.0;0.0;0.0;0.0;0.0;0.0;0.0;0.0;1.77777777778;41.8524002554;0.0;82.54;12.8;0.31805745554;0.0;0.0;0.0;0.0;0.0;0.0;0.0;0.0;23.1469769795;0.0;0.0;0.0;0.0;0.0;0.0;6.0;0.0;0.0;0.0;0.0;0.0;0.0;0.0;0.0;0.0;0.0;0.0;0.0;0.0;0.0;0.0;0.0;0.0;Intermediate
194.17405984;0.0;0.0;0.0;0.0;0.0;0.0;1.0;0.0;0.0;0.0;0.0;903.0;0.0;0.0;0.0;0.0;0.0;0.0;0.0;0.0;0.0;0.0;4.63333333333;0.0;0.0;0.0;255.0;0.0;95.0;0.0;0.0;0.0;0.0;0.0;0.0;0.0;0.0;0.0;0.0;0.0;0.0;0.0;0.0;0.0;0.0;0.0;0.0;11.5;0.0;0.0;0.0;0.0;0.0;0.0;0.0;55.0;0.0;0.0;412;0.0;0.0;0.0;20.0;0.0;0.0;0.0;1677.7215;36.0;0.0;0.0;0.0;0.0;0.0;0.0;0.0;0.0;0.0;0.0;0.0;0.0;0.0;0.0;0.0;0.0;0.0;0.0;0.0;0.0;0.0;0.0;0.0;0.0;83.0;0.0;0.0;0.0;0.0;0.0;0.0;0.0;0.0;0.0;0.0;0.105204872647;0.0;0.0;0.0;0.0;0.0;5.2;0.0;0.0;0.0;0.0;205.520072993;0.0;0.0;0.0;0.0;0.0;0.0;28.4347524572;0.0;81.16;0.0;1.0;0.0;0.0;28.0042061803;0.0;0.0;0.0;0.0;0.0;0.0;0.0;0.0;1.0;0.0;0.0;0.0;0.0;0.0;0.0;0.0;0.0;0.0;0.0;0.0;1.0;0.0;0.0;0.0;63.0;0.0;0.0;0.0;0.0;0.0;1500.0;0.0;5.3;0.0;203.813653591;0.0;0.0;0.0;0.0;0.0;0.0;0.0;0.0;0.0;1.77777777778;23.2621601061;0.0;82.34;7.9;0.282392026578;0.0;0.0;0.0;0.0;0.0;0.0;0.0;0.0;20.4734025358;0.0;0.0;0.0;0.0;0.0;0.0;4.0;0.0;0.0;0.0;0.0;0.0;0.0;0.0;0.0;0.0;0.0;1.0;0.0;0.0;0.0;0.0;0.0;0.0;Difficult
129.836430193;0.0;0.0;0.0;0.0;0.0;0.0;0.997685185185;0.0;0.0;0.0;0.0;933.0;0.0;0.0;0.0;0.0;0.0;0.0;0.0;0.0;0.0;0.0;7.18333333333;0.0;0.0;0.0;297.0;0.0;88.0;0.0;0.0;0.0;0.0;0.0;0.0;0.0;0.0;0.0;0.0;0.0;0.0;0.0;0.0;0.0;0.0;0.0;0.0;29.4;0.0;0.0;0.0;0.0;0.0;0.0;0.0;107.0;0.0;0.0;4605;0.0;0.0;0.0;27.0;0.0;0.0;0.0;1664.5629;38.0;0.0;0.0;0.0;0.0;0.0;0.0;0.0;0.0;0.0;0.0;0.0;0.0;0.0;0.0;0.0;0.0;0.0;0.0;0.0;0.0;0.0;0.0;0.0;0.0;112.0;0.0;0.0;0.0;0.0;0.0;0.0;0.0;0.0;0.0;0.0;0.0943193997856;0.0;0.0;0.0;0.0;0.0;9.3;0.0;0.0;0.0;0.0;140.759458061;0.0;0.0;0.0;0.0;0.0;0.0;20.1735211352;0.0;26.82;0.0;0.0;0.0;0.0;25.9508627508;0.0;0.0;0.0;0.0;0.0;0.0;0.0;0.0;0.0;0.0;0.0;0.0;0.0;0.0;0.0;0.0;0.0;0.0;0.0;0.0;0.0;0.0;0.0;0.0;47.0;0.0;0.0;0.0;0.0;0.0;1500.0;0.0;8.7;0.0;169.128046969;0.0;0.0;0.0;0.0;0.0;0.0;0.0;0.0;0.0;1.77777777778;19.4609607002;0.0;68.2;20.5;0.318327974277;0.0;0.0;0.0;0.0;0.0;0.0;0.0;0.0;12.2329827163;0.0;0.0;0.0;0.0;0.0;0.0;2.0;0.0;0.0;0.0;0.0;0.0;0.0;0.0;0.0;0.0;0.0;0.0;0.0;0.0;1.0;0.0;0.0;0.0;VeryDifficult
183.683642104;0.0;0.0;0.0;0.0;0.0;0.0;1.0;0.0;1.0;0.0;0.0;735.0;0.0;0.0;0.0;0.0;0.0;0.0;0.0;0.0;0.0;0.0;4.0;0.0;0.0;0.0;188.0;0.0;69.0;0.0;0.0;0.0;0.0;0.0;0.0;0.0;0.0;0.0;0.0;0.0;0.0;0.0;0.0;1.0;0.0;0.0;0.0;11.6;0.0;0.0;0.0;0.0;0.0;0.0;0.0;50.0;0.0;0.0;1520;0.0;0.0;0.0;17.0;0.0;0.0;0.0;1658.0088;29.0;0.0;0.0;0.0;0.0;0.0;0.0;0.0;0.0;0.0;0.0;0.0;0.0;0.0;0.0;0.0;0.0;0.0;0.0;0.0;0.0;0.0;0.0;0.0;0.0;61.0;0.0;0.0;0.0;0.0;0.0;0.0;0.0;0.0;0.0;0.0;0.0938775510204;0.0;0.0;0.0;0.0;0.0;11.9;0.0;0.0;0.0;0.0;185.590438515;0.0;0.0;0.0;0.0;0.0;0.0;50.7510795354;0.0;74.39;0.0;0.0;0.0;0.0;42.1094643625;0.0;0.0;0.0;0.0;0.0;0.0;0.0;0.0;0.0;0.0;0.0;0.0;0.0;0.0;0.0;0.0;0.0;0.0;0.0;0.0;0.0;0.0;0.0;0.0;28.0;0.0;0.0;0.0;0.0;0.0;1404.0;0.0;10.0;0.0;190.549175274;0.0;0.0;0.0;0.0;0.0;0.0;0.0;0.0;0.0;1.6;47.6283272087;0.0;70.16;6.3;0.255782312925;1.0;0.0;0.0;0.0;0.0;0.0;0.0;0.0;17.1969759907;0.0;0.0;0.0;0.0;0.0;0.0;5.0;0.0;0.0;0.0;0.0;0.0;0.0;0.0;0.0;0.0;0.0;0.0;0.0;0.0;0.0;0.0;0.0;0.0;Difficult
139.555446396;0.0;0.0;0.0;0.0;0.0;0.0;1.0;0.0;0.0;0.0;0.0;948.0;0.0;0.0;0.0;0.0;0.0;0.0;0.0;0.0;0.0;0.0;6.78333333333;0.0;0.0;0.0;277.0;0.0;218.0;0.0;0.0;0.0;0.0;0.0;0.0;0.0;0.0;0.0;0.0;0.0;0.0;0.0;0.0;0.0;0.0;0.0;0.0;14.0;0.0;0.0;0.0;0.0;0.0;0.0;0.0;91.0;1.0;0.0;4704;0.0;1.0;0.0;57.0;0.0;0.0;0.0;1664.5629;66.0;0.0;0.0;0.0;0.0;0.0;0.0;0.0;0.0;0.0;0.0;0.0;0.0;0.0;0.0;0.0;0.0;0.0;0.0;0.0;0.0;0.0;0.0;0.0;0.0;95.0;0.0;0.0;0.0;0.0;0.0;0.0;0.0;0.0;0.0;0.0;0.229957805907;0.0;0.0;0.0;0.0;0.0;9.5;0.0;0.0;0.0;0.0;154.75541998;0.0;0.0;0.0;0.0;0.0;0.0;14.8750101308;0.0;63.83;0.0;0.0;0.0;0.0;15.9473476493;0.0;0.0;0.0;0.0;0.0;0.0;0.0;0.0;0.0;0.0;0.0;0.0;0.0;0.0;0.0;0.0;0.0;0.0;0.0;0.0;0.0;0.0;0.0;0.0;48.0;0.0;0.0;0.0;0.0;0.0;1500.0;0.0;8.7;1.0;230.840957899;0.0;1.0;0.0;0.0;0.0;0.0;0.0;0.0;0.0;1.77777777778;20.7737684564;0.0;68.3;10.4;0.292194092827;0.0;0.0;0.0;0.0;0.0;0.0;0.0;0.0;32.1257521798;0.0;0.0;0.0;0.0;0.0;0.0;9.0;0.0;0.0;0.0;0.0;0.0;0.0;0.0;0.0;0.0;0.0;0.0;0.0;0.0;0.0;0.0;0.0;0.0;VeryDifficult
138.764673002;0.0;0.0;0.0;0.0;0.0;0.0;0.995495495495;0.0;0.0;0.0;0.0;998.0;0.0;0.0;0.0;0.0;0.0;0.0;0.0;0.0;0.0;0.0;7.15;0.0;0.0;0.0;285.0;0.0;223.0;0.0;0.0;0.0;0.0;0.0;0.0;0.0;0.0;0.0;0.0;0.0;0.0;0.0;0.0;0.0;0.0;0.0;0.0;22.9;0.0;0.0;0.0;0.0;0.0;0.0;0.0;78.0;0.0;0.0;4706;0.0;0.0;0.0;70.0;0.0;0.0;0.0;1664.5629;77.0;0.0;0.0;0.0;0.0;0.0;0.0;0.0;0.0;0.0;0.0;0.0;0.0;0.0;0.0;0.0;0.0;0.0;0.0;0.0;0.0;0.0;0.0;0.0;0.0;108.0;0.0;0.0;0.0;0.0;0.0;0.0;0.0;0.0;0.0;0.0;0.223446893788;0.0;0.0;0.0;0.0;0.0;6.7;0.0;0.0;0.0;0.0;156.609784563;0.0;0.0;0.0;0.0;0.0;0.0;16.5601203808;0.0;24.34;0.0;0.0;0.0;0.0;11.8546893812;0.0;0.0;0.0;0.0;0.0;0.0;0.0;0.0;0.0;0.0;0.0;0.0;0.0;0.0;0.0;0.0;0.0;0.0;0.0;0.0;0.0;0.0;0.0;0.0;63.0;0.0;0.0;0.0;0.0;0.0;1500.0;0.0;5.9;0.0;228.98069819;0.0;0.0;0.0;0.0;0.0;0.0;0.0;0.0;0.0;1.77777777778;17.3424434907;0.0;80.82;13.1;0.285571142285;0.0;0.0;0.0;0.0;0.0;0.0;0.0;0.0;31.1626607043;0.0;0.0;0.0;0.0;0.0;0.0;17.0;0.0;0.0;0.0;0.0;0.0;0.0;0.0;0.0;0.0;0.0;0.0;0.0;0.0;0.0;0.0;0.0;0.0;Intermediate
151.442307692;0.0;0.0;0.0;0.0;0.0;0.0;0.998529411765;0.0;1.0;0.0;0.0;1663.0;0.0;0.0;0.0;0.0;0.0;0.0;0.0;0.0;0.0;0.0;10.95;0.0;0.0;0.0;449.0;0.0;270.0;0.0;0.0;0.0;0.0;0.0;0.0;0.0;0.0;1.0;0.0;0.0;0.0;0.0;0.0;0.0;0.0;0.0;0.0;9.8;0.0;0.0;0.0;0.0;0.0;0.0;0.0;91.0;0.0;0.0;4714;0.0;0.0;0.0;59.0;0.0;0.0;0.0;1664.5629;80.0;0.0;0.0;0.0;0.0;0.0;0.0;0.0;0.0;0.0;0.0;0.0;0.0;0.0;0.0;0.0;0.0;0.0;0.0;0.0;0.0;0.0;0.0;0.0;0.0;131.0;0.0;0.0;0.0;0.0;0.0;0.0;0.0;0.0;0.0;0.0;0.162357185809;0.0;0.0;0.0;0.0;0.0;5.3;0.0;0.0;0.0;0.0;163.416343933;0.0;0.0;0.0;0.0;0.0;0.0;46.3466868561;0.0;69.79;0.0;0.0;0.0;0.0;64.6120303905;1.0;0.0;0.0;0.0;0.0;0.0;0.0;0.0;0.0;0.0;0.0;0.0;0.0;0.0;0.0;0.0;0.0;0.0;0.0;0.0;0.0;0.0;0.0;0.0;120.0;0.0;0.0;0.0;0.0;0.0;1500.0;0.0;5.2;0.0;177.10938292;0.0;0.0;0.0;0.0;0.0;0.0;0.0;0.0;0.0;1.77777777778;24.6034498398;0.0;82.75;6.0;0.269993986771;0.0;0.0;0.0;0.0;0.0;0.0;0.0;0.0;24.647030185;0.0;0.0;0.0;0.0;0.0;0.0;27.0;0.0;0.0;1.0;0.0;0.0;0.0;0.0;0.0;0.0;0.0;0.0;0.0;0.0;0.0;0.0;0.0;0.0;Difficult
141.333663244;0.0;0.0;0.0;0.0;0.0;0.0;0.998803827751;0.0;0.0;0.0;0.0;1916.0;0.0;0.0;0.0;0.0;0.0;0.0;0.0;1.0;1.0;0.0;13.4666666667;0.0;0.0;0.0;551.0;0.0;146.0;0.0;0.0;0.0;0.0;0.0;0.0;0.0;0.0;0.0;0.0;0.0;0.0;0.0;0.0;0.0;0.0;0.0;0.0;8.7;0.0;0.0;0.0;0.0;0.0;1.0;0.0;168.0;0.0;0.0;4717;0.0;0.0;0.0;30.0;0.0;0.0;0.0;1664.5629;39.0;0.0;0.0;0.0;0.0;0.0;0.0;0.0;0.0;0.0;0.0;1.0;0.0;0.0;0.0;0.0;0.0;0.0;0.0;0.0;0.0;0.0;0.0;0.0;0.0;160.0;0.0;0.0;0.0;0.0;0.0;0.0;0.0;0.0;0.0;0.0;0.0762004175365;0.0;0.0;0.0;0.0;0.0;8.2;0.0;0.0;0.0;0.0;151.012915753;0.0;0.0;0.0;0.0;0.0;0.0;46.861522053;0.0;84.47;0.0;0.0;0.0;0.0;66.2699521185;0.0;0.0;0.0;0.0;0.0;0.0;0.0;0.0;0.0;0.0;0.0;0.0;0.0;0.0;0.0;0.0;0.0;0.0;0.0;0.0;0.0;0.0;0.0;0.0;105.0;0.0;0.0;0.0;0.0;0.0;1500.0;0.0;6.8;0.0;176.344174113;0.0;0.0;1.0;0.0;0.0;0.0;0.0;0.0;0.0;1.77777777778;23.9037709231;0.0;78.38;4.5;0.2875782881;0.0;0.0;0.0;1.0;0.0;0.0;0.0;0.0;10.8375603118;0.0;0.0;0.0;0.0;0.0;0.0;12.0;0.0;0.0;0.0;1.0;0.0;0.0;0.0;0.0;0.0;0.0;0.0;0.0;0.0;0.0;0.0;0.0;0.0;VeryDifficult
105.637583893;0.0;0.0;0.0;0.0;0.0;0.0;1.0;0.0;0.0;0.0;0.0;790.0;0.0;0.0;0.0;0.0;0.0;0.0;0.0;0.0;0.0;0.0;7.45;0.0;0.0;0.0;289.0;0.0;405.0;0.0;0.0;0.0;0.0;0.0;0.0;0.0;0.0;0.0;0.0;0.0;0.0;0.0;0.0;0.0;0.0;0.0;0.0;29.3;0.0;0.0;0.0;0.0;0.0;0.0;0.0;76.0;0.0;0.0;718;0.0;0.0;0.0;33.0;1.0;0.0;0.0;1677.7215;128.0;0.0;0.0;0.0;0.0;0.0;0.0;0.0;0.0;0.0;1.0;1.0;0.0;0.0;0.0;0.0;0.0;0.0;0.0;1.0;0.0;0.0;0.0;0.0;0.0;115.0;1.0;1.0;0.0;0.0;0.0;0.0;0.0;0.0;0.0;0.0;0.512658227848;0.0;1.0;0.0;1.0;0.0;6.0;0.0;0.0;0.0;0.0;125.565403301;0.0;0.0;0.0;0.0;0.0;0.0;18.9025229185;0.0;28.58;0.0;0.0;0.0;0.0;15.2042086999;0.0;0.0;0.0;0.0;0.0;0.0;0.0;0.0;0.0;1.0;0.0;0.0;0.0;0.0;0.0;0.0;0.0;0.0;0.0;0.0;0.0;0.0;0.0;0.0;60.0;0.0;1.0;1.0;0.0;0.0;1500.0;0.0;6.1;0.0;216.402346614;0.0;0.0;0.0;0.0;0.0;1.0;0.0;0.0;0.0;1.77777777778;20.4590134427;0.0;75.0;21.8;0.36582278481;0.0;0.0;0.0;0.0;1.0;0.0;0.0;0.0;54.3624161074;0.0;0.0;0.0;0.0;0.0;0.0;8.0;0.0;1.0;0.0;0.0;0.0;0.0;0.0;0.0;0.0;0.0;0.0;0.0;0.0;0.0;1.0;0.0;0.0;Difficult
85.7731958763;0.0;0.0;0.0;0.0;0.0;0.0;1.0;0.0;0.0;0.0;0.0;105.0;0.0;0.0;0.0;0.0;1.0;1.0;0.0;0.0;0.0;0.0;1.2;1.0;0.0;0.0;42.0;0.0;70.0;0.0;0.0;0.0;0.0;0.0;0.0;0.0;0.0;0.0;0.0;0.0;0.0;0.0;0.0;0.0;0.0;0.0;0.0;14.8;1.0;0.0;0.0;0.0;0.0;0.0;0.0;8.0;0.0;0.0;782;0.0;0.0;0.0;22.0;0.0;0.0;0.0;1677.7215;31.0;0.0;0.0;1.0;0.0;0.0;0.0;0.0;0.0;0.0;0.0;0.0;0.0;0.0;0.0;0.0;0.0;0.0;0.0;0.0;0.0;0.0;1.0;0.0;0.0;33.0;0.0;0.0;0.0;0.0;0.0;0.0;0.0;0.0;0.0;0.0;0.666666666667;0.0;0.0;0.0;0.0;0.0;12.9;0.0;0.0;0.0;0.0;99.5024875622;0.0;0.0;0.0;0.0;0.0;0.0;8.55903287777;0.0;31.89;0.0;0.0;0.0;0.0;6.85539018899;0.0;0.0;0.0;0.0;0.0;0.0;0.0;0.0;0.0;0.0;0.0;0.0;0.0;0.0;0.0;0.0;0.0;0.0;0.0;0.0;0.0;0.0;0.0;0.0;5.0;0.0;0.0;0.0;0.0;0.0;1500.0;0.0;11.5;0.0;237.370101128;0.0;0.0;0.0;0.0;0.0;0.0;0.0;0.0;0.0;1.77777777778;10.8626566351;0.0;50.16;12.3;0.4;0.0;0.0;0.0;0.0;0.0;0.0;0.0;0.0;57.7319587629;0.0;0.0;0.0;0.0;0.0;1.0;5.0;0.0;0.0;0.0;0.0;0.0;0.0;0.0;0.0;0.0;0.0;0.0;0.0;1.0;0.0;0.0;0.0;0.0;Difficult
122.222418016;0.0;0.0;0.0;0.0;0.0;0.0;1.0;0.0;0.0;0.0;0.0;2311.0;0.0;0.0;0.0;0.0;0.0;0.0;0.0;0.0;0.0;0.0;18.9;0.0;0.0;0.0;711.0;0.0;877.0;0.0;0.0;0.0;0.0;0.0;0.0;0.0;0.0;0.0;0.0;0.0;0.0;0.0;0.0;0.0;1.0;0.0;0.0;20.0;0.0;0.0;0.0;0.0;0.0;0.0;0.0;166.0;0.0;0.0;807;0.0;0.0;0.0;91.0;0.0;0.0;0.0;1677.7215;265.0;0.0;0.0;0.0;0.0;0.0;0.0;0.0;0.0;0.0;1.0;0.0;0.0;0.0;0.0;0.0;0.0;0.0;0.0;0.0;0.0;0.0;0.0;0.0;0.0;274.0;0.0;0.0;0.0;0.0;0.0;0.0;0.0;0.0;0.0;0.0;0.379489398529;0.0;0.0;0.0;0.0;0.0;7.8;0.0;0.0;0.0;0.0;136.842479892;0.0;0.0;0.0;0.0;0.0;0.0;19.8581008059;0.0;46.95;0.0;0.0;0.0;0.0;17.6059980608;0.0;0.0;0.0;0.0;0.0;0.0;0.0;0.0;0.0;0.0;0.0;0.0;0.0;0.0;0.0;0.0;0.0;0.0;0.0;0.0;1.0;0.0;0.0;0.0;134.0;0.0;0.0;0.0;0.0;0.0;1500.0;0.0;7.6;0.0;214.751929677;0.0;0.0;0.0;0.0;0.0;0.0;0.0;0.0;0.0;1.77777777778;17.4029100823;0.0;70.94;14.8;0.307659022068;0.0;0.0;0.0;0.0;0.0;0.0;0.0;1.0;46.3620504326;0.0;0.0;0.0;0.0;0.0;0.0;27.0;0.0;0.0;0.0;0.0;0.0;0.0;0.0;0.0;0.0;0.0;0.0;0.0;0.0;0.0;0.0;0.0;0.0;Difficult
162.993920973;0.0;0.0;0.0;0.0;0.0;0.0;1.0;0.0;0.0;0.0;0.0;1151.0;0.0;0.0;0.0;0.0;0.0;0.0;0.0;1.0;0.0;0.0;7.01666666667;0.0;0.0;0.0;364.0;0.0;137.0;0.0;0.0;0.0;0.0;0.0;0.0;0.0;0.0;0.0;0.0;0.0;0.0;0.0;0.0;0.0;0.0;0.0;0.0;11.8;0.0;0.0;0.0;0.0;0.0;0.0;0.0;84.0;0.0;0.0;5264;0.0;0.0;0.0;35.0;0.0;0.0;0.0;1677.7215;40.0;0.0;0.0;0.0;0.0;0.0;0.0;0.0;0.0;0.0;0.0;0.0;0.0;0.0;0.0;0.0;0.0;0.0;0.0;0.0;0.0;0.0;0.0;0.0;0.0;101.0;0.0;0.0;0.0;0.0;0.0;0.0;0.0;0.0;0.0;0.0;0.119026933102;0.0;0.0;0.0;0.0;0.0;7.5;0.0;0.0;0.0;0.0;163.040380048;0.0;0.0;0.0;0.0;0.0;0.0;19.949390429;0.0;64.51;0.0;0.0;0.0;0.0;8.27874689138;0.0;0.0;0.0;0.0;0.0;0.0;0.0;0.0;0.0;0.0;0.0;0.0;0.0;0.0;0.0;0.0;0.0;0.0;0.0;0.0;0.0;0.0;0.0;0.0;65.0;0.0;0.0;0.0;0.0;0.0;1404.0;0.0;6.7;0.0;203.747989647;0.0;0.0;0.0;0.0;0.0;0.0;0.0;0.0;0.0;1.6;9.82205719238;0.0;78.89;8.0;0.316246741964;0.0;0.0;0.0;0.0;0.0;0.0;0.0;0.0;19.5193768997;0.0;0.0;0.0;0.0;0.0;0.0;9.0;0.0;0.0;0.0;0.0;0.0;0.0;0.0;0.0;0.0;0.0;0.0;0.0;0.0;0.0;0.0;0.0;0.0;Difficult
164.494963497;0.0;0.0;0.0;0.0;0.0;0.0;0.996923076923;0.0;0.0;0.0;0.0;879.0;0.0;0.0;0.0;0.0;0.0;0.0;0.0;0.0;0.0;0.0;5.4;0.0;0.0;0.0;317.0;0.0;836.0;0.0;0.0;0.0;0.0;0.0;0.0;0.0;0.0;0.0;0.0;0.0;0.0;0.0;0.0;0.0;0.0;0.0;0.0;6.3;0.0;0.0;0.0;0.0;0.0;0.0;0.0;37.0;0.0;0.0;896;0.0;0.0;0.0;23.0;0.0;0.0;0.0;1638.0915;285.0;0.0;1.0;0.0;0.0;0.0;0.0;0.0;0.0;0.0;0.0;0.0;0.0;0.0;0.0;1.0;0.0;0.0;0.0;1.0;0.0;0.0;0.0;0.0;0.0;80.0;0.0;0.0;0.0;0.0;0.0;0.0;0.0;0.0;0.0;0.0;0.951080773606;0.0;0.0;0.0;0.0;0.0;5.2;0.0;0.0;0.0;0.0;165.843144684;0.0;0.0;0.0;0.0;0.0;0.0;94.2266174858;0.0;115.61;0.0;0.0;0.0;0.0;44.2221685363;0.0;0.0;0.0;0.0;0.0;0.0;0.0;0.0;0.0;1.0;0.0;0.0;0.0;0.0;0.0;0.0;0.0;0.0;0.0;0.0;0.0;0.0;0.0;0.0;57.0;0.0;0.0;0.0;0.0;0.0;1500.0;0.0;6.9;0.0;126.01492408;0.0;0.0;0.0;0.0;0.0;0.0;0.0;0.0;0.0;1.77777777778;22.034731185;0.0;72.76;2.9;0.3606370876;0.0;0.0;0.0;0.0;0.0;0.0;0.0;0.0;154.514370206;0.0;0.0;0.0;0.0;0.0;0.0;36.0;0.0;0.0;0.0;1.0;0.0;0.0;0.0;0.0;0.0;0.0;0.0;0.0;0.0;0.0;1.0;0.0;0.0;Difficult
140.77540107;0.0;0.0;0.0;0.0;0.0;0.0;0.996774193548;0.0;0.0;0.0;0.0;691.0;0.0;0.0;0.0;0.0;0.0;0.0;0.0;0.0;0.0;0.0;4.98333333333;0.0;0.0;0.0;287.0;0.0;1265.0;0.0;0.0;0.0;0.0;0.0;0.0;0.0;0.0;0.0;0.0;0.0;0.0;0.0;0.0;0.0;0.0;0.0;0.0;6.0;0.0;0.0;0.0;0.0;0.0;0.0;0.0;12.0;0.0;0.0;903;0.0;0.0;0.0;47.0;0.0;0.0;0.0;1677.7215;458.0;0.0;0.0;0.0;0.0;1.0;0.0;0.0;0.0;0.0;1.0;0.0;0.0;0.0;0.0;0.0;0.0;0.0;0.0;1.0;0.0;0.0;0.0;0.0;0.0;37.0;0.0;0.0;0.0;0.0;0.0;0.0;0.0;0.0;0.0;0.0;1.83068017366;0.0;0.0;0.0;0.0;0.0;1.3;0.0;0.0;0.0;0.0;141.211645752;0.0;1.0;0.0;0.0;0.0;0.0;81.5042946784;0.0;97.98;0.0;0.0;0.0;0.0;15.9662268767;0.0;0.0;0.0;0.0;0.0;0.0;0.0;0.0;0.0;1.0;0.0;0.0;0.0;0.0;0.0;0.0;0.0;0.0;0.0;0.0;0.0;0.0;0.0;0.0;66.0;0.0;0.0;0.0;0.0;0.0;1500.0;0.0;2.7;0.0;125.791739316;0.0;0.0;0.0;0.0;0.0;0.0;0.0;0.0;0.0;1.77777777778;14.5798631492;0.0;94.66;5.5;0.415340086831;0.0;0.0;0.0;0.0;0.0;0.0;0.0;0.0;253.676470588;1.0;0.0;0.0;0.0;0.0;0.0;53.0;0.0;0.0;0.0;0.0;0.0;0.0;0.0;0.0;0.0;0.0;0.0;0.0;0.0;0.0;0.0;0.0;0.0;Difficult
170.603142423;0.0;1.0;0.0;0.0;0.0;0.0;0.994936708861;0.0;0.0;0.0;0.0;1145.0;0.0;0.0;0.0;0.0;0.0;0.0;0.0;0.0;0.0;0.0;6.56666666667;0.0;0.0;0.0;414.0;0.0;233.0;0.0;0.0;0.0;0.0;0.0;0.0;0.0;0.0;0.0;0.0;0.0;0.0;0.0;0.0;0.0;0.0;0.0;0.0;15.2;0.0;0.0;0.0;0.0;0.0;0.0;0.0;72.0;0.0;0.0;905;0.0;0.0;0.0;8.0;0.0;0.0;0.0;1638.0915;24.0;0.0;0.0;0.0;0.0;0.0;0.0;0.0;0.0;0.0;0.0;0.0;0.0;0.0;0.0;0.0;0.0;0.0;0.0;0.0;0.0;0.0;0.0;0.0;0.0;101.0;0.0;1.0;0.0;0.0;0.0;0.0;0.0;0.0;0.0;0.0;0.203493449782;0.0;0.0;0.0;0.0;0.0;6.6;0.0;0.0;0.0;0.0;171.271125856;0.0;0.0;0.0;0.0;0.0;0.0;44.1893123291;0.0;65.93;0.0;0.0;0.0;0.0;73.4374458949;0.0;0.0;0.0;0.0;0.0;0.0;0.0;0.0;0.0;0.0;0.0;0.0;0.0;0.0;0.0;0.0;1.0;0.0;0.0;0.0;0.0;0.0;0.0;0.0;69.0;0.0;0.0;0.0;0.0;0.0;1500.0;0.0;7.4;0.0;162.898337279;0.0;0.0;0.0;0.0;0.0;0.0;0.0;0.0;0.0;1.77777777778;36.4298488457;0.0;71.55;13.7;0.361572052402;0.0;0.0;0.0;0.0;0.0;0.0;0.0;0.0;35.4282818044;0.0;0.0;0.0;0.0;0.0;0.0;6.0;0.0;0.0;0.0;0.0;0.0;0.0;0.0;0.0;0.0;0.0;0.0;0.0;0.0;0.0;0.0;0.0;0.0;Difficult
131.342240852;0.0;0.0;0.0;0.0;0.0;0.0;0.997093023256;0.0;0.0;0.0;0.0;773.0;0.0;0.0;0.0;0.0;0.0;0.0;0.0;0.0;0.0;0.0;5.71666666667;1.0;0.0;0.0;302.0;0.0;136.0;0.0;0.0;0.0;0.0;0.0;0.0;0.0;0.0;0.0;0.0;0.0;0.0;0.0;0.0;0.0;0.0;0.0;0.0;4.3;0.0;0.0;0.0;0.0;0.0;0.0;0.0;29.0;0.0;0.0;909;0.0;0.0;0.0;6.0;0.0;0.0;0.0;1638.0915;25.0;0.0;0.0;0.0;0.0;0.0;0.0;0.0;0.0;0.0;1.0;0.0;0.0;0.0;0.0;0.0;0.0;0.0;0.0;1.0;0.0;0.0;0.0;0.0;0.0;61.0;0.0;0.0;0.0;0.0;0.0;0.0;0.0;0.0;0.0;0.0;0.175937904269;0.0;0.0;0.0;0.0;0.0;3.6;0.0;0.0;0.0;0.0;133.076539656;0.0;0.0;0.0;0.0;0.0;0.0;39.527994001;0.0;70.7;0.0;0.0;0.0;0.0;94.1306278487;0.0;0.0;0.0;0.0;0.0;0.0;0.0;0.0;0.0;0.0;0.0;0.0;0.0;0.0;0.0;0.0;0.0;0.0;0.0;0.0;0.0;0.0;0.0;0.0;73.0;0.0;0.0;0.0;0.0;0.0;1500.0;0.0;3.9;0.0;134.803767911;0.0;0.0;0.0;0.0;0.0;0.0;0.0;0.0;0.0;1.77777777778;33.5075493503;0.0;86.1;5.7;0.390685640362;0.0;0.0;0.0;0.0;0.0;0.0;0.0;0.0;23.7533839839;0.0;0.0;0.0;0.0;0.0;0.0;15.0;0.0;0.0;0.0;0.0;0.0;0.0;0.0;0.0;0.0;0.0;0.0;0.0;0.0;0.0;0.0;0.0;0.0;VeryEasy
147.548748717;0.0;0.0;0.0;0.0;0.0;0.0;0.996062992126;0.0;0.0;0.0;0.0;646.0;0.0;0.0;0.0;0.0;0.0;0.0;0.0;0.0;0.0;0.0;4.21666666667;0.0;0.0;0.0;229.0;0.0;201.0;0.0;0.0;0.0;0.0;0.0;0.0;0.0;0.0;0.0;0.0;0.0;0.0;0.0;0.0;0.0;0.0;0.0;0.0;13.9;0.0;0.0;0.0;0.0;0.0;0.0;0.0;52.0;0.0;0.0;910;0.0;0.0;0.0;18.0;0.0;0.0;0.0;1638.0915;67.0;0.0;0.0;0.0;0.0;0.0;0.0;0.0;0.0;0.0;0.0;0.0;0.0;0.0;0.0;0.0;0.0;0.0;0.0;1.0;0.0;0.0;0.0;0.0;0.0;56.0;0.0;0.0;0.0;0.0;0.0;0.0;0.0;0.0;0.0;0.0;0.311145510836;0.0;0.0;0.0;0.0;0.0;6.4;0.0;0.0;0.0;0.0;149.868894787;0.0;0.0;0.0;0.0;0.0;0.0;86.422060732;0.0;71.31;0.0;0.0;0.0;0.0;59.4587405068;0.0;0.0;0.0;0.0;0.0;0.0;0.0;0.0;0.0;0.0;0.0;0.0;0.0;0.0;0.0;0.0;0.0;0.0;0.0;0.0;0.0;0.0;0.0;0.0;41.0;0.0;0.0;0.0;0.0;0.0;1500.0;0.0;7.1;0.0;155.618816315;0.0;0.0;0.0;0.0;0.0;0.0;0.0;0.0;0.0;1.77777777778;32.6841369333;0.0;72.36;11.6;0.354489164087;0.0;0.0;0.0;0.0;0.0;0.0;0.0;0.0;47.6040104208;0.0;0.0;0.0;0.0;0.0;0.0;6.0;0.0;0.0;0.0;0.0;0.0;0.0;0.0;0.0;0.0;0.0;0.0;0.0;0.0;0.0;0.0;0.0;0.0;Intermediate
152.183701036;0.0;0.0;0.0;0.0;0.0;0.0;0.996254681648;0.0;0.0;0.0;0.0;680.0;0.0;0.0;0.0;0.0;0.0;0.0;0.0;0.0;0.0;0.0;4.43333333333;0.0;0.0;0.0;245.0;0.0;64.0;0.0;0.0;0.0;0.0;0.0;0.0;0.0;0.0;0.0;0.0;0.0;0.0;0.0;0.0;0.0;0.0;0.0;0.0;5.8;0.0;0.0;0.0;0.0;0.0;0.0;0.0;41.0;0.0;0.0;924;0.0;0.0;0.0;10.0;0.0;0.0;0.0;1677.7215;19.0;0.0;0.0;0.0;0.0;0.0;0.0;0.0;0.0;0.0;0.0;0.0;0.0;0.0;0.0;0.0;0.0;0.0;0.0;0.0;0.0;0.0;0.0;0.0;0.0;58.0;0.0;0.0;0.0;0.0;0.0;0.0;0.0;1.0;0.0;0.0;0.0941176470588;0.0;0.0;0.0;0.0;0.0;8.1;0.0;0.0;0.0;0.0;153.959445199;0.0;0.0;0.0;0.0;0.0;0.0;75.7732756147;0.0;106.0;0.0;0.0;0.0;0.0;49.0470949363;0.0;0.0;0.0;0.0;0.0;0.0;0.0;0.0;0.0;0.0;0.0;0.0;0.0;0.0;0.0;0.0;0.0;0.0;0.0;0.0;0.0;0.0;0.0;0.0;47.0;0.0;0.0;0.0;0.0;0.0;1500.0;0.0;7.8;0.0;139.597623182;0.0;0.0;0.0;0.0;0.0;0.0;0.0;0.0;0.0;1.77777777778;23.9516798945;0.0;65.22;2.4;0.360294117647;0.0;0.0;0.0;0.0;0.0;0.0;0.0;0.0;14.4079243584;0.0;0.0;0.0;0.0;0.0;0.0;4.0;0.0;0.0;0.0;0.0;0.0;0.0;0.0;0.0;0.0;0.0;0.0;0.0;0.0;0.0;0.0;0.0;0.0;Difficult
161.391769823;0.0;0.0;0.0;0.0;0.0;0.0;1.0;0.0;0.0;0.0;0.0;1214.0;0.0;0.0;0.0;0.0;0.0;0.0;0.0;0.0;0.0;0.0;7.46666666667;0.0;0.0;0.0;426.0;0.0;178.0;0.0;0.0;0.0;0.0;0.0;0.0;0.0;0.0;0.0;0.0;0.0;0.0;0.0;0.0;0.0;0.0;0.0;0.0;41.1;0.0;0.0;0.0;0.0;0.0;0.0;0.0;83.0;0.0;0.0;929;0.0;0.0;0.0;2.0;0.0;0.0;0.0;1677.7215;60.0;0.0;0.0;0.0;0.0;0.0;0.0;0.0;0.0;0.0;0.0;0.0;0.0;0.0;0.0;0.0;1.0;0.0;0.0;1.0;0.0;0.0;0.0;0.0;0.0;108.0;0.0;0.0;0.0;0.0;0.0;0.0;0.0;0.0;0.0;0.0;0.146622734761;0.0;0.0;0.0;0.0;0.0;8.7;0.0;0.0;0.0;0.0;163.901007053;0.0;0.0;0.0;0.0;0.0;1.0;122.883181681;0.0;48.82;0.0;0.0;0.0;0.0;61.9996878326;0.0;0.0;0.0;0.0;0.0;0.0;0.0;0.0;0.0;0.0;0.0;0.0;0.0;0.0;0.0;0.0;0.0;0.0;0.0;0.0;0.0;0.0;0.0;0.0;65.0;0.0;0.0;0.0;0.0;0.0;1500.0;0.0;8.2;0.0;191.662119452;0.0;0.0;0.0;0.0;0.0;0.0;0.0;0.0;0.0;1.77777777778;44.7366877733;0.0;69.41;28.6;0.350906095552;0.0;0.0;0.0;0.0;1.0;0.0;0.0;0.0;23.8206758113;0.0;0.0;0.0;0.0;0.0;0.0;2.0;0.0;0.0;0.0;0.0;0.0;0.0;0.0;0.0;0.0;0.0;0.0;0.0;0.0;0.0;0.0;0.0;0.0;Difficult
152.437479642;0.0;0.0;0.0;0.0;0.0;0.0;1.0;0.0;0.0;0.0;0.0;702.0;0.0;0.0;0.0;0.0;0.0;0.0;0.0;0.0;0.0;0.0;4.6;0.0;0.0;0.0;259.0;0.0;74.0;0.0;0.0;0.0;0.0;0.0;0.0;0.0;0.0;0.0;0.0;0.0;0.0;0.0;0.0;0.0;0.0;0.0;0.0;5.4;0.0;0.0;0.0;0.0;0.0;0.0;0.0;40.0;0.0;0.0;950;0.0;0.0;0.0;4.0;0.0;0.0;0.0;1677.7215;34.0;0.0;0.0;0.0;0.0;0.0;0.0;0.0;0.0;0.0;0.0;0.0;0.0;0.0;0.0;0.0;0.0;0.0;0.0;0.0;0.0;0.0;0.0;0.0;0.0;51.0;0.0;1.0;0.0;0.0;0.0;0.0;0.0;0.0;0.0;0.0;0.105413105413;0.0;0.0;0.0;0.0;0.0;6.3;0.0;0.0;0.0;0.0;152.652389633;0.0;0.0;0.0;0.0;0.0;0.0;49.1356485521;0.0;103.02;0.0;0.0;0.0;0.0;44.5023012212;0.0;0.0;0.0;0.0;0.0;0.0;0.0;0.0;0.0;1.0;0.0;0.0;0.0;0.0;0.0;0.0;0.0;0.0;0.0;0.0;0.0;0.0;0.0;0.0;44.0;0.0;0.0;0.0;0.0;0.0;1500.0;0.0;7.2;0.0;177.38583529;0.0;0.0;0.0;0.0;0.0;0.0;0.0;0.0;0.0;1.77777777778;28.1427337199;0.0;72.16;1.5;0.368945868946;0.0;1.0;0.0;0.0;0.0;0.0;0.0;0.0;16.0689081105;0.0;0.0;0.0;0.0;0.0;0.0;7.0;0.0;0.0;0.0;0.0;0.0;0.0;0.0;0.0;0.0;0.0;0.0;0.0;0.0;0.0;0.0;0.0;0.0;VeryEasy
167.397088746;0.0;0.0;0.0;0.0;0.0;0.0;1.0;0.0;0.0;0.0;0.0;714.0;0.0;0.0;0.0;0.0;0.0;0.0;0.0;0.0;0.0;0.0;4.25;0.0;0.0;0.0;264.0;0.0;248.0;0.0;0.0;0.0;0.0;0.0;0.0;0.0;0.0;0.0;0.0;0.0;0.0;0.0;0.0;0.0;0.0;0.0;0.0;3.7;0.0;0.0;0.0;0.0;0.0;0.0;0.0;58.0;0.0;0.0;973;0.0;0.0;0.0;7.0;0.0;0.0;0.0;1677.7215;73.0;0.0;0.0;0.0;0.0;0.0;0.0;0.0;0.0;0.0;0.0;0.0;0.0;0.0;0.0;0.0;0.0;0.0;0.0;1.0;0.0;0.0;0.0;0.0;0.0;70.0;0.0;1.0;0.0;0.0;0.0;0.0;0.0;0.0;0.0;0.0;0.347338935574;0.0;0.0;0.0;0.0;0.0;8.7;0.0;0.0;0.0;0.0;167.773259029;0.0;0.0;0.0;0.0;0.0;0.0;50.9281164475;0.0;115.88;0.0;0.0;0.0;0.0;56.8906158071;0.0;0.0;0.0;0.0;0.0;0.0;0.0;0.0;1.0;0.0;0.0;0.0;0.0;0.0;0.0;0.0;1.0;0.0;0.0;0.0;0.0;0.0;0.0;0.0;38.0;0.0;0.0;0.0;0.0;0.0;1500.0;0.0;8.3;0.0;181.68270498;0.0;0.0;0.0;0.0;0.0;1.0;0.0;0.0;0.0;1.77777777778;34.2062592006;0.0;69.31;0.7;0.36974789916;0.0;0.0;0.0;0.0;0.0;0.0;0.0;0.0;58.2250743465;0.0;0.0;0.0;0.0;0.0;0.0;17.0;0.0;0.0;0.0;0.0;0.0;0.0;0.0;0.0;0.0;0.0;0.0;0.0;0.0;0.0;0.0;0.0;0.0;VeryEasy
163.068952757;0.0;0.0;0.0;0.0;0.0;0.0;1.0;0.0;0.0;0.0;0.0;661.0;0.0;1.0;0.0;0.0;0.0;0.0;0.0;0.0;0.0;0.0;4.05;0.0;0.0;0.0;167.0;0.0;37.0;0.0;0.0;0.0;0.0;0.0;0.0;0.0;0.0;0.0;0.0;0.0;0.0;0.0;0.0;0.0;0.0;0.0;0.0;6.9;0.0;0.0;0.0;0.0;0.0;0.0;0.0;30.0;0.0;0.0;980;0.0;0.0;0.0;1.0;0.0;0.0;0.0;0.0;13.0;0.0;0.0;0.0;0.0;0.0;0.0;0.0;0.0;0.0;0.0;0.0;0.0;0.0;0.0;0.0;0.0;0.0;0.0;0.0;0.0;0.0;0.0;0.0;0.0;69.0;0.0;0.0;0.0;0.0;0.0;0.0;0.0;0.0;0.0;0.0;0.0559757942511;0.0;0.0;0.0;0.0;0.0;7.7;0.0;0.0;0.0;0.0;163.398827451;0.0;0.0;0.0;0.0;0.0;0.0;75.0465872021;0.0;86.54;0.0;0.0;0.0;0.0;45.0000113138;0.0;0.0;0.0;0.0;0.0;0.0;0.0;0.0;0.0;0.0;0.0;0.0;0.0;0.0;0.0;0.0;0.0;0.0;0.0;0.0;0.0;0.0;0.0;0.0;39.0;0.0;0.0;0.0;0.0;0.0;1500.0;0.0;6.3;0.0;147.712596902;0.0;0.0;0.0;0.0;0.0;0.0;0.0;0.0;0.0;1.77777777778;27.7622922385;0.0;79.7;5.8;0.252647503782;0.0;0.0;0.0;0.0;0.0;0.0;0.0;0.0;9.12791414827;0.0;0.0;0.0;0.0;0.0;0.0;2.0;0.0;0.0;0.0;0.0;0.0;0.0;0.0;0.0;0.0;0.0;0.0;0.0;0.0;0.0;0.0;0.0;0.0;Easy
154.037514304;0.0;0.0;0.0;0.0;0.0;0.0;1.0;0.0;1.0;0.0;0.0;522.0;0.0;0.0;0.0;0.0;0.0;0.0;0.0;0.0;0.0;0.0;3.33333333333;0.0;0.0;0.0;135.0;0.0;160.0;0.0;0.0;0.0;0.0;0.0;0.0;0.0;0.0;0.0;0.0;0.0;0.0;0.0;0.0;1.0;0.0;0.0;0.0;12.8;0.0;0.0;0.0;0.0;0.0;0.0;0.0;26.0;0.0;0.0;5139;0.0;0.0;0.0;39.0;0.0;0.0;0.0;1677.7215;60.0;0.0;0.0;0.0;0.0;0.0;0.0;1.0;0.0;0.0;0.0;0.0;0.0;0.0;0.0;0.0;0.0;0.0;0.0;0.0;0.0;0.0;0.0;0.0;0.0;46.0;0.0;0.0;0.0;0.0;0.0;0.0;0.0;0.0;0.0;0.0;0.306513409962;0.0;0.0;0.0;0.0;0.0;7.5;0.0;0.0;0.0;0.0;160.23526111;0.0;0.0;0.0;0.0;0.0;0.0;19.8304917926;0.0;63.76;0.0;0.0;0.0;0.0;19.4946323744;0.0;0.0;0.0;0.0;0.0;0.0;0.0;0.0;0.0;0.0;0.0;0.0;0.0;0.0;0.0;0.0;0.0;0.0;0.0;0.0;0.0;0.0;0.0;0.0;26.0;0.0;0.0;0.0;0.0;0.0;1500.0;0.0;7.6;0.0;172.655405544;0.0;0.0;0.0;0.0;0.0;0.0;0.0;0.0;0.0;1.77777777778;10.0787584951;0.0;76.45;6.3;0.258620689655;0.0;0.0;0.0;0.0;0.0;0.0;0.0;0.0;47.7635703269;0.0;0.0;0.0;0.0;0.0;0.0;21.0;0.0;0.0;0.0;0.0;0.0;0.0;0.0;0.0;0.0;0.0;0.0;0.0;0.0;0.0;0.0;0.0;0.0;Intermediate
146.161979277;0.0;0.0;0.0;0.0;0.0;0.0;0.99577167019;0.0;0.0;0.0;0.0;1152.0;0.0;0.0;0.0;0.0;0.0;0.0;0.0;0.0;1.0;0.0;7.86666666667;0.0;0.0;0.0;307.0;0.0;144.0;0.0;0.0;0.0;0.0;0.0;0.0;0.0;0.0;0.0;0.0;0.0;0.0;0.0;0.0;0.0;0.0;0.0;0.0;17.0;0.0;0.0;0.0;0.0;0.0;0.0;0.0;95.0;0.0;0.0;5171;0.0;0.0;0.0;37.0;0.0;0.0;0.0;1677.7215;73.0;0.0;0.0;0.0;0.0;0.0;0.0;0.0;0.0;0.0;0.0;1.0;0.0;0.0;0.0;1.0;1.0;0.0;0.0;1.0;0.0;0.0;0.0;0.0;0.0;109.0;0.0;0.0;0.0;0.0;0.0;1.0;1.0;0.0;0.0;0.0;0.125;0.0;0.0;0.0;0.0;0.0;6.4;0.0;1.0;0.0;0.0;154.515072597;0.0;1.0;0.0;0.0;0.0;0.0;15.7449231902;0.0;70.19;0.0;0.0;0.0;0.0;17.2400907941;0.0;0.0;0.0;0.0;0.0;0.0;1.0;0.0;0.0;1.0;0.0;0.0;0.0;0.0;0.0;0.0;1.0;0.0;0.0;0.0;0.0;0.0;0.0;0.0;71.0;0.0;1.0;1.0;0.0;0.0;1500.0;0.0;6.1;0.0;170.829898949;0.0;0.0;0.0;0.0;1.0;1.0;0.0;0.0;0.0;1.77777777778;9.66248779775;0.0;80.41;5.9;0.266493055556;0.0;0.0;0.0;0.0;0.0;0.0;0.0;0.0;18.2702474096;1.0;0.0;0.0;0.0;0.0;0.0;15.0;0.0;1.0;0.0;1.0;0.0;0.0;0.0;0.0;0.0;0.0;1.0;0.0;0.0;0.0;1.0;1.0;0.0;Difficult
136.71347556;0.0;0.0;0.0;0.0;0.0;0.0;0.980456026059;0.0;0.0;0.0;0.0;678.0;0.0;0.0;0.0;0.0;0.0;0.0;0.0;0.0;0.0;0.0;4.93333333333;0.0;0.0;0.0;214.0;0.0;112.0;0.0;0.0;0.0;0.0;0.0;0.0;0.0;0.0;0.0;0.0;0.0;0.0;0.0;0.0;0.0;1.0;0.0;0.0;12.3;0.0;0.0;0.0;0.0;0.0;0.0;1.0;39.0;0.0;0.0;5180;0.0;0.0;0.0;30.0;0.0;0.0;0.0;1677.7215;40.0;0.0;0.0;0.0;0.0;0.0;0.0;0.0;0.0;0.0;0.0;1.0;0.0;0.0;0.0;0.0;0.0;0.0;0.0;0.0;0.0;0.0;0.0;0.0;0.0;70.0;0.0;0.0;0.0;0.0;0.0;0.0;0.0;0.0;0.0;0.0;0.165191740413;0.0;0.0;0.0;0.0;0.0;7.1;0.0;0.0;0.0;0.0;140.475197999;0.0;0.0;0.0;0.0;0.0;0.0;11.7849698647;0.0;54.9;0.0;0.0;0.0;0.0;4.90607545894;0.0;0.0;0.0;0.0;0.0;0.0;0.0;0.0;0.0;0.0;0.0;0.0;0.0;0.0;0.0;0.0;0.0;0.0;0.0;0.0;0.0;0.0;0.0;0.0;41.0;0.0;0.0;0.0;0.0;0.0;1500.0;0.0;6.2;0.0;171.875155226;0.0;0.0;0.0;0.0;0.0;0.0;0.0;0.0;0.0;1.77777777778;4.97789568412;0.0;80.11;7.6;0.315634218289;0.0;0.0;0.0;0.0;0.0;0.0;0.0;0.0;22.6843100189;1.0;0.0;0.0;1.0;0.0;0.0;14.0;0.0;0.0;0.0;1.0;0.0;0.0;1.0;0.0;0.0;0.0;0.0;0.0;0.0;0.0;0.0;0.0;0.0;Difficult
137.399482456;0.0;0.0;0.0;0.0;0.0;0.0;0.986072423398;0.0;0.0;0.0;0.0;832.0;0.0;0.0;0.0;0.0;0.0;0.0;0.0;0.0;0.0;0.0;5.98333333333;0.0;0.0;0.0;242.0;0.0;60.0;0.0;0.0;0.0;0.0;0.0;0.0;0.0;0.0;0.0;0.0;0.0;0.0;0.0;0.0;0.0;0.0;0.0;0.0;13.9;0.0;0.0;0.0;0.0;0.0;0.0;0.0;41.0;0.0;0.0;5217;0.0;0.0;0.0;15.0;0.0;0.0;0.0;1677.7215;20.0;1.0;0.0;0.0;0.0;0.0;0.0;0.0;0.0;0.0;0.0;0.0;0.0;0.0;0.0;0.0;0.0;0.0;0.0;0.0;0.0;0.0;0.0;0.0;0.0;72.0;0.0;0.0;0.0;0.0;0.0;0.0;0.0;0.0;0.0;0.0;0.0721153846154;0.0;0.0;0.0;0.0;0.0;6.3;0.0;0.0;0.0;0.0;145.097025188;0.0;0.0;0.0;0.0;0.0;0.0;9.39200617284;0.0;63.86;0.0;0.0;0.0;0.0;17.1772099926;0.0;0.0;0.0;0.0;0.0;0.0;0.0;0.0;0.0;0.0;0.0;0.0;0.0;0.0;0.0;0.0;0.0;0.0;0.0;0.0;0.0;0.0;0.0;0.0;46.0;0.0;0.0;0.0;0.0;0.0;1500.0;0.0;6.8;0.0;179.395639341;0.0;0.0;0.0;0.0;0.0;0.0;0.0;1.0;0.0;1.77777777778;16.3992703535;0.0;78.48;6.2;0.290865384615;0.0;0.0;0.0;0.0;0.0;0.0;0.0;0.0;10.0169732046;0.0;0.0;0.0;0.0;0.0;0.0;8.0;0.0;0.0;0.0;0.0;0.0;0.0;0.0;0.0;0.0;0.0;0.0;0.0;0.0;0.0;0.0;0.0;0.0;Difficult
177.387248377;0.0;0.0;0.0;0.0;0.0;0.0;1.0;0.0;0.0;0.0;0.0;2532.0;0.0;0.0;0.0;0.0;0.0;0.0;0.0;0.0;0.0;0.0;14.1333333333;0.0;0.0;0.0;661.0;0.0;123.0;0.0;0.0;0.0;0.0;0.0;0.0;0.0;0.0;0.0;0.0;0.0;0.0;0.0;0.0;0.0;0.0;0.0;0.0;19.0;0.0;0.0;0.0;0.0;1.0;0.0;0.0;148.0;0.0;0.0;1213;0.0;0.0;0.0;23.0;0.0;0.0;0.0;1677.7215;35.0;0.0;0.0;0.0;0.0;0.0;0.0;0.0;0.0;0.0;0.0;0.0;0.0;0.0;0.0;0.0;0.0;0.0;0.0;0.0;0.0;0.0;0.0;0.0;0.0;229.0;0.0;0.0;0.0;0.0;0.0;0.0;0.0;0.0;0.0;0.0;0.0485781990521;0.0;0.0;1.0;0.0;0.0;10.2;0.0;0.0;0.0;0.0;178.756541285;0.0;0.0;0.0;0.0;0.0;0.0;16.2197744964;0.0;57.13;0.0;0.0;0.0;0.0;4.30739976407;0.0;0.0;0.0;0.0;0.0;0.0;0.0;0.0;0.0;0.0;0.0;0.0;0.0;0.0;0.0;0.0;0.0;0.0;0.0;0.0;0.0;0.0;0.0;0.0;119.0;0.0;0.0;0.0;0.0;0.0;1500.0;0.0;9.2;0.0;250.144217173;0.0;0.0;0.0;0.0;0.0;0.0;0.0;0.0;0.0;1.77777777778;13.3337874175;0.0;66.78;12.9;0.261058451817;0.0;0.0;0.0;0.0;0.0;0.0;0.0;0.0;8.6926818926;0.0;0.0;0.0;0.0;0.0;0.0;4.0;0.0;0.0;0.0;0.0;0.0;0.0;0.0;0.0;0.0;0.0;0.0;0.0;0.0;0.0;0.0;0.0;0.0;Intermediate
146.536412078;0.0;0.0;0.0;0.0;0.0;0.0;1.0;0.0;0.0;0.0;0.0;1080.0;0.0;0.0;0.0;0.0;0.0;0.0;0.0;0.0;0.0;1.0;7.11666666667;0.0;0.0;0.0;346.0;0.0;121.0;0.0;0.0;0.0;0.0;0.0;0.0;0.0;0.0;0.0;0.0;0.0;0.0;0.0;0.0;0.0;0.0;0.0;0.0;12.1;0.0;0.0;1.0;0.0;0.0;0.0;0.0;83.0;0.0;0.0;5247;0.0;0.0;0.0;13.0;0.0;0.0;0.0;1677.7215;43.0;0.0;0.0;0.0;0.0;0.0;0.0;0.0;0.0;0.0;0.0;0.0;0.0;0.0;0.0;0.0;1.0;0.0;0.0;0.0;0.0;0.0;0.0;0.0;0.0;105.0;0.0;0.0;0.0;0.0;0.0;0.0;0.0;0.0;0.0;0.0;0.112037037037;0.0;0.0;0.0;0.0;0.0;9.3;0.0;0.0;0.0;0.0;146.587800715;0.0;0.0;0.0;0.0;0.0;0.0;14.6368816659;0.0;84.81;0.0;0.0;0.0;0.0;6.10416440864;0.0;0.0;0.0;0.0;0.0;0.0;0.0;0.0;0.0;0.0;0.0;0.0;0.0;0.0;0.0;0.0;0.0;0.0;0.0;0.0;0.0;0.0;0.0;0.0;51.0;0.0;1.0;0.0;0.0;0.0;1500.0;0.0;9.2;0.0;243.036885682;0.0;0.0;0.0;0.0;0.0;0.0;0.0;0.0;0.0;1.77777777778;8.55415389121;0.0;66.88;6.4;0.32037037037;0.0;0.0;0.0;0.0;0.0;0.0;0.0;0.0;16.9673740301;1.0;0.0;0.0;1.0;0.0;0.0;6.0;0.0;0.0;0.0;0.0;0.0;0.0;0.0;0.0;0.0;0.0;0.0;0.0;0.0;0.0;0.0;0.0;0.0;Difficult
155.256898874;0.0;0.0;0.0;0.0;0.0;0.0;1.0;0.0;0.0;0.0;0.0;903.0;0.0;0.0;0.0;0.0;0.0;0.0;0.0;0.0;0.0;0.0;5.8;0.0;0.0;0.0;239.0;0.0;43.0;0.0;0.0;0.0;0.0;0.0;0.0;0.0;0.0;0.0;0.0;0.0;0.0;0.0;0.0;0.0;0.0;0.0;0.0;19.6;0.0;0.0;0.0;0.0;0.0;0.0;0.0;61.0;0.0;0.0;5258;0.0;0.0;0.0;9.0;0.0;0.0;0.0;1677.7215;18.0;0.0;0.0;0.0;0.0;0.0;0.0;0.0;0.0;0.0;0.0;0.0;0.0;0.0;0.0;0.0;0.0;0.0;0.0;0.0;0.0;0.0;0.0;0.0;0.0;104.0;0.0;0.0;0.0;0.0;0.0;0.0;0.0;0.0;0.0;0.0;0.047619047619;0.0;0.0;0.0;0.0;0.0;9.5;0.0;0.0;0.0;0.0;155.551089547;0.0;0.0;0.0;0.0;0.0;0.0;19.42164432;0.0;47.25;0.0;0.0;0.0;0.0;8.18095845935;0.0;0.0;0.0;0.0;0.0;0.0;0.0;0.0;0.0;0.0;0.0;0.0;0.0;0.0;0.0;0.0;0.0;0.0;0.0;0.0;0.0;0.0;0.0;0.0;45.0;0.0;0.0;0.0;0.0;0.0;1500.0;0.0;8.8;0.0;217.449138279;0.0;0.0;0.0;0.0;0.0;0.0;0.0;0.0;0.0;1.77777777778;10.1462475603;0.0;67.99;8.5;0.264673311185;0.0;0.0;0.0;0.0;0.0;0.0;0.0;0.0;7.39318566066;0.0;0.0;0.0;0.0;0.0;0.0;6.0;0.0;0.0;0.0;0.0;0.0;0.0;0.0;0.0;0.0;0.0;0.0;0.0;0.0;0.0;0.0;0.0;0.0;Easy
147.456579941;0.0;0.0;0.0;0.0;0.0;0.0;1.0;0.0;0.0;0.0;0.0;717.0;0.0;0.0;0.0;0.0;0.0;0.0;0.0;0.0;0.0;1.0;4.85;0.0;0.0;0.0;231.0;0.0;99.0;0.0;0.0;0.0;0.0;0.0;0.0;0.0;0.0;0.0;0.0;0.0;0.0;0.0;0.0;0.0;0.0;0.0;0.0;11.4;0.0;0.0;0.0;0.0;0.0;0.0;0.0;49.0;0.0;0.0;5268;0.0;0.0;0.0;16.0;0.0;0.0;0.0;1677.7215;28.0;0.0;0.0;0.0;0.0;0.0;0.0;0.0;0.0;0.0;0.0;0.0;0.0;0.0;0.0;0.0;1.0;0.0;0.0;1.0;0.0;0.0;0.0;0.0;0.0;79.0;0.0;0.0;0.0;0.0;0.0;0.0;0.0;1.0;0.0;0.0;0.138075313808;0.0;0.0;0.0;0.0;0.0;10.2;0.0;0.0;0.0;0.0;154.311453387;0.0;0.0;0.0;0.0;0.0;0.0;15.2118513432;0.0;85.22;0.0;0.0;0.0;0.0;12.0010239819;0.0;0.0;0.0;0.0;0.0;0.0;0.0;0.0;0.0;0.0;0.0;0.0;0.0;0.0;0.0;0.0;0.0;0.0;0.0;0.0;0.0;0.0;0.0;0.0;32.0;0.0;0.0;0.0;0.0;0.0;1500.0;0.0;9.7;0.0;237.817261932;0.0;0.0;0.0;0.0;0.0;0.0;0.0;0.0;0.0;1.77777777778;20.5313627272;0.0;65.66;6.3;0.322175732218;0.0;0.0;0.0;0.0;0.0;1.0;0.0;0.0;20.3885494611;1.0;0.0;0.0;1.0;0.0;0.0;5.0;0.0;0.0;0.0;0.0;0.0;0.0;0.0;0.0;0.0;0.0;0.0;0.0;0.0;0.0;0.0;0.0;0.0;Easy
163.337102651;0.0;0.0;0.0;0.0;0.0;0.0;1.0;0.0;0.0;0.0;0.0;1302.0;0.0;0.0;0.0;0.0;0.0;0.0;0.0;0.0;0.0;1.0;7.95;0.0;0.0;0.0;399.0;0.0;152.0;0.0;0.0;0.0;0.0;0.0;0.0;0.0;0.0;0.0;0.0;0.0;0.0;0.0;0.0;0.0;0.0;0.0;0.0;14.6;0.0;0.0;0.0;0.0;0.0;0.0;0.0;93.0;0.0;0.0;5272;0.0;0.0;0.0;28.0;0.0;0.0;0.0;1677.7215;37.0;0.0;0.0;0.0;0.0;0.0;0.0;0.0;0.0;0.0;0.0;0.0;0.0;0.0;0.0;0.0;0.0;0.0;0.0;0.0;0.0;0.0;0.0;0.0;0.0;113.0;0.0;0.0;0.0;0.0;0.0;0.0;0.0;0.0;0.0;0.0;0.116743471582;0.0;0.0;0.0;0.0;0.0;9.5;0.0;0.0;0.0;0.0;164.393955361;0.0;0.0;0.0;0.0;0.0;0.0;23.1750292419;0.0;49.45;0.0;0.0;0.0;0.0;21.15851098;0.0;0.0;0.0;0.0;0.0;0.0;0.0;0.0;0.0;0.0;0.0;0.0;0.0;0.0;0.0;0.0;0.0;0.0;0.0;0.0;0.0;0.0;0.0;0.0;65.0;0.0;0.0;0.0;0.0;0.0;1500.0;0.0;8.7;0.0;214.340168982;0.0;0.0;0.0;0.0;0.0;0.0;0.0;0.0;0.0;1.77777777778;21.9565947542;0.0;68.1;11.8;0.306451612903;0.0;0.0;0.0;0.0;0.0;0.0;0.0;0.0;19.0978766177;0.0;0.0;0.0;0.0;0.0;0.0;7.0;0.0;0.0;0.0;0.0;0.0;0.0;0.0;0.0;0.0;0.0;0.0;0.0;0.0;0.0;0.0;0.0;0.0;Easy
155.007587253;0.0;0.0;0.0;0.0;0.0;0.0;1.0;0.0;0.0;0.0;0.0;667.0;0.0;0.0;0.0;0.0;0.0;0.0;0.0;1.0;0.0;0.0;4.38333333333;0.0;0.0;0.0;220.0;0.0;196.0;0.0;0.0;0.0;0.0;0.0;0.0;0.0;0.0;0.0;0.0;0.0;0.0;0.0;0.0;0.0;0.0;0.0;0.0;15.8;0.0;0.0;0.0;0.0;0.0;0.0;0.0;60.0;0.0;0.0;3246;0.0;0.0;0.0;48.0;0.0;0.0;0.0;0.0;73.0;0.0;0.0;0.0;0.0;0.0;0.0;0.0;0.0;0.0;0.0;0.0;0.0;0.0;0.0;0.0;0.0;0.0;0.0;0.0;0.0;0.0;0.0;0.0;0.0;110.0;0.0;0.0;0.0;0.0;0.0;0.0;0.0;0.0;0.0;0.0;0.293853073463;0.0;0.0;0.0;0.0;0.0;9.8;0.0;0.0;0.0;0.0;159.049360146;0.0;0.0;0.0;0.0;0.0;0.0;41.3788753054;0.0;53.41;0.0;1.0;0.0;0.0;36.5442228857;0.0;0.0;0.0;0.0;0.0;0.0;0.0;0.0;0.0;0.0;0.0;0.0;0.0;0.0;0.0;0.0;0.0;0.0;0.0;0.0;0.0;0.0;0.0;0.0;40.0;0.0;0.0;0.0;0.0;0.0;1500.0;1.0;7.4;0.0;86.8453939204;0.0;0.0;0.0;0.0;0.0;0.0;0.0;0.0;0.0;1.77777777778;32.7047674749;0.0;71.44;10.2;0.329835082459;0.0;0.0;0.0;0.0;0.0;0.0;0.0;0.0;44.6130500759;0.0;0.0;0.0;0.0;0.0;0.0;11.0;0.0;0.0;0.0;0.0;0.0;0.0;0.0;0.0;1.0;0.0;0.0;0.0;0.0;0.0;0.0;0.0;0.0;VeryEasy
141.43967642;0.0;0.0;0.0;0.0;0.0;0.0;1.0;0.0;0.0;0.0;0.0;378.0;0.0;0.0;0.0;0.0;0.0;0.0;0.0;0.0;0.0;0.0;2.63333333333;0.0;1.0;0.0;160.0;0.0;153.0;0.0;0.0;0.0;0.0;0.0;0.0;0.0;0.0;0.0;0.0;0.0;0.0;0.0;0.0;0.0;0.0;0.0;0.0;17.4;0.0;0.0;0.0;0.0;0.0;0.0;0.0;41.0;0.0;0.0;3252;0.0;0.0;0.0;64.0;0.0;0.0;0.0;1585.5861;45.0;0.0;0.0;0.0;0.0;0.0;0.0;0.0;0.0;0.0;0.0;0.0;0.0;0.0;0.0;0.0;0.0;0.0;0.0;0.0;0.0;0.0;0.0;0.0;0.0;91.0;0.0;0.0;0.0;0.0;0.0;0.0;0.0;0.0;0.0;0.0;0.404761904762;0.0;0.0;1.0;0.0;0.0;9.2;0.0;0.0;0.0;0.0;150.398172104;0.0;0.0;0.0;0.0;0.0;0.0;117.250180057;0.0;49.25;0.0;0.0;0.0;0.0;19.3043552276;0.0;0.0;0.0;0.0;0.0;0.0;0.0;0.0;0.0;0.0;0.0;0.0;0.0;0.0;0.0;0.0;0.0;0.0;0.0;0.0;0.0;0.0;0.0;0.0;28.0;0.0;0.0;0.0;0.0;0.0;1500.0;0.0;7.4;0.0;228.523183753;0.0;0.0;0.0;0.0;0.0;0.0;0.0;0.0;0.0;1.77777777778;17.9047971637;0.0;66.23;11.8;0.42328042328;0.0;1.0;0.0;0.0;0.0;0.0;0.0;0.0;58.0168109714;0.0;0.0;0.0;0.0;0.0;0.0;7.0;0.0;0.0;0.0;0.0;0.0;0.0;0.0;0.0;0.0;0.0;0.0;0.0;0.0;0.0;0.0;0.0;0.0;VeryEasy
148.747140501;0.0;0.0;0.0;0.0;0.0;0.0;1.0;0.0;0.0;0.0;0.0;934.0;0.0;0.0;0.0;0.0;0.0;1.0;0.0;0.0;0.0;0.0;6.25;0.0;0.0;0.0;278.0;0.0;92.0;0.0;0.0;0.0;0.0;0.0;0.0;0.0;0.0;0.0;0.0;0.0;0.0;0.0;0.0;0.0;1.0;0.0;0.0;26.8;0.0;0.0;0.0;0.0;0.0;0.0;0.0;79.0;0.0;0.0;3254;0.0;0.0;0.0;29.0;0.0;0.0;0.0;1598.7447;50.0;0.0;0.0;0.0;0.0;0.0;0.0;0.0;0.0;0.0;0.0;0.0;0.0;0.0;0.0;0.0;0.0;0.0;0.0;0.0;0.0;0.0;1.0;0.0;0.0;130.0;1.0;0.0;0.0;0.0;0.0;1.0;1.0;0.0;0.0;0.0;0.0985010706638;0.0;0.0;1.0;0.0;0.0;8.7;0.0;0.0;0.0;0.0;157.135149717;0.0;0.0;0.0;0.0;0.0;0.0;116.450398987;0.0;13.65;0.0;1.0;0.0;1.0;23.1039197582;0.0;0.0;0.0;0.0;0.0;0.0;0.0;0.0;0.0;0.0;0.0;0.0;0.0;0.0;0.0;0.0;0.0;0.0;0.0;0.0;0.0;0.0;0.0;0.0;62.0;0.0;0.0;0.0;0.0;0.0;1500.0;0.0;8.0;0.0;230.102204599;0.0;0.0;0.0;0.0;0.0;1.0;0.0;0.0;0.0;1.77777777778;30.8912651418;0.0;64.61;15.2;0.297644539615;0.0;0.0;0.0;0.0;0.0;0.0;0.0;0.0;14.6831941267;0.0;0.0;0.0;0.0;0.0;0.0;6.0;0.0;0.0;0.0;0.0;0.0;0.0;0.0;0.0;0.0;0.0;0.0;0.0;0.0;0.0;0.0;0.0;0.0;Intermediate
152.794894635;0.0;0.0;0.0;0.0;0.0;0.0;0.998819362456;0.0;0.0;0.0;0.0;2083.0;0.0;0.0;0.0;0.0;0.0;0.0;0.0;0.0;0.0;0.0;13.65;0.0;0.0;0.0;544.0;0.0;208.0;0.0;0.0;0.0;0.0;0.0;0.0;0.0;0.0;0.0;0.0;0.0;0.0;0.0;0.0;0.0;0.0;0.0;0.0;13.7;0.0;0.0;1.0;0.0;0.0;0.0;0.0;80.0;0.0;0.0;5307;0.0;0.0;0.0;57.0;0.0;0.0;0.0;1677.7215;78.0;0.0;0.0;0.0;0.0;0.0;0.0;0.0;0.0;0.0;0.0;0.0;0.0;0.0;0.0;1.0;0.0;0.0;0.0;0.0;0.0;0.0;0.0;0.0;0.0;159.0;0.0;0.0;0.0;0.0;0.0;0.0;0.0;0.0;0.0;0.0;0.0998559769563;0.0;0.0;1.0;0.0;0.0;9.9;0.0;0.0;0.0;0.0;151.984176856;0.0;0.0;0.0;0.0;0.0;0.0;10.2181522316;0.0;70.29;0.0;0.0;0.0;0.0;5.07293667647;0.0;0.0;0.0;0.0;0.0;0.0;0.0;0.0;0.0;0.0;0.0;0.0;0.0;0.0;0.0;0.0;0.0;0.0;0.0;0.0;0.0;0.0;0.0;0.0;101.0;0.0;0.0;0.0;0.0;0.0;1500.0;0.0;9.0;0.0;249.76965191;0.0;0.0;0.0;0.0;0.0;0.0;0.0;0.0;0.0;1.77777777778;17.4357365576;0.0;67.49;5.8;0.261161785886;0.0;0.0;0.0;0.0;0.0;0.0;0.0;1.0;15.2282405769;1.0;0.0;0.0;0.0;0.0;0.0;22.0;0.0;0.0;0.0;0.0;0.0;0.0;0.0;0.0;0.0;0.0;0.0;0.0;0.0;0.0;0.0;0.0;0.0;Easy
155.467110105;0.0;1.0;0.0;0.0;0.0;0.0;0.998682476943;0.0;0.0;0.0;0.0;1892.0;0.0;0.0;0.0;0.0;0.0;0.0;0.0;0.0;0.0;0.0;12.2166666667;0.0;0.0;0.0;457.0;0.0;152.0;0.0;0.0;0.0;0.0;1.0;0.0;0.0;0.0;0.0;0.0;0.0;0.0;0.0;0.0;0.0;0.0;0.0;0.0;10.9;0.0;0.0;0.0;0.0;0.0;0.0;0.0;132.0;0.0;0.0;5308;0.0;0.0;0.0;29.0;0.0;0.0;0.0;1677.7215;47.0;0.0;0.0;0.0;0.0;0.0;0.0;0.0;0.0;0.0;0.0;0.0;0.0;0.0;0.0;0.0;0.0;0.0;0.0;1.0;0.0;0.0;0.0;0.0;0.0;150.0;0.0;0.0;0.0;0.0;0.0;0.0;0.0;0.0;0.0;0.0;0.0803382663848;0.0;0.0;0.0;0.0;0.0;13.3;0.0;0.0;0.0;0.0;155.157214223;0.0;1.0;0.0;0.0;0.0;0.0;16.3011387806;0.0;82.85;0.0;0.0;0.0;0.0;7.67072941319;0.0;0.0;0.0;0.0;0.0;0.0;0.0;0.0;0.0;0.0;0.0;0.0;0.0;0.0;0.0;0.0;0.0;0.0;0.0;0.0;0.0;0.0;0.0;0.0;67.0;0.0;0.0;0.0;0.0;0.0;1500.0;0.0;13.1;0.0;245.355731019;0.0;0.0;0.0;0.0;0.0;0.0;0.0;0.0;0.0;1.77777777778;18.4370433172;0.0;51.31;5.1;0.241543340381;0.0;0.0;0.0;0.0;0.0;0.0;0.0;1.0;12.4308262683;1.0;0.0;0.0;0.0;0.0;0.0;11.0;0.0;0.0;0.0;0.0;0.0;0.0;0.0;0.0;0.0;0.0;0.0;0.0;0.0;0.0;0.0;0.0;0.0;Intermediate
159.211788299;0.0;0.0;0.0;0.0;0.0;0.0;1.0;0.0;0.0;0.0;0.0;924.0;0.0;0.0;0.0;0.0;0.0;0.0;0.0;0.0;0.0;0.0;5.73333333333;1.0;0.0;0.0;335.0;0.0;366.0;0.0;0.0;0.0;0.0;0.0;0.0;0.0;0.0;0.0;0.0;0.0;0.0;0.0;0.0;0.0;0.0;0.0;0.0;20.0;0.0;0.0;0.0;0.0;0.0;0.0;0.0;73.0;0.0;0.0;3264;0.0;0.0;0.0;68.0;0.0;0.0;0.0;1664.5629;155.0;0.0;0.0;0.0;0.0;0.0;0.0;0.0;0.0;0.0;0.0;0.0;0.0;0.0;0.0;0.0;0.0;0.0;0.0;0.0;0.0;0.0;0.0;0.0;0.0;109.0;0.0;0.0;0.0;0.0;0.0;0.0;0.0;0.0;0.0;0.0;0.396103896104;0.0;0.0;0.0;1.0;0.0;5.1;0.0;0.0;0.0;0.0;164.730461588;0.0;0.0;0.0;0.0;0.0;0.0;54.8644780071;0.0;64.41;0.0;0.0;0.0;0.0;38.7511494313;0.0;0.0;0.0;0.0;0.0;0.0;0.0;0.0;0.0;0.0;0.0;0.0;0.0;0.0;0.0;0.0;0.0;0.0;0.0;0.0;0.0;0.0;0.0;0.0;80.0;0.0;0.0;0.0;0.0;0.0;1500.0;0.0;4.3;0.0;223.325107418;0.0;0.0;0.0;0.0;0.0;0.0;0.0;0.0;0.0;1.77777777778;40.0473281404;0.0;85.08;8.1;0.362554112554;0.0;0.0;0.0;0.0;0.0;0.0;0.0;0.0;63.8242218153;0.0;0.0;0.0;0.0;0.0;0.0;24.0;0.0;0.0;0.0;0.0;0.0;0.0;0.0;0.0;0.0;0.0;0.0;0.0;0.0;0.0;1.0;0.0;0.0;Easy
156.214795344;0.0;1.0;0.0;0.0;0.0;0.0;1.0;0.0;0.0;0.0;0.0;829.0;0.0;0.0;0.0;0.0;0.0;0.0;0.0;1.0;0.0;0.0;5.31666666667;0.0;0.0;0.0;263.0;0.0;258.0;0.0;0.0;0.0;0.0;0.0;0.0;0.0;0.0;0.0;0.0;0.0;0.0;0.0;0.0;0.0;0.0;0.0;0.0;15.1;0.0;0.0;0.0;0.0;0.0;0.0;0.0;63.0;0.0;0.0;3267;0.0;0.0;0.0;59.0;0.0;0.0;0.0;1605.324;106.0;0.0;0.0;0.0;0.0;0.0;0.0;0.0;0.0;0.0;0.0;1.0;0.0;0.0;0.0;1.0;0.0;0.0;0.0;0.0;0.0;0.0;0.0;1.0;0.0;108.0;1.0;0.0;0.0;0.0;0.0;0.0;0.0;0.0;1.0;0.0;0.311218335344;0.0;0.0;0.0;1.0;0.0;7.5;0.0;0.0;0.0;0.0;162.306970172;0.0;0.0;0.0;0.0;0.0;0.0;103.139302077;0.0;56.32;0.0;1.0;0.0;0.0;41.643800727;0.0;0.0;0.0;0.0;0.0;0.0;0.0;0.0;0.0;0.0;0.0;0.0;0.0;0.0;0.0;0.0;1.0;0.0;0.0;0.0;0.0;0.0;0.0;0.0;67.0;0.0;0.0;0.0;0.0;0.0;1500.0;0.0;6.9;0.0;213.267886803;0.0;0.0;0.0;0.0;0.0;0.0;0.0;0.0;0.0;1.77777777778;36.2156536957;0.0;67.35;7.0;0.317249698432;0.0;0.0;0.0;0.0;0.0;0.0;0.0;0.0;48.4416072099;0.0;0.0;0.0;0.0;0.0;0.0;39.0;0.0;0.0;0.0;1.0;0.0;0.0;1.0;0.0;0.0;0.0;0.0;0.0;0.0;0.0;0.0;0.0;1.0;Intermediate
141.086701743;0.0;0.0;0.0;0.0;0.0;0.0;1.0;0.0;0.0;0.0;0.0;952.0;0.0;0.0;0.0;0.0;0.0;0.0;0.0;0.0;0.0;0.0;6.68333333333;1.0;0.0;0.0;288.0;0.0;351.0;0.0;0.0;0.0;0.0;0.0;0.0;0.0;0.0;0.0;0.0;0.0;0.0;0.0;0.0;0.0;0.0;0.0;0.0;27.7;0.0;0.0;0.0;0.0;0.0;0.0;0.0;103.0;0.0;0.0;3271;0.0;0.0;0.0;80.0;0.0;0.0;0.0;1585.5861;77.0;0.0;0.0;0.0;0.0;0.0;0.0;0.0;0.0;0.0;0.0;0.0;0.0;0.0;0.0;0.0;0.0;0.0;0.0;0.0;0.0;0.0;0.0;0.0;0.0;125.0;0.0;0.0;0.0;0.0;0.0;0.0;1.0;0.0;0.0;0.0;0.368697478992;0.0;0.0;0.0;0.0;0.0;8.3;0.0;0.0;0.0;0.0;155.723627716;0.0;0.0;0.0;0.0;0.0;0.0;119.196539101;0.0;26.92;0.0;0.0;0.0;0.0;29.9313653921;0.0;0.0;0.0;0.0;0.0;0.0;0.0;0.0;0.0;0.0;0.0;0.0;0.0;0.0;0.0;0.0;0.0;0.0;0.0;0.0;0.0;0.0;0.0;0.0;64.0;0.0;0.0;0.0;0.0;0.0;1500.0;0.0;6.7;0.0;223.399989039;0.0;0.0;0.0;0.0;0.0;0.0;0.0;0.0;0.0;1.77777777778;35.535080088;0.0;73.27;20.4;0.302521008403;0.0;0.0;0.0;0.0;0.0;0.0;0.0;0.0;52.5147744558;0.0;0.0;0.0;0.0;0.0;0.0;8.0;0.0;0.0;0.0;0.0;0.0;0.0;0.0;0.0;0.0;0.0;1.0;0.0;0.0;0.0;0.0;0.0;0.0;Intermediate
107.105786697;0.0;0.0;0.0;0.0;0.0;0.0;0.998953974895;0.0;0.0;0.0;0.0;1653.0;0.0;0.0;0.0;0.0;0.0;0.0;0.0;0.0;0.0;0.0;15.4;0.0;0.0;0.0;568.0;0.0;165.0;0.0;0.0;0.0;0.0;0.0;0.0;0.0;0.0;0.0;0.0;0.0;0.0;0.0;0.0;0.0;0.0;0.0;0.0;14.2;0.0;0.0;0.0;0.0;0.0;1.0;0.0;116.0;0.0;0.0;5322;0.0;0.0;0.0;52.0;0.0;0.0;0.0;1677.7215;51.0;0.0;0.0;0.0;0.0;0.0;0.0;0.0;0.0;0.0;0.0;0.0;0.0;0.0;0.0;0.0;0.0;0.0;0.0;0.0;0.0;0.0;0.0;0.0;0.0;135.0;0.0;0.0;0.0;0.0;0.0;0.0;0.0;0.0;0.0;0.0;0.0998185117967;0.0;0.0;0.0;0.0;0.0;6.9;0.0;0.0;0.0;0.0;121.680761725;0.0;0.0;0.0;0.0;0.0;0.0;17.9786241844;0.0;59.5;0.0;0.0;0.0;0.0;6.1971306809;0.0;0.0;0.0;0.0;0.0;0.0;0.0;0.0;0.0;0.0;0.0;0.0;0.0;0.0;0.0;0.0;0.0;0.0;0.0;0.0;0.0;0.0;0.0;0.0;118.0;0.0;0.0;0.0;0.0;0.0;1500.0;0.0;6.4;0.0;244.386103117;1.0;0.0;0.0;0.0;0.0;0.0;0.0;0.0;0.0;1.77777777778;16.2268894865;0.0;74.19;7.9;0.343617664852;0.0;0.0;0.0;0.0;0.0;0.0;0.0;0.0;10.7040913416;0.0;0.0;0.0;0.0;1.0;0.0;14.0;0.0;0.0;0.0;0.0;0.0;0.0;0.0;0.0;0.0;0.0;1.0;0.0;0.0;0.0;0.0;0.0;0.0;Difficult
123.325460217;0.0;0.0;0.0;0.0;0.0;0.0;1.0;0.0;0.0;0.0;0.0;1148.0;0.0;0.0;1.0;0.0;0.0;1.0;0.0;0.0;0.0;0.0;9.23333333333;1.0;0.0;0.0;425.0;0.0;425.0;0.0;0.0;0.0;0.0;0.0;0.0;0.0;0.0;0.0;0.0;0.0;0.0;0.0;0.0;0.0;0.0;0.0;0.0;22.0;0.0;0.0;0.0;0.0;0.0;0.0;0.0;147.0;0.0;0.0;3275;0.0;0.0;0.0;131.0;0.0;0.0;0.0;1585.5861;134.0;0.0;0.0;1.0;0.0;0.0;0.0;0.0;0.0;0.0;0.0;0.0;0.0;0.0;0.0;0.0;0.0;0.0;0.0;0.0;0.0;0.0;1.0;0.0;0.0;168.0;0.0;0.0;0.0;0.0;0.0;0.0;0.0;0.0;0.0;0.0;0.370209059233;0.0;0.0;0.0;0.0;0.0;10.3;0.0;0.0;0.0;0.0;134.685703821;0.0;0.0;0.0;0.0;0.0;0.0;119.600504948;0.0;41.4;0.0;1.0;0.0;0.0;30.9116614946;0.0;0.0;0.0;0.0;0.0;0.0;0.0;0.0;0.0;0.0;0.0;0.0;0.0;0.0;0.0;0.0;0.0;0.0;0.0;0.0;0.0;0.0;0.0;0.0;84.0;0.0;0.0;0.0;0.0;0.0;1500.0;0.0;7.5;0.0;223.194726961;0.0;0.0;0.0;0.0;0.0;0.0;0.0;0.0;0.0;1.77777777778;35.6651072469;0.0;66.03;12.8;0.370209059233;0.0;0.0;0.0;0.0;0.0;0.0;0.0;0.0;45.9765970106;0.0;0.0;0.0;0.0;0.0;0.0;20.0;0.0;0.0;0.0;0.0;0.0;0.0;0.0;0.0;0.0;0.0;0.0;0.0;0.0;0.0;0.0;0.0;0.0;VeryEasy
137.850178946;0.0;0.0;0.0;0.0;0.0;0.0;0.999004975124;0.0;0.0;0.0;0.0;2242.0;0.0;0.0;0.0;0.0;0.0;0.0;0.0;0.0;0.0;0.0;16.2;0.0;0.0;0.0;556.0;0.0;244.0;0.0;0.0;0.0;0.0;1.0;0.0;0.0;0.0;0.0;0.0;0.0;0.0;0.0;0.0;0.0;0.0;0.0;0.0;16.4;0.0;0.0;0.0;0.0;0.0;1.0;0.0;130.0;0.0;0.0;5326;0.0;1.0;0.0;68.0;0.0;0.0;0.0;1677.7215;92.0;0.0;0.0;0.0;0.0;0.0;0.0;0.0;0.0;0.0;0.0;0.0;0.0;0.0;0.0;0.0;1.0;0.0;0.0;0.0;0.0;0.0;0.0;1.0;0.0;160.0;0.0;0.0;1.0;0.0;0.0;0.0;0.0;0.0;0.0;0.0;0.108831400535;0.0;0.0;1.0;0.0;0.0;11.6;0.0;0.0;0.0;0.0;155.362582236;0.0;0.0;0.0;1.0;0.0;0.0;19.7896061226;0.0;36.89;0.0;0.0;0.0;1.0;7.48764185822;0.0;0.0;0.0;0.0;0.0;0.0;0.0;0.0;0.0;0.0;0.0;0.0;0.0;0.0;0.0;0.0;0.0;0.0;0.0;0.0;0.0;0.0;0.0;0.0;86.0;0.0;0.0;0.0;0.0;0.0;1500.0;0.0;11.1;0.0;243.858236497;0.0;0.0;0.0;0.0;0.0;0.0;0.0;0.0;0.0;1.77777777778;18.2287422079;0.0;61.9;12.4;0.247992863515;0.0;0.0;0.0;0.0;0.0;0.0;0.0;0.0;15.0561520425;0.0;0.0;0.0;0.0;0.0;0.0;14.0;0.0;0.0;0.0;0.0;0.0;0.0;0.0;0.0;0.0;0.0;0.0;0.0;0.0;0.0;0.0;0.0;0.0;Intermediate
161.272627537;0.0;0.0;0.0;0.0;0.0;0.0;1.0;0.0;0.0;0.0;0.0;589.0;0.0;0.0;0.0;0.0;0.0;0.0;0.0;0.0;0.0;0.0;3.63333333333;0.0;1.0;0.0;142.0;0.0;40.0;0.0;0.0;0.0;0.0;0.0;0.0;0.0;0.0;0.0;0.0;0.0;0.0;0.0;0.0;0.0;0.0;0.0;0.0;22.1;0.0;0.0;0.0;0.0;0.0;0.0;0.0;43.0;0.0;0.0;3286;0.0;0.0;0.0;18.0;0.0;0.0;0.0;1585.5861;22.0;0.0;0.0;0.0;0.0;0.0;0.0;0.0;0.0;0.0;0.0;0.0;0.0;0.0;0.0;0.0;0.0;0.0;0.0;0.0;0.0;0.0;0.0;0.0;0.0;63.0;0.0;0.0;0.0;0.0;0.0;0.0;0.0;0.0;0.0;0.0;0.0679117147708;0.0;0.0;0.0;0.0;0.0;6.1;0.0;0.0;0.0;0.0;172.613718094;0.0;0.0;0.0;0.0;0.0;0.0;104.208272318;0.0;19.03;0.0;0.0;0.0;0.0;20.9551887085;0.0;0.0;0.0;0.0;0.0;0.0;0.0;0.0;0.0;0.0;0.0;0.0;0.0;0.0;0.0;0.0;0.0;0.0;0.0;0.0;0.0;0.0;0.0;0.0;41.0;0.0;0.0;0.0;1.0;0.0;1500.0;0.0;5.4;0.0;233.67832641;0.0;0.0;0.0;0.0;0.0;0.0;0.0;0.0;0.0;1.77777777778;25.2378697112;0.0;82.24;13.1;0.241086587436;0.0;0.0;0.0;0.0;0.0;0.0;0.0;0.0;10.9709270433;0.0;0.0;0.0;0.0;0.0;0.0;4.0;0.0;0.0;0.0;0.0;0.0;0.0;0.0;0.0;0.0;0.0;0.0;0.0;0.0;0.0;0.0;0.0;0.0;Difficult
172.707327775;0.0;0.0;0.0;0.0;0.0;0.0;1.0;0.0;0.0;0.0;0.0;331.0;0.0;0.0;0.0;0.0;0.0;1.0;0.0;0.0;0.0;0.0;1.88333333333;0.0;0.0;0.0;93.0;0.0;64.0;0.0;0.0;0.0;0.0;0.0;0.0;0.0;0.0;0.0;0.0;0.0;0.0;0.0;0.0;0.0;0.0;0.0;0.0;18.9;0.0;0.0;0.0;0.0;1.0;0.0;0.0;22.0;0.0;0.0;3294;0.0;0.0;0.0;23.0;0.0;0.0;0.0;1585.5861;20.0;0.0;1.0;0.0;0.0;0.0;0.0;0.0;0.0;0.0;0.0;0.0;0.0;0.0;0.0;0.0;0.0;0.0;0.0;0.0;0.0;0.0;0.0;0.0;0.0;62.0;0.0;0.0;0.0;0.0;0.0;0.0;0.0;0.0;0.0;0.0;0.19335347432;0.0;0.0;1.0;0.0;0.0;9.1;0.0;0.0;0.0;0.0;181.217138279;0.0;0.0;0.0;0.0;0.0;0.0;120.519980828;0.0;33.1;0.0;0.0;0.0;0.0;20.4765957162;0.0;0.0;0.0;0.0;0.0;0.0;0.0;0.0;0.0;0.0;0.0;0.0;0.0;0.0;0.0;0.0;0.0;0.0;0.0;0.0;1.0;0.0;0.0;0.0;21.0;0.0;0.0;0.0;0.0;0.0;1500.0;0.0;8.3;0.0;211.172880675;0.0;0.0;0.0;0.0;0.0;0.0;0.0;0.0;0.0;1.77777777778;15.4184150006;0.0;63.9;11.8;0.280966767372;0.0;0.0;0.0;0.0;0.0;0.0;0.0;0.0;33.6989907854;0.0;0.0;0.0;0.0;0.0;0.0;5.0;0.0;0.0;0.0;0.0;0.0;0.0;0.0;0.0;0.0;0.0;0.0;0.0;0.0;0.0;0.0;0.0;0.0;Intermediate
162.916080638;0.0;0.0;0.0;0.0;0.0;0.0;1.0;0.0;0.0;0.0;0.0;699.0;0.0;0.0;0.0;0.0;0.0;0.0;0.0;0.0;0.0;0.0;4.25;0.0;0.0;0.0;216.0;0.0;335.0;0.0;0.0;0.0;0.0;0.0;0.0;0.0;0.0;0.0;0.0;0.0;0.0;0.0;0.0;0.0;0.0;0.0;0.0;15.0;0.0;0.0;0.0;0.0;0.0;0.0;0.0;67.0;0.0;0.0;3296;0.0;0.0;0.0;74.0;0.0;0.0;0.0;1664.5629;127.0;0.0;1.0;0.0;0.0;0.0;0.0;0.0;0.0;0.0;0.0;1.0;0.0;0.0;0.0;1.0;0.0;0.0;0.0;0.0;0.0;0.0;0.0;0.0;0.0;59.0;0.0;0.0;0.0;0.0;0.0;0.0;0.0;0.0;0.0;0.0;0.479256080114;0.0;0.0;0.0;0.0;0.0;6.0;0.0;1.0;0.0;0.0;171.327852485;0.0;1.0;0.0;0.0;0.0;0.0;48.71709814;0.0;37.5;0.0;0.0;0.0;0.0;21.0785980752;0.0;0.0;0.0;0.0;0.0;1.0;0.0;0.0;0.0;1.0;0.0;0.0;0.0;0.0;0.0;0.0;0.0;0.0;0.0;0.0;1.0;0.0;0.0;0.0;50.0;0.0;0.0;0.0;0.0;0.0;1500.0;0.0;5.2;0.0;215.484372476;0.0;0.0;0.0;0.0;0.0;0.0;0.0;0.0;0.0;1.77777777778;22.7231502303;0.0;82.65;12.2;0.309012875536;0.0;0.0;0.0;0.0;0.0;0.0;0.0;0.0;78.5278949836;1.0;0.0;0.0;0.0;0.0;0.0;20.0;0.0;0.0;0.0;1.0;0.0;0.0;0.0;0.0;0.0;0.0;0.0;0.0;0.0;0.0;1.0;0.0;0.0;Intermediate
154.403769482;0.0;0.0;0.0;0.0;0.0;0.0;1.0;0.0;0.0;0.0;0.0;427.0;0.0;0.0;0.0;0.0;0.0;0.0;0.0;0.0;0.0;0.0;2.75;0.0;0.0;0.0;139.0;0.0;187.0;0.0;0.0;0.0;0.0;0.0;0.0;0.0;0.0;0.0;0.0;0.0;0.0;0.0;0.0;0.0;0.0;0.0;0.0;6.2;0.0;0.0;0.0;0.0;0.0;1.0;0.0;34.0;0.0;0.0;3335;0.0;1.0;0.0;53.0;0.0;0.0;0.0;1677.7215;63.0;0.0;0.0;0.0;0.0;0.0;0.0;0.0;0.0;0.0;0.0;0.0;0.0;0.0;0.0;0.0;0.0;0.0;0.0;0.0;0.0;0.0;0.0;0.0;0.0;44.0;0.0;0.0;0.0;0.0;0.0;0.0;0.0;0.0;0.0;0.0;0.43793911007;0.0;0.0;0.0;0.0;0.0;4.6;0.0;0.0;0.0;0.0;161.946398023;0.0;0.0;0.0;0.0;0.0;0.0;9.74884476564;0.0;73.44;0.0;0.0;0.0;0.0;5.19404453462;0.0;0.0;0.0;0.0;0.0;0.0;0.0;0.0;0.0;0.0;0.0;0.0;0.0;0.0;0.0;0.0;0.0;0.0;0.0;0.0;0.0;0.0;0.0;0.0;34.0;0.0;1.0;0.0;0.0;0.0;1500.0;0.0;5.8;0.0;237.121077214;0.0;0.0;0.0;0.0;0.0;1.0;0.0;0.0;0.0;1.77777777778;9.24357625681;0.0;75.61;4.6;0.325526932084;0.0;0.0;0.0;0.0;0.0;0.0;0.0;0.0;67.7781805002;0.0;0.0;0.0;0.0;0.0;1.0;29.0;0.0;0.0;0.0;0.0;0.0;0.0;0.0;0.0;0.0;0.0;0.0;0.0;0.0;0.0;0.0;0.0;0.0;Difficult
145.593869732;0.0;0.0;0.0;0.0;0.0;0.0;1.0;0.0;0.0;0.0;0.0;893.0;0.0;0.0;0.0;0.0;0.0;0.0;0.0;0.0;0.0;0.0;6.13333333333;0.0;0.0;0.0;227.0;0.0;87.0;1.0;0.0;0.0;0.0;0.0;0.0;0.0;0.0;0.0;0.0;0.0;0.0;0.0;0.0;0.0;0.0;0.0;0.0;13.6;0.0;0.0;0.0;0.0;0.0;0.0;0.0;44.0;0.0;0.0;3350;0.0;0.0;0.0;21.0;0.0;0.0;0.0;1677.7215;29.0;0.0;0.0;0.0;0.0;0.0;0.0;0.0;0.0;0.0;0.0;0.0;0.0;0.0;0.0;0.0;0.0;0.0;0.0;0.0;0.0;0.0;0.0;0.0;0.0;94.0;0.0;0.0;0.0;0.0;0.0;0.0;0.0;0.0;0.0;0.0;0.0974244120941;0.0;0.0;0.0;0.0;0.0;7.1;0.0;0.0;0.0;0.0;149.085951195;0.0;1.0;0.0;0.0;0.0;0.0;7.59114691682;0.0;90.6;0.0;0.0;0.0;0.0;2.30399559719;0.0;0.0;0.0;0.0;0.0;0.0;0.0;0.0;0.0;0.0;0.0;0.0;0.0;0.0;0.0;0.0;0.0;0.0;0.0;0.0;0.0;0.0;0.0;0.0;61.0;0.0;0.0;0.0;0.0;0.0;1500.0;0.0;6.6;0.0;241.026877699;0.0;0.0;0.0;0.0;0.0;0.0;0.0;0.0;0.0;1.77777777778;6.80548894499;0.0;73.58;4.2;0.254199328108;0.0;0.0;0.0;0.0;0.0;0.0;0.0;1.0;14.1843971631;1.0;0.0;0.0;0.0;0.0;0.0;6.0;0.0;0.0;0.0;0.0;0.0;0.0;0.0;0.0;0.0;0.0;0.0;0.0;0.0;0.0;0.0;0.0;0.0;Easy
159.810314167;0.0;0.0;0.0;0.0;0.0;0.0;0.992366412214;0.0;0.0;0.0;0.0;673.0;0.0;0.0;0.0;0.0;0.0;0.0;0.0;0.0;0.0;0.0;4.21666666667;0.0;0.0;0.0;180.0;0.0;85.0;0.0;0.0;0.0;0.0;0.0;0.0;0.0;0.0;0.0;0.0;0.0;0.0;0.0;0.0;0.0;0.0;0.0;0.0;42.9;0.0;0.0;0.0;0.0;0.0;0.0;0.0;51.0;0.0;0.0;5407;0.0;0.0;0.0;12.0;0.0;0.0;0.0;1677.7215;9.0;0.0;0.0;0.0;0.0;0.0;0.0;0.0;0.0;0.0;0.0;0.0;0.0;0.0;0.0;0.0;0.0;0.0;0.0;0.0;0.0;0.0;0.0;0.0;0.0;83.0;1.0;0.0;0.0;0.0;0.0;0.0;0.0;1.0;0.0;0.0;0.126300148588;0.0;0.0;0.0;0.0;0.0;8.2;0.0;0.0;0.0;0.0;193.034111311;0.0;0.0;0.0;0.0;0.0;0.0;37.5741904406;0.0;-6.35;0.0;0.0;0.0;0.0;87.8977802516;0.0;0.0;0.0;0.0;0.0;0.0;0.0;0.0;1.0;0.0;0.0;0.0;0.0;0.0;0.0;0.0;0.0;0.0;0.0;0.0;0.0;0.0;0.0;0.0;39.0;0.0;0.0;0.0;0.0;0.0;1500.0;0.0;7.7;0.0;85.9694497897;0.0;0.0;0.0;0.0;0.0;0.0;0.0;0.0;0.0;1.77777777778;23.5763723439;0.0;70.84;35.3;0.267459138187;0.0;0.0;0.0;0.0;0.0;0.0;0.0;0.0;20.1541197392;1.0;0.0;0.0;0.0;0.0;0.0;1.0;0.0;0.0;0.0;0.0;0.0;0.0;0.0;0.0;0.0;0.0;0.0;0.0;0.0;0.0;0.0;0.0;0.0;Easy
144.711271516;0.0;0.0;0.0;0.0;0.0;0.0;1.0;0.0;0.0;0.0;0.0;2081.0;0.0;0.0;0.0;0.0;0.0;0.0;0.0;0.0;0.0;0.0;14.4;0.0;0.0;0.0;581.0;0.0;177.0;1.0;0.0;0.0;0.0;0.0;0.0;0.0;0.0;0.0;0.0;0.0;0.0;0.0;0.0;0.0;0.0;0.0;0.0;8.7;0.0;0.0;0.0;1.0;0.0;0.0;0.0;87.0;0.0;0.0;3364;0.0;0.0;0.0;32.0;0.0;0.0;0.0;1677.7215;75.0;0.0;0.0;0.0;0.0;0.0;0.0;0.0;0.0;0.0;0.0;0.0;0.0;0.0;0.0;0.0;0.0;0.0;0.0;0.0;0.0;0.0;0.0;0.0;0.0;143.0;0.0;0.0;0.0;0.0;0.0;0.0;0.0;0.0;0.0;0.0;0.0850552618933;0.0;0.0;0.0;0.0;0.0;5.4;0.0;0.0;0.0;0.0;148.032870889;0.0;0.0;0.0;1.0;0.0;0.0;10.673666075;0.0;81.49;0.0;0.0;0.0;0.0;3.24076276687;0.0;0.0;0.0;0.0;0.0;0.0;0.0;0.0;0.0;0.0;0.0;0.0;0.0;0.0;0.0;0.0;0.0;0.0;0.0;0.0;0.0;0.0;0.0;0.0;133.0;0.0;0.0;0.0;0.0;0.0;1500.0;0.0;5.8;0.0;238.515784774;0.0;0.0;0.0;0.0;0.0;0.0;0.0;0.0;0.0;1.77777777778;9.26946627753;0.0;81.02;3.6;0.279192695819;0.0;0.0;0.0;0.0;0.0;0.0;0.0;0.0;12.2848417546;0.0;0.0;0.0;0.0;1.0;0.0;26.0;0.0;0.0;0.0;0.0;0.0;0.0;0.0;0.0;0.0;0.0;0.0;0.0;0.0;0.0;0.0;0.0;0.0;Intermediate
148.864142539;0.0;0.0;0.0;0.0;0.0;0.0;0.995555555556;0.0;0.0;0.0;0.0;558.0;0.0;0.0;0.0;0.0;0.0;0.0;1.0;0.0;0.0;0.0;3.73333333333;0.0;1.0;0.0;145.0;0.0;140.0;0.0;0.0;0.0;0.0;0.0;0.0;0.0;0.0;0.0;0.0;0.0;0.0;0.0;0.0;0.0;0.0;0.0;0.0;8.2;0.0;0.0;0.0;0.0;0.0;0.0;0.0;44.0;0.0;0.0;5433;0.0;0.0;0.0;35.0;0.0;0.0;0.0;1677.7215;31.0;0.0;0.0;0.0;0.0;0.0;0.0;0.0;0.0;0.0;0.0;0.0;0.0;0.0;0.0;0.0;0.0;0.0;0.0;0.0;0.0;0.0;0.0;0.0;0.0;100.0;0.0;0.0;0.0;0.0;0.0;0.0;0.0;0.0;0.0;0.0;0.250896057348;0.0;0.0;0.0;0.0;0.0;12.3;0.0;0.0;0.0;0.0;182.196829274;0.0;0.0;0.0;0.0;0.0;0.0;38.4875872171;0.0;86.71;0.0;0.0;0.0;0.0;98.3014366598;0.0;0.0;0.0;0.0;0.0;0.0;0.0;0.0;0.0;0.0;0.0;0.0;0.0;0.0;0.0;0.0;0.0;0.0;0.0;0.0;0.0;0.0;0.0;0.0;24.0;0.0;0.0;0.0;0.0;1.0;1500.0;0.0;11.2;0.0;147.933050617;0.0;0.0;0.0;0.0;0.0;0.0;0.0;0.0;0.0;1.77777777778;43.087814801;0.0;56.29;3.7;0.259856630824;0.0;0.0;0.0;0.0;0.0;0.0;0.0;0.0;37.416481069;0.0;0.0;0.0;0.0;0.0;0.0;14.0;0.0;0.0;0.0;0.0;0.0;0.0;0.0;0.0;0.0;0.0;0.0;0.0;1.0;0.0;0.0;0.0;0.0;Difficult
121.748546409;0.0;0.0;0.0;0.0;0.0;0.0;0.997647058824;0.0;0.0;0.0;0.0;863.0;0.0;0.0;0.0;0.0;0.0;0.0;0.0;0.0;0.0;0.0;7.06666666667;0.0;0.0;0.0;226.0;0.0;277.0;0.0;0.0;0.0;0.0;0.0;0.0;0.0;0.0;0.0;0.0;0.0;0.0;0.0;0.0;0.0;0.0;0.0;0.0;30.8;0.0;0.0;0.0;0.0;0.0;0.0;0.0;57.0;0.0;0.0;5442;0.0;0.0;0.0;50.0;0.0;0.0;0.0;1447.446;99.0;0.0;0.0;0.0;0.0;0.0;0.0;0.0;0.0;0.0;0.0;0.0;0.0;0.0;0.0;1.0;0.0;0.0;0.0;0.0;0.0;0.0;0.0;0.0;0.0;112.0;0.0;0.0;0.0;0.0;0.0;0.0;0.0;0.0;0.0;0.0;0.320973348783;0.0;0.0;0.0;0.0;0.0;7.2;0.0;0.0;0.0;0.0;174.95314963;0.0;0.0;0.0;0.0;0.0;0.0;43.2886334877;0.0;23.7;0.0;0.0;0.0;0.0;78.7876209286;0.0;0.0;0.0;0.0;0.0;0.0;0.0;0.0;0.0;0.0;0.0;0.0;0.0;0.0;0.0;0.0;0.0;0.0;0.0;0.0;0.0;0.0;0.0;0.0;56.0;0.0;0.0;0.0;0.0;0.0;1500.0;0.0;6.9;0.0;181.870408637;0.0;0.0;0.0;0.0;0.0;1.0;0.0;0.0;0.0;1.77777777778;67.2808945791;0.0;72.76;23.7;0.261877172654;0.0;0.0;0.0;0.0;0.0;0.0;0.0;0.0;39.123372802;0.0;0.0;0.0;0.0;0.0;0.0;5.0;0.0;1.0;0.0;0.0;0.0;0.0;0.0;0.0;0.0;0.0;0.0;0.0;0.0;0.0;0.0;0.0;0.0;VeryDifficult
129.075857408;0.0;0.0;0.0;0.0;0.0;0.0;1.0;0.0;0.0;0.0;0.0;754.0;0.0;0.0;0.0;0.0;0.0;0.0;0.0;0.0;0.0;0.0;5.91666666667;0.0;0.0;1.0;192.0;0.0;250.0;0.0;0.0;0.0;0.0;0.0;0.0;0.0;0.0;0.0;0.0;0.0;0.0;0.0;0.0;0.0;0.0;0.0;0.0;120.3;0.0;0.0;0.0;0.0;0.0;0.0;0.0;43.0;0.0;0.0;5451;0.0;0.0;0.0;32.0;0.0;0.0;0.0;1467.9807;90.0;0.0;0.0;0.0;0.0;0.0;0.0;0.0;0.0;0.0;0.0;0.0;0.0;0.0;0.0;1.0;1.0;0.0;0.0;0.0;0.0;0.0;0.0;0.0;0.0;130.0;1.0;0.0;0.0;0.0;0.0;0.0;0.0;0.0;0.0;0.0;0.331564986737;0.0;0.0;0.0;0.0;0.0;14.0;0.0;0.0;0.0;0.0;127.044910601;0.0;0.0;0.0;0.0;0.0;0.0;77.5389249304;0.0;-148.44;0.0;0.0;0.0;0.0;42.6290984522;0.0;0.0;0.0;0.0;0.0;0.0;0.0;0.0;0.0;1.0;0.0;0.0;0.0;0.0;0.0;0.0;0.0;0.0;0.0;0.0;0.0;0.0;0.0;0.0;27.0;0.0;1.0;0.0;0.0;0.0;1500.0;0.0;13.0;0.0;184.188321486;0.0;0.0;0.0;0.0;0.0;1.0;0.0;0.0;0.0;1.77777777778;27.8537192406;0.0;51.62;96.1;0.254641909814;0.0;0.0;0.0;0.0;0.0;0.0;0.0;0.0;42.2368643352;1.0;0.0;0.0;1.0;0.0;0.0;1.0;0.0;1.0;0.0;0.0;0.0;0.0;0.0;0.0;0.0;0.0;0.0;0.0;0.0;0.0;0.0;0.0;0.0;VeryDifficult
137.754095125;0.0;0.0;0.0;0.0;0.0;0.0;1.0;0.0;0.0;0.0;0.0;694.0;0.0;0.0;0.0;0.0;0.0;0.0;0.0;0.0;1.0;0.0;5.06666666667;0.0;0.0;0.0;198.0;0.0;453.0;0.0;0.0;0.0;0.0;0.0;0.0;0.0;0.0;0.0;0.0;0.0;0.0;0.0;0.0;0.0;1.0;0.0;0.0;36.1;0.0;0.0;0.0;0.0;0.0;0.0;0.0;48.0;0.0;0.0;5459;0.0;0.0;0.0;40.0;0.0;0.0;0.0;1447.446;160.0;0.0;0.0;0.0;0.0;0.0;0.0;0.0;0.0;0.0;0.0;0.0;0.0;0.0;0.0;1.0;1.0;0.0;0.0;0.0;0.0;0.0;0.0;0.0;0.0;87.0;1.0;0.0;0.0;0.0;0.0;0.0;0.0;0.0;0.0;0.0;0.652737752161;0.0;0.0;0.0;0.0;0.0;7.3;0.0;0.0;0.0;0.0;178.903826267;0.0;0.0;0.0;0.0;0.0;0.0;36.9002267049;0.0;45.6;0.0;1.0;0.0;0.0;45.8873579635;0.0;0.0;0.0;0.0;0.0;1.0;0.0;0.0;0.0;0.0;0.0;0.0;0.0;0.0;0.0;0.0;0.0;0.0;0.0;0.0;0.0;0.0;0.0;0.0;47.0;0.0;0.0;0.0;0.0;0.0;1500.0;0.0;6.7;0.0;157.849842409;0.0;0.0;0.0;0.0;0.0;0.0;0.0;0.0;0.0;1.77777777778;30.133884883;0.0;73.37;25.7;0.28530259366;0.0;0.0;0.0;0.0;0.0;0.0;0.0;0.0;89.4020130255;1.0;0.0;0.0;0.0;0.0;0.0;6.0;0.0;0.0;0.0;0.0;0.0;0.0;0.0;0.0;0.0;0.0;0.0;0.0;0.0;0.0;0.0;0.0;0.0;VeryEasy
180.58592042;0.0;0.0;0.0;0.0;0.0;0.0;0.996363636364;0.0;0.0;0.0;0.0;828.0;0.0;0.0;0.0;0.0;0.0;0.0;0.0;0.0;0.0;0.0;4.56666666667;0.0;0.0;0.0;255.0;0.0;33.0;0.0;0.0;0.0;0.0;1.0;0.0;0.0;0.0;0.0;0.0;0.0;0.0;0.0;0.0;0.0;0.0;0.0;0.0;18.2;0.0;0.0;0.0;0.0;0.0;0.0;0.0;55.0;0.0;0.0;5485;1.0;0.0;0.0;4.0;0.0;0.0;0.0;1592.1654;15.0;0.0;0.0;0.0;0.0;0.0;0.0;0.0;0.0;0.0;0.0;1.0;0.0;0.0;0.0;0.0;1.0;0.0;0.0;1.0;0.0;0.0;0.0;0.0;0.0;81.0;1.0;0.0;0.0;0.0;0.0;0.0;0.0;0.0;0.0;0.0;0.0398550724638;0.0;0.0;0.0;0.0;0.0;4.5;0.0;0.0;0.0;0.0;183.695708578;0.0;0.0;0.0;0.0;0.0;0.0;113.0964754;0.0;54.9;0.0;0.0;0.0;0.0;39.4183561027;0.0;0.0;0.0;0.0;0.0;0.0;0.0;0.0;0.0;0.0;0.0;0.0;0.0;0.0;0.0;0.0;0.0;0.0;0.0;0.0;0.0;0.0;0.0;0.0;70.0;0.0;1.0;0.0;0.0;0.0;1500.0;0.0;5.5;0.0;216.972720167;0.0;0.0;0.0;0.0;0.0;1.0;0.0;0.0;0.0;1.77777777778;40.2091510618;0.0;76.42;13.8;0.307971014493;0.0;0.0;0.0;0.0;0.0;0.0;0.0;0.0;7.2146917359;1.0;0.0;0.0;0.0;0.0;0.0;1.0;0.0;1.0;0.0;1.0;0.0;0.0;0.0;0.0;0.0;0.0;0.0;0.0;0.0;0.0;0.0;0.0;0.0;Intermediate
162.352941176;0.0;0.0;0.0;0.0;0.0;0.0;1.0;0.0;0.0;0.0;0.0;805.0;0.0;0.0;0.0;0.0;0.0;0.0;0.0;1.0;0.0;0.0;4.95;0.0;0.0;0.0;215.0;0.0;72.0;0.0;0.0;0.0;0.0;0.0;0.0;0.0;0.0;0.0;0.0;0.0;0.0;0.0;0.0;0.0;0.0;0.0;0.0;10.8;0.0;0.0;0.0;0.0;0.0;1.0;0.0;51.0;0.0;0.0;5488;0.0;0.0;0.0;16.0;0.0;0.0;0.0;1592.1654;29.0;0.0;0.0;0.0;0.0;0.0;0.0;0.0;0.0;0.0;0.0;0.0;0.0;0.0;0.0;0.0;0.0;0.0;0.0;0.0;0.0;0.0;0.0;0.0;0.0;78.0;0.0;0.0;0.0;0.0;0.0;0.0;1.0;0.0;0.0;0.0;0.0894409937888;0.0;0.0;0.0;0.0;0.0;6.0;0.0;0.0;0.0;0.0;163.917735695;0.0;0.0;0.0;0.0;0.0;0.0;109.606802112;0.0;77.94;1.0;0.0;0.0;0.0;25.3109236538;0.0;0.0;0.0;0.0;0.0;0.0;0.0;0.0;0.0;0.0;0.0;0.0;0.0;0.0;0.0;0.0;0.0;0.0;0.0;0.0;0.0;0.0;0.0;0.0;52.0;0.0;0.0;0.0;0.0;0.0;1500.0;0.0;5.8;0.0;219.847466644;0.0;0.0;1.0;0.0;0.0;0.0;0.0;0.0;0.0;1.77777777778;24.6173989954;0.0;81.12;4.9;0.267080745342;0.0;0.0;0.0;0.0;0.0;0.0;0.0;0.0;14.5210084034;0.0;0.0;0.0;0.0;0.0;0.0;7.0;0.0;1.0;0.0;0.0;0.0;0.0;0.0;0.0;0.0;0.0;0.0;0.0;0.0;0.0;0.0;0.0;0.0;VeryEasy
173.084955309;0.0;0.0;0.0;0.0;0.0;0.0;0.997222222222;0.0;0.0;0.0;0.0;1033.0;0.0;0.0;0.0;0.0;0.0;0.0;0.0;1.0;0.0;0.0;5.98333333333;0.0;0.0;0.0;331.0;0.0;196.0;0.0;0.0;0.0;0.0;1.0;0.0;0.0;0.0;0.0;0.0;0.0;0.0;0.0;0.0;0.0;0.0;1.0;0.0;13.3;0.0;0.0;0.0;0.0;0.0;0.0;0.0;64.0;0.0;0.0;5490;0.0;0.0;0.0;40.0;0.0;0.0;0.0;1592.1654;52.0;0.0;0.0;0.0;0.0;0.0;0.0;0.0;0.0;0.0;0.0;0.0;0.0;0.0;0.0;0.0;0.0;0.0;0.0;0.0;0.0;0.0;0.0;0.0;0.0;140.0;0.0;0.0;0.0;0.0;0.0;0.0;0.0;0.0;0.0;0.0;0.189738625363;0.0;0.0;1.0;0.0;0.0;6.8;0.0;0.0;0.0;0.0;173.691290214;0.0;0.0;0.0;0.0;0.0;0.0;117.629002358;0.0;71.85;0.0;0.0;0.0;0.0;38.0364722329;0.0;0.0;0.0;0.0;0.0;0.0;0.0;0.0;0.0;0.0;0.0;0.0;0.0;0.0;0.0;0.0;0.0;0.0;0.0;0.0;0.0;0.0;0.0;0.0;68.0;0.0;0.0;0.0;0.0;0.0;1500.0;0.0;6.9;0.0;218.423012137;0.0;0.0;0.0;0.0;0.0;0.0;0.0;0.0;0.0;1.77777777778;37.8751882049;0.0;72.97;7.3;0.320425943853;0.0;0.0;1.0;0.0;0.0;0.0;0.0;0.0;32.7458023557;0.0;0.0;0.0;0.0;0.0;0.0;12.0;0.0;0.0;0.0;0.0;0.0;0.0;0.0;0.0;0.0;0.0;0.0;0.0;0.0;0.0;0.0;1.0;0.0;Intermediate
150.293942234;0.0;0.0;0.0;0.0;0.0;0.0;1.0;0.0;0.0;0.0;0.0;882.0;0.0;0.0;0.0;0.0;0.0;0.0;0.0;0.0;0.0;0.0;5.86666666667;0.0;0.0;0.0;274.0;0.0;204.0;0.0;0.0;0.0;0.0;0.0;0.0;0.0;0.0;0.0;0.0;0.0;0.0;0.0;0.0;0.0;0.0;0.0;0.0;16.9;0.0;0.0;0.0;0.0;0.0;0.0;0.0;64.0;0.0;0.0;5554;0.0;0.0;0.0;54.0;0.0;0.0;0.0;1585.5861;58.0;0.0;0.0;0.0;0.0;0.0;0.0;0.0;0.0;0.0;0.0;0.0;0.0;0.0;0.0;0.0;0.0;0.0;0.0;0.0;0.0;0.0;0.0;0.0;0.0;113.0;0.0;0.0;0.0;0.0;0.0;0.0;0.0;0.0;0.0;0.0;0.231292517007;0.0;0.0;1.0;0.0;0.0;7.1;0.0;0.0;0.0;0.0;173.948486004;0.0;0.0;0.0;1.0;0.0;0.0;116.570886826;0.0;54.22;0.0;0.0;0.0;0.0;20.4875270698;0.0;0.0;0.0;0.0;0.0;0.0;0.0;0.0;0.0;0.0;0.0;0.0;0.0;0.0;0.0;0.0;0.0;0.0;0.0;0.0;0.0;0.0;0.0;0.0;60.0;0.0;0.0;0.0;0.0;0.0;1500.0;0.0;6.7;0.0;227.439134684;0.0;0.0;0.0;0.0;0.0;0.0;0.0;0.0;0.0;1.77777777778;23.3353596467;0.0;73.47;9.9;0.310657596372;0.0;0.0;0.0;0.0;0.0;0.0;0.0;0.0;34.7618641902;1.0;0.0;0.0;0.0;1.0;0.0;12.0;0.0;0.0;0.0;0.0;0.0;0.0;0.0;0.0;0.0;0.0;1.0;1.0;0.0;0.0;0.0;0.0;0.0;VeryEasy
159.318637275;0.0;0.0;0.0;0.0;0.0;0.0;1.0;0.0;1.0;0.0;0.0;530.0;0.0;0.0;0.0;0.0;0.0;0.0;0.0;0.0;0.0;0.0;3.31666666667;0.0;0.0;0.0;195.0;0.0;123.0;0.0;0.0;0.0;0.0;0.0;0.0;0.0;0.0;1.0;0.0;0.0;0.0;0.0;0.0;0.0;0.0;0.0;0.0;22.9;0.0;0.0;0.0;0.0;0.0;0.0;0.0;43.0;0.0;0.0;5555;0.0;0.0;0.0;44.0;0.0;0.0;0.0;1585.5861;41.0;0.0;0.0;0.0;0.0;0.0;0.0;0.0;0.0;0.0;0.0;0.0;0.0;0.0;0.0;0.0;0.0;0.0;0.0;0.0;0.0;0.0;0.0;0.0;0.0;88.0;0.0;0.0;0.0;0.0;0.0;0.0;0.0;0.0;0.0;0.0;0.232075471698;0.0;0.0;1.0;0.0;0.0;7.5;0.0;0.0;0.0;0.0;177.928973887;0.0;0.0;0.0;0.0;0.0;0.0;118.919362847;0.0;48.67;0.0;0.0;0.0;0.0;28.1852550926;0.0;0.0;0.0;0.0;0.0;0.0;0.0;0.0;0.0;0.0;0.0;0.0;0.0;0.0;0.0;0.0;0.0;0.0;0.0;0.0;0.0;0.0;0.0;0.0;36.0;0.0;0.0;0.0;0.0;0.0;1500.0;0.0;7.8;0.0;218.286995862;0.0;0.0;0.0;0.0;1.0;0.0;0.0;0.0;0.0;1.77777777778;24.2511294645;0.0;65.01;14.1;0.367924528302;0.0;0.0;0.0;0.0;0.0;0.0;0.0;0.0;36.9739478958;0.0;0.0;0.0;0.0;0.0;0.0;4.0;0.0;0.0;1.0;0.0;0.0;0.0;0.0;0.0;0.0;0.0;0.0;0.0;0.0;0.0;0.0;0.0;0.0;Difficult
153.561315618;0.0;0.0;0.0;0.0;0.0;0.0;1.0;0.0;0.0;0.0;0.0;940.0;0.0;0.0;0.0;0.0;0.0;0.0;0.0;0.0;1.0;0.0;6.11666666667;0.0;0.0;0.0;321.0;0.0;87.0;0.0;0.0;0.0;0.0;0.0;0.0;0.0;0.0;0.0;0.0;0.0;0.0;0.0;0.0;0.0;0.0;0.0;0.0;20.0;0.0;0.0;0.0;0.0;0.0;0.0;0.0;70.0;0.0;0.0;5558;0.0;0.0;0.0;30.0;0.0;0.0;0.0;1585.5861;41.0;0.0;0.0;0.0;0.0;0.0;0.0;0.0;0.0;0.0;0.0;1.0;0.0;0.0;0.0;0.0;0.0;0.0;0.0;0.0;0.0;0.0;0.0;0.0;0.0;111.0;1.0;0.0;0.0;0.0;0.0;0.0;0.0;0.0;0.0;0.0;0.0925531914894;0.0;0.0;0.0;0.0;0.0;6.3;0.0;0.0;0.0;0.0;163.703649953;0.0;0.0;0.0;0.0;0.0;0.0;114.16070542;0.0;25.05;0.0;0.0;0.0;0.0;16.5440381843;0.0;0.0;0.0;0.0;0.0;0.0;0.0;0.0;0.0;0.0;0.0;0.0;0.0;0.0;0.0;0.0;0.0;0.0;0.0;0.0;0.0;0.0;0.0;0.0;79.0;0.0;0.0;0.0;0.0;0.0;1500.0;0.0;5.6;0.0;231.034624751;0.0;0.0;0.0;0.0;0.0;0.0;0.0;0.0;0.0;1.77777777778;19.7379531438;0.0;76.32;12.8;0.341489361702;0.0;0.0;0.0;0.0;0.0;0.0;0.0;0.0;14.2125898497;0.0;0.0;0.0;0.0;0.0;1.0;7.0;0.0;0.0;0.0;1.0;0.0;0.0;0.0;0.0;0.0;0.0;0.0;0.0;0.0;0.0;0.0;0.0;0.0;Difficult
141.000498587;0.0;0.0;0.0;0.0;0.0;0.0;0.993355481728;0.0;0.0;0.0;0.0;704.0;0.0;0.0;0.0;0.0;0.0;0.0;0.0;0.0;0.0;0.0;5.0;0.0;0.0;0.0;260.0;0.0;131.0;0.0;0.0;0.0;0.0;0.0;0.0;0.0;0.0;0.0;0.0;0.0;0.0;0.0;0.0;0.0;0.0;0.0;0.0;13.5;0.0;0.0;0.0;0.0;0.0;0.0;0.0;54.0;0.0;0.0;5599;0.0;0.0;0.0;33.0;0.0;0.0;0.0;1677.7215;40.0;0.0;0.0;0.0;0.0;0.0;0.0;0.0;0.0;0.0;0.0;0.0;0.0;0.0;0.0;0.0;0.0;0.0;0.0;0.0;0.0;0.0;0.0;0.0;0.0;78.0;0.0;0.0;0.0;0.0;0.0;0.0;0.0;0.0;0.0;0.0;0.186079545455;0.0;0.0;0.0;0.0;0.0;5.2;0.0;0.0;0.0;0.0;156.226406756;0.0;0.0;0.0;0.0;0.0;0.0;19.100327272;0.0;60.95;0.0;0.0;0.0;0.0;11.8526368381;0.0;0.0;0.0;0.0;0.0;0.0;0.0;0.0;0.0;1.0;0.0;0.0;0.0;0.0;0.0;0.0;0.0;0.0;0.0;0.0;0.0;0.0;0.0;0.0;50.0;0.0;1.0;0.0;0.0;0.0;1500.0;0.0;5.2;0.0;208.044969918;0.0;0.0;0.0;0.0;0.0;1.0;0.0;0.0;0.0;1.77777777778;15.4026916182;0.0;82.54;9.4;0.369318181818;0.0;0.0;0.0;0.0;0.0;0.0;0.0;0.0;26.1259764002;0.0;0.0;0.0;0.0;0.0;0.0;7.0;0.0;1.0;0.0;0.0;0.0;0.0;0.0;0.0;0.0;0.0;0.0;0.0;0.0;0.0;0.0;0.0;0.0;Easy
148.145032388;0.0;0.0;0.0;0.0;0.0;0.0;0.998643147897;0.0;0.0;0.0;0.0;1756.0;0.0;0.0;0.0;0.0;0.0;0.0;0.0;0.0;0.0;0.0;11.8833333333;0.0;0.0;0.0;461.0;0.0;409.0;0.0;0.0;0.0;0.0;0.0;0.0;0.0;0.0;0.0;0.0;0.0;0.0;0.0;0.0;0.0;0.0;0.0;0.0;12.4;0.0;0.0;1.0;0.0;0.0;0.0;0.0;107.0;0.0;0.0;5621;0.0;0.0;0.0;83.0;0.0;0.0;0.0;1677.7215;180.0;0.0;0.0;0.0;0.0;0.0;0.0;0.0;0.0;0.0;0.0;0.0;0.0;0.0;0.0;0.0;0.0;0.0;0.0;0.0;0.0;0.0;0.0;0.0;0.0;119.0;0.0;0.0;0.0;0.0;0.0;0.0;0.0;0.0;0.0;0.0;0.23291571754;0.0;0.0;0.0;0.0;0.0;8.0;0.0;0.0;0.0;0.0;166.804353973;0.0;0.0;1.0;0.0;0.0;0.0;22.8499867429;0.0;54.9;0.0;0.0;0.0;0.0;13.6075183086;0.0;0.0;0.0;0.0;0.0;0.0;0.0;0.0;0.0;0.0;0.0;0.0;0.0;0.0;0.0;0.0;0.0;0.0;0.0;0.0;0.0;0.0;0.0;0.0;98.0;0.0;0.0;0.0;0.0;0.0;1500.0;0.0;6.7;0.0;213.995588482;0.0;0.0;0.0;0.0;0.0;0.0;0.0;0.0;0.0;1.77777777778;17.2570973142;0.0;78.69;7.6;0.262528473804;0.0;0.0;0.0;0.0;0.0;0.0;0.0;1.0;34.4073357449;1.0;0.0;0.0;0.0;0.0;0.0;51.0;0.0;0.0;0.0;0.0;0.0;0.0;0.0;0.0;0.0;0.0;0.0;0.0;0.0;0.0;0.0;0.0;0.0;VeryEasy
135.951661631;0.0;0.0;0.0;0.0;0.0;0.0;0.984962406015;0.0;0.0;0.0;0.0;300.0;0.0;0.0;0.0;0.0;0.0;0.0;0.0;0.0;0.0;0.0;2.2;0.0;0.0;0.0;80.0;0.0;75.0;0.0;0.0;0.0;0.0;0.0;0.0;0.0;0.0;0.0;0.0;0.0;0.0;0.0;0.0;0.0;0.0;0.0;0.0;17.8;0.0;0.0;0.0;0.0;0.0;0.0;0.0;14.0;0.0;0.0;5624;0.0;0.0;0.0;24.0;0.0;0.0;0.0;1572.4527;31.0;0.0;0.0;0.0;0.0;0.0;0.0;0.0;0.0;0.0;0.0;0.0;0.0;0.0;0.0;0.0;0.0;0.0;0.0;0.0;0.0;0.0;0.0;0.0;0.0;47.0;0.0;0.0;0.0;0.0;0.0;0.0;0.0;0.0;0.0;0.0;0.25;0.0;0.0;0.0;0.0;0.0;9.6;0.0;0.0;0.0;0.0;135.962957648;0.0;0.0;1.0;0.0;0.0;0.0;35.5619606452;0.0;52.15;0.0;0.0;0.0;0.0;20.833281424;0.0;0.0;0.0;0.0;0.0;0.0;0.0;0.0;0.0;0.0;0.0;0.0;0.0;0.0;0.0;0.0;0.0;0.0;0.0;0.0;0.0;0.0;0.0;0.0;16.0;0.0;0.0;0.0;0.0;0.0;1500.0;0.0;8.3;0.0;183.936266433;0.0;0.0;0.0;0.0;0.0;0.0;0.0;0.0;0.0;1.77777777778;17.0319791823;0.0;69.31;8.6;0.266666666667;0.0;0.0;0.0;0.0;0.0;0.0;0.0;1.0;33.9879154079;0.0;0.0;0.0;0.0;0.0;0.0;7.0;0.0;0.0;0.0;0.0;0.0;0.0;0.0;0.0;0.0;0.0;0.0;0.0;0.0;0.0;0.0;0.0;0.0;Easy
132.712140402;0.0;0.0;0.0;0.0;0.0;0.0;0.999562363239;0.0;0.0;0.0;0.0;4920.0;0.0;0.0;0.0;0.0;0.0;0.0;0.0;0.0;0.0;0.0;36.8333333333;0.0;0.0;0.0;1542.0;0.0;2660.0;0.0;0.0;0.0;0.0;0.0;0.0;0.0;0.0;0.0;0.0;0.0;0.0;0.0;0.0;0.0;0.0;0.0;0.0;5.6;0.0;0.0;1.0;0.0;0.0;0.0;0.0;318.0;0.0;0.0;5628;0.0;0.0;0.0;280.0;0.0;0.0;0.0;1677.7215;934.0;0.0;0.0;0.0;0.0;0.0;0.0;0.0;0.0;0.0;0.0;0.0;0.0;0.0;0.0;0.0;0.0;0.0;0.0;0.0;0.0;0.0;0.0;0.0;0.0;307.0;0.0;0.0;0.0;0.0;0.0;0.0;0.0;0.0;0.0;0.0;0.540650406504;0.0;0.0;0.0;0.0;0.0;4.4;0.0;0.0;0.0;0.0;162.945302727;0.0;0.0;1.0;0.0;1.0;0.0;18.7402825096;0.0;87.92;0.0;0.0;0.0;0.0;11.8793557538;0.0;0.0;0.0;0.0;0.0;0.0;0.0;0.0;0.0;0.0;0.0;0.0;0.0;0.0;0.0;0.0;0.0;0.0;0.0;0.0;0.0;0.0;0.0;0.0;374.0;0.0;0.0;0.0;0.0;0.0;1500.0;0.0;4.9;0.0;219.359205711;0.0;0.0;0.0;0.0;1.0;0.0;0.0;0.0;0.0;1.77777777778;15.8176699596;0.0;83.46;3.2;0.313414634146;0.0;0.0;0.0;0.0;0.0;0.0;0.0;0.0;72.191062059;1.0;0.0;0.0;0.0;1.0;0.0;302.0;0.0;0.0;0.0;0.0;0.0;0.0;0.0;0.0;0.0;0.0;0.0;0.0;0.0;0.0;0.0;0.0;0.0;VeryEasy
156.671449067;0.0;0.0;0.0;0.0;0.0;0.0;1.0;0.0;0.0;0.0;0.0;363.0;0.0;0.0;0.0;0.0;0.0;0.0;0.0;0.0;0.0;0.0;2.31666666667;0.0;0.0;0.0;123.0;0.0;67.0;0.0;0.0;0.0;0.0;0.0;0.0;0.0;0.0;0.0;0.0;0.0;0.0;0.0;0.0;0.0;0.0;0.0;0.0;2.2;0.0;0.0;0.0;0.0;0.0;1.0;0.0;21.0;0.0;0.0;5672;0.0;1.0;0.0;5.0;0.0;0.0;0.0;205.5558;22.0;0.0;0.0;0.0;0.0;0.0;0.0;0.0;0.0;0.0;0.0;0.0;0.0;0.0;0.0;0.0;0.0;0.0;1.0;0.0;0.0;0.0;0.0;0.0;0.0;41.0;0.0;0.0;0.0;0.0;0.0;1.0;0.0;0.0;0.0;0.0;0.184573002755;0.0;0.0;1.0;0.0;0.0;5.0;0.0;0.0;0.0;0.0;162.007339559;0.0;0.0;0.0;0.0;0.0;0.0;111.744966063;0.0;125.55;0.0;0.0;0.0;0.0;51.9948148975;0.0;0.0;0.0;0.0;0.0;0.0;0.0;0.0;0.0;0.0;0.0;0.0;0.0;0.0;0.0;0.0;0.0;0.0;0.0;0.0;0.0;0.0;0.0;0.0;25.0;0.0;0.0;0.0;0.0;0.0;1500.0;0.0;5.4;0.0;196.948900918;0.0;0.0;0.0;0.0;0.0;0.0;0.0;0.0;0.0;1.77777777778;39.3325468999;0.0;82.14;-1.0;0.338842975207;0.0;0.0;0.0;0.0;0.0;0.0;0.0;0.0;28.8378766141;0.0;0.0;0.0;0.0;0.0;1.0;5.0;0.0;1.0;0.0;0.0;0.0;0.0;0.0;0.0;0.0;0.0;0.0;0.0;0.0;0.0;0.0;0.0;0.0;VeryEasy
138.515782404;0.0;0.0;0.0;0.0;0.0;1.0;0.98985801217;0.0;0.0;0.0;0.0;1114.0;0.0;0.0;0.0;0.0;0.0;0.0;0.0;0.0;0.0;0.0;7.93333333333;0.0;0.0;0.0;376.0;0.0;212.0;0.0;0.0;0.0;0.0;0.0;0.0;0.0;0.0;0.0;0.0;0.0;0.0;0.0;0.0;0.0;0.0;0.0;0.0;33.4;0.0;0.0;0.0;0.0;0.0;0.0;0.0;135.0;0.0;0.0;1592;0.0;0.0;0.0;78.0;0.0;0.0;1.0;1677.7215;76.0;0.0;0.0;0.0;0.0;0.0;0.0;0.0;0.0;0.0;0.0;0.0;0.0;0.0;0.0;0.0;0.0;0.0;0.0;0.0;0.0;0.0;0.0;0.0;0.0;239.0;0.0;0.0;0.0;0.0;0.0;0.0;0.0;0.0;0.0;0.0;0.190305206463;0.0;0.0;0.0;0.0;0.0;12.7;0.0;0.0;0.0;0.0;151.241209105;0.0;0.0;0.0;0.0;0.0;0.0;45.6602403714;0.0;17.68;0.0;0.0;0.0;0.0;10.9734362127;0.0;0.0;0.0;0.0;0.0;0.0;0.0;0.0;0.0;0.0;0.0;0.0;0.0;0.0;1.0;0.0;0.0;0.0;0.0;0.0;0.0;0.0;0.0;0.0;71.0;0.0;0.0;0.0;0.0;0.0;1500.0;0.0;11.8;0.0;235.870332393;0.0;0.0;0.0;0.0;0.0;0.0;0.0;0.0;0.0;1.77777777778;20.8167443316;0.0;38.62;24.0;0.337522441652;0.0;0.0;0.0;0.0;0.0;0.0;0.0;0.0;26.6957689725;0.0;0.0;0.0;0.0;0.0;0.0;4.0;0.0;0.0;0.0;0.0;0.0;0.0;0.0;0.0;0.0;0.0;0.0;0.0;0.0;1.0;0.0;0.0;0.0;Easy
146.504390071;0.0;0.0;0.0;0.0;0.0;1.0;0.997555012225;0.0;0.0;0.0;0.0;968.0;0.0;0.0;0.0;0.0;0.0;0.0;0.0;0.0;0.0;0.0;6.58333333333;0.0;0.0;0.0;299.0;0.0;141.0;0.0;0.0;0.0;0.0;0.0;0.0;0.0;0.0;0.0;0.0;0.0;0.0;0.0;0.0;0.0;0.0;0.0;0.0;32.1;0.0;0.0;0.0;0.0;0.0;0.0;0.0;138.0;0.0;0.0;1593;0.0;0.0;0.0;52.0;0.0;0.0;0.0;1677.7215;36.0;0.0;0.0;0.0;0.0;0.0;0.0;0.0;0.0;0.0;0.0;0.0;0.0;0.0;0.0;0.0;0.0;0.0;0.0;0.0;0.0;0.0;0.0;0.0;0.0;199.0;0.0;0.0;0.0;0.0;0.0;0.0;0.0;0.0;0.0;0.0;0.145661157025;0.0;0.0;0.0;0.0;0.0;13.3;0.0;0.0;0.0;0.0;163.797615175;0.0;0.0;0.0;0.0;0.0;0.0;45.3035885714;0.0;15.31;0.0;0.0;0.0;0.0;13.3465611983;0.0;0.0;0.0;0.0;0.0;0.0;0.0;0.0;0.0;0.0;0.0;0.0;0.0;0.0;0.0;0.0;0.0;0.0;0.0;0.0;0.0;0.0;0.0;0.0;54.0;0.0;0.0;0.0;0.0;0.0;1500.0;0.0;12.6;0.0;235.624123177;0.0;0.0;0.0;0.0;0.0;0.0;0.0;0.0;0.0;1.77777777778;25.229389624;0.0;36.39;22.8;0.308884297521;0.0;0.0;0.0;0.0;0.0;0.0;0.0;0.0;21.4063409327;0.0;0.0;0.0;0.0;0.0;0.0;3.0;0.0;0.0;0.0;0.0;0.0;0.0;0.0;0.0;0.0;0.0;0.0;0.0;0.0;1.0;0.0;0.0;0.0;Intermediate
138.44396497;0.0;0.0;0.0;0.0;0.0;0.0;0.994923857868;0.0;0.0;0.0;0.0;909.0;0.0;0.0;0.0;0.0;0.0;0.0;0.0;0.0;0.0;0.0;6.55;0.0;0.0;0.0;272.0;0.0;399.0;0.0;0.0;0.0;0.0;0.0;0.0;0.0;0.0;0.0;0.0;0.0;0.0;0.0;0.0;0.0;0.0;0.0;0.0;34.3;0.0;0.0;0.0;0.0;0.0;0.0;0.0;121.0;0.0;0.0;1596;0.0;1.0;0.0;104.0;0.0;0.0;1.0;1677.7215;111.0;0.0;0.0;0.0;0.0;0.0;0.0;0.0;0.0;0.0;0.0;1.0;0.0;0.0;0.0;0.0;0.0;0.0;0.0;0.0;0.0;0.0;0.0;0.0;0.0;207.0;0.0;0.0;0.0;0.0;0.0;0.0;0.0;0.0;0.0;0.0;0.438943894389;0.0;0.0;0.0;0.0;0.0;13.8;0.0;0.0;0.0;0.0;160.509486658;0.0;0.0;0.0;0.0;0.0;0.0;35.4768032251;0.0;13.62;0.0;0.0;0.0;0.0;11.0054491857;0.0;0.0;0.0;0.0;0.0;0.0;0.0;0.0;0.0;0.0;0.0;0.0;0.0;0.0;0.0;0.0;0.0;0.0;0.0;0.0;1.0;0.0;0.0;0.0;50.0;0.0;1.0;0.0;0.0;0.0;1500.0;0.0;11.6;0.0;236.640172549;0.0;0.0;0.0;0.0;0.0;0.0;0.0;0.0;0.0;1.77777777778;18.9036602234;0.0;44.54;25.5;0.299229922992;0.0;0.0;0.0;0.0;0.0;0.0;0.0;0.0;60.7691331387;1.0;0.0;0.0;0.0;0.0;0.0;7.0;0.0;0.0;0.0;0.0;0.0;0.0;0.0;0.0;0.0;0.0;0.0;0.0;0.0;1.0;0.0;0.0;0.0;Difficult
129.342700414;0.0;0.0;0.0;0.0;0.0;1.0;0.992788461538;0.0;0.0;0.0;0.0;900.0;0.0;0.0;0.0;0.0;0.0;0.0;0.0;0.0;0.0;1.0;6.91666666667;0.0;0.0;0.0;291.0;0.0;561.0;0.0;0.0;0.0;0.0;0.0;0.0;0.0;0.0;0.0;0.0;0.0;0.0;0.0;0.0;0.0;0.0;0.0;0.0;16.6;0.0;0.0;0.0;0.0;0.0;0.0;0.0;149.0;0.0;0.0;1598;0.0;0.0;0.0;99.0;0.0;0.0;0.0;1677.7215;185.0;0.0;0.0;0.0;0.0;0.0;0.0;0.0;0.0;0.0;0.0;0.0;0.0;0.0;0.0;0.0;0.0;0.0;0.0;0.0;0.0;0.0;0.0;0.0;0.0;222.0;0.0;0.0;0.0;0.0;0.0;0.0;0.0;0.0;0.0;0.0;0.623333333333;0.0;0.0;0.0;0.0;0.0;13.9;0.0;0.0;0.0;0.0;147.059628084;0.0;0.0;0.0;0.0;0.0;0.0;48.9854261726;0.0;71.82;0.0;0.0;0.0;0.0;9.34289299453;0.0;0.0;0.0;0.0;0.0;0.0;0.0;0.0;0.0;0.0;0.0;0.0;0.0;0.0;0.0;0.0;0.0;0.0;0.0;0.0;0.0;0.0;0.0;0.0;49.0;0.0;0.0;0.0;0.0;0.0;1500.0;0.0;12.8;0.0;230.869754607;0.0;0.0;0.0;0.0;0.0;0.0;0.0;0.0;0.0;1.77777777778;17.8075813409;0.0;35.88;11.4;0.323333333333;0.0;0.0;0.0;0.0;0.0;0.0;0.0;0.0;80.9835434511;0.0;0.0;0.0;0.0;0.0;0.0;17.0;0.0;0.0;0.0;0.0;0.0;0.0;0.0;0.0;0.0;0.0;0.0;0.0;0.0;1.0;0.0;0.0;0.0;VeryEasy
184.380032206;0.0;0.0;0.0;0.0;0.0;0.0;0.997767857143;0.0;0.0;0.0;0.0;1346.0;0.0;0.0;0.0;0.0;0.0;0.0;0.0;0.0;0.0;0.0;7.45;0.0;0.0;1.0;397.0;0.0;74.0;0.0;0.0;0.0;0.0;0.0;0.0;0.0;0.0;0.0;0.0;0.0;0.0;0.0;0.0;0.0;0.0;0.0;0.0;23.2;0.0;0.0;0.0;0.0;0.0;0.0;0.0;65.0;0.0;0.0;5698;0.0;0.0;0.0;24.0;0.0;0.0;0.0;1677.7215;16.0;0.0;0.0;0.0;0.0;0.0;0.0;0.0;0.0;0.0;0.0;0.0;0.0;0.0;0.0;0.0;0.0;0.0;0.0;1.0;0.0;0.0;0.0;0.0;0.0;96.0;0.0;1.0;0.0;0.0;0.0;0.0;0.0;0.0;0.0;0.0;0.0549777117385;0.0;0.0;0.0;1.0;0.0;9.2;0.0;0.0;0.0;0.0;184.381877791;0.0;0.0;0.0;0.0;0.0;0.0;30.6808305518;0.0;29.48;0.0;0.0;0.0;0.0;18.7211567099;0.0;0.0;0.0;0.0;0.0;0.0;0.0;0.0;1.0;1.0;0.0;0.0;0.0;0.0;0.0;0.0;0.0;0.0;0.0;0.0;0.0;0.0;0.0;0.0;64.0;0.0;0.0;0.0;0.0;0.0;1500.0;0.0;9.1;0.0;224.541499191;0.0;0.0;0.0;0.0;0.0;0.0;0.0;0.0;0.0;1.77777777778;27.6195526946;0.0;67.08;15.3;0.294947994056;0.0;1.0;0.0;0.0;0.0;0.0;0.0;0.0;9.93022007515;0.0;0.0;0.0;1.0;0.0;0.0;3.0;0.0;0.0;0.0;0.0;0.0;0.0;0.0;0.0;0.0;0.0;0.0;0.0;0.0;0.0;0.0;0.0;0.0;VeryEasy
141.026914291;0.0;0.0;0.0;0.0;0.0;0.0;0.996805111821;0.0;0.0;0.0;0.0;707.0;0.0;0.0;0.0;0.0;0.0;0.0;0.0;0.0;0.0;0.0;5.03333333333;0.0;0.0;0.0;190.0;0.0;120.0;0.0;0.0;0.0;0.0;0.0;0.0;0.0;0.0;0.0;0.0;0.0;0.0;0.0;0.0;0.0;0.0;0.0;0.0;9.6;0.0;0.0;0.0;0.0;0.0;0.0;1.0;37.0;0.0;0.0;5727;0.0;0.0;0.0;15.0;0.0;0.0;0.0;1664.5629;63.0;0.0;0.0;0.0;0.0;0.0;0.0;0.0;0.0;0.0;0.0;0.0;0.0;0.0;0.0;0.0;0.0;0.0;0.0;0.0;0.0;0.0;0.0;0.0;0.0;43.0;0.0;0.0;0.0;0.0;0.0;0.0;0.0;0.0;0.0;0.0;0.16973125884;0.0;0.0;0.0;0.0;0.0;3.4;0.0;0.0;0.0;0.0;167.388190229;0.0;0.0;0.0;0.0;0.0;0.0;35.1730383917;0.0;90.05;0.0;0.0;0.0;0.0;8.30509446614;0.0;0.0;0.0;0.0;0.0;0.0;0.0;0.0;0.0;0.0;0.0;0.0;0.0;0.0;0.0;0.0;0.0;0.0;0.0;0.0;0.0;0.0;0.0;0.0;49.0;0.0;0.0;0.0;0.0;0.0;1500.0;0.0;4.2;0.0;199.246652701;0.0;0.0;0.0;0.0;0.0;0.0;0.0;0.0;0.0;1.77777777778;17.3025054505;0.0;90.7;2.4;0.26874115983;0.0;0.0;0.0;0.0;0.0;0.0;0.0;0.0;23.8355348098;0.0;0.0;0.0;0.0;1.0;0.0;18.0;0.0;0.0;0.0;0.0;0.0;0.0;0.0;0.0;0.0;0.0;0.0;0.0;0.0;0.0;0.0;0.0;0.0;VeryEasy
181.059639869;0.0;0.0;0.0;0.0;0.0;1.0;1.0;0.0;0.0;0.0;0.0;1398.0;0.0;0.0;0.0;0.0;0.0;0.0;0.0;0.0;0.0;1.0;7.7;0.0;0.0;0.0;399.0;0.0;77.0;0.0;0.0;0.0;0.0;0.0;0.0;0.0;0.0;0.0;0.0;0.0;0.0;0.0;0.0;0.0;0.0;0.0;0.0;48.9;0.0;0.0;0.0;0.0;0.0;0.0;0.0;122.0;0.0;0.0;1663;0.0;0.0;0.0;37.0;0.0;0.0;0.0;1677.7215;30.0;0.0;0.0;0.0;0.0;0.0;0.0;0.0;0.0;0.0;0.0;0.0;0.0;0.0;0.0;0.0;0.0;0.0;0.0;0.0;0.0;0.0;0.0;0.0;0.0;199.0;0.0;0.0;0.0;0.0;0.0;0.0;0.0;0.0;0.0;0.0;0.055078683834;0.0;0.0;0.0;0.0;0.0;9.7;0.0;0.0;0.0;0.0;181.723903766;0.0;0.0;0.0;0.0;0.0;0.0;24.3916230285;0.0;-32.07;0.0;0.0;0.0;0.0;17.7742294825;0.0;0.0;0.0;0.0;0.0;0.0;0.0;0.0;0.0;0.0;0.0;0.0;0.0;0.0;0.0;0.0;0.0;0.0;0.0;0.0;0.0;0.0;0.0;0.0;75.0;0.0;0.0;0.0;0.0;0.0;1500.0;0.0;8.2;0.0;182.54811011;0.0;0.0;0.0;0.0;0.0;0.0;0.0;0.0;0.0;1.77777777778;9.88342564587;0.0;69.52;36.9;0.285407725322;0.0;0.0;0.0;0.0;0.0;0.0;0.0;0.0;9.98681394695;0.0;0.0;0.0;0.0;0.0;0.0;1.0;0.0;0.0;0.0;0.0;0.0;0.0;0.0;0.0;0.0;0.0;0.0;0.0;0.0;1.0;0.0;0.0;0.0;Intermediate
151.639776442;0.0;0.0;0.0;0.0;0.0;0.0;1.0;0.0;0.0;0.0;0.0;1439.0;0.0;0.0;0.0;0.0;0.0;1.0;0.0;0.0;0.0;0.0;9.46666666667;0.0;0.0;0.0;462.0;0.0;125.0;0.0;0.0;0.0;0.0;0.0;0.0;0.0;0.0;0.0;0.0;0.0;0.0;0.0;0.0;0.0;0.0;0.0;0.0;15.9;0.0;0.0;0.0;0.0;0.0;0.0;0.0;97.0;0.0;0.0;3759;0.0;0.0;0.0;27.0;0.0;0.0;0.0;1677.7215;51.0;0.0;0.0;0.0;0.0;0.0;0.0;0.0;0.0;0.0;0.0;0.0;0.0;0.0;0.0;0.0;0.0;0.0;0.0;0.0;0.0;0.0;0.0;0.0;0.0;118.0;0.0;0.0;0.0;0.0;0.0;0.0;0.0;0.0;0.0;0.0;0.0868658790827;0.0;0.0;0.0;0.0;0.0;9.6;0.0;0.0;0.0;0.0;152.452438126;0.0;0.0;0.0;0.0;0.0;0.0;7.38645293956;0.0;51.44;0.0;0.0;0.0;0.0;6.94838882719;0.0;0.0;0.0;0.0;0.0;0.0;0.0;0.0;0.0;0.0;0.0;0.0;0.0;0.0;0.0;0.0;0.0;0.0;0.0;0.0;0.0;0.0;0.0;0.0;75.0;0.0;0.0;0.0;0.0;0.0;1500.0;0.0;9.6;0.0;243.704004836;0.0;0.0;0.0;0.0;0.0;0.0;0.0;0.0;0.0;1.77777777778;23.0642121772;0.0;60.45;8.9;0.32105628909;0.0;0.0;0.0;0.0;0.0;0.0;0.0;0.0;13.1814826532;0.0;0.0;0.0;0.0;0.0;0.0;11.0;0.0;0.0;0.0;0.0;0.0;0.0;0.0;0.0;0.0;0.0;0.0;0.0;1.0;0.0;0.0;0.0;0.0;Easy
144.649783253;0.0;0.0;0.0;0.0;0.0;0.0;0.996197718631;0.0;0.0;0.0;0.0;635.0;0.0;0.0;0.0;0.0;0.0;0.0;0.0;0.0;0.0;0.0;4.36666666667;0.0;0.0;0.0;209.0;0.0;166.0;0.0;0.0;0.0;0.0;0.0;0.0;0.0;0.0;0.0;0.0;0.0;0.0;0.0;0.0;0.0;0.0;0.0;0.0;57.0;0.0;0.0;0.0;0.0;0.0;0.0;0.0;77.0;0.0;0.0;1744;0.0;0.0;0.0;66.0;0.0;0.0;0.0;1677.7215;63.0;0.0;0.0;0.0;0.0;0.0;0.0;0.0;0.0;0.0;0.0;0.0;0.0;0.0;0.0;0.0;0.0;0.0;0.0;0.0;0.0;0.0;0.0;0.0;0.0;127.0;0.0;0.0;0.0;0.0;0.0;0.0;0.0;0.0;0.0;0.0;0.261417322835;0.0;0.0;0.0;0.0;0.0;12.0;0.0;0.0;0.0;0.0;164.066644527;0.0;0.0;0.0;0.0;0.0;0.0;18.6646738282;0.0;-63.54;0.0;0.0;0.0;0.0;7.70360395249;0.0;0.0;0.0;0.0;0.0;0.0;0.0;0.0;0.0;0.0;0.0;0.0;0.0;0.0;0.0;0.0;0.0;0.0;0.0;0.0;0.0;0.0;0.0;0.0;37.0;0.0;0.0;0.0;0.0;0.0;1500.0;0.0;10.0;0.0;235.452108183;0.0;0.0;0.0;0.0;0.0;0.0;0.0;0.0;0.0;1.77777777778;16.028955305;0.0;54.02;42.7;0.329133858268;0.0;0.0;0.0;0.0;0.0;0.0;0.0;0.0;37.8736025553;0.0;0.0;0.0;0.0;0.0;0.0;2.0;0.0;0.0;0.0;0.0;0.0;0.0;0.0;0.0;0.0;0.0;0.0;0.0;0.0;0.0;0.0;0.0;0.0;VeryEasy
153.688073394;0.0;0.0;0.0;0.0;0.0;0.0;0.99511002445;0.0;0.0;0.0;0.0;1059.0;0.0;0.0;0.0;0.0;0.0;0.0;0.0;0.0;0.0;0.0;6.8;0.0;0.0;0.0;335.0;0.0;348.0;0.0;0.0;0.0;0.0;0.0;0.0;0.0;0.0;0.0;0.0;0.0;0.0;0.0;0.0;0.0;0.0;0.0;0.0;38.7;0.0;0.0;0.0;0.0;0.0;0.0;0.0;137.0;0.0;0.0;1751;0.0;0.0;0.0;85.0;0.0;0.0;0.0;1677.7215;96.0;0.0;0.0;0.0;0.0;0.0;0.0;0.0;0.0;0.0;0.0;0.0;0.0;0.0;0.0;0.0;0.0;0.0;0.0;0.0;0.0;0.0;0.0;0.0;0.0;157.0;0.0;0.0;0.0;0.0;0.0;0.0;0.0;0.0;0.0;0.0;0.328611898017;0.0;0.0;0.0;0.0;0.0;10.6;0.0;0.0;0.0;0.0;172.244080995;0.0;0.0;0.0;0.0;0.0;0.0;24.3561371363;0.0;-7.64;0.0;0.0;0.0;0.0;6.9102879275;0.0;0.0;0.0;0.0;0.0;0.0;0.0;0.0;0.0;0.0;0.0;0.0;0.0;0.0;0.0;0.0;0.0;0.0;0.0;0.0;0.0;0.0;0.0;0.0;57.0;0.0;0.0;0.0;0.0;0.0;1500.0;0.0;10.5;0.0;238.395105775;0.0;0.0;0.0;0.0;0.0;0.0;0.0;0.0;0.0;1.77777777778;13.6402233264;0.0;52.6;31.6;0.316336166195;0.0;0.0;0.0;0.0;0.0;0.0;0.0;0.0;51.0825688073;0.0;0.0;0.0;0.0;0.0;0.0;5.0;0.0;0.0;0.0;0.0;0.0;0.0;0.0;0.0;0.0;0.0;0.0;0.0;0.0;0.0;0.0;0.0;0.0;Difficult
188.853677715;0.0;0.0;0.0;0.0;0.0;0.0;0.997619047619;0.0;0.0;0.0;0.0;1321.0;0.0;0.0;0.0;0.0;0.0;0.0;0.0;0.0;0.0;0.0;6.98333333333;0.0;0.0;0.0;361.0;0.0;150.0;0.0;0.0;0.0;0.0;0.0;0.0;0.0;0.0;0.0;0.0;0.0;0.0;0.0;0.0;0.0;0.0;0.0;0.0;26.4;0.0;0.0;0.0;0.0;1.0;0.0;0.0;89.0;0.0;0.0;3844;0.0;0.0;0.0;33.0;0.0;0.0;0.0;1658.0088;53.0;0.0;0.0;0.0;0.0;0.0;0.0;0.0;0.0;0.0;0.0;0.0;0.0;0.0;0.0;0.0;0.0;0.0;0.0;0.0;0.0;0.0;0.0;0.0;0.0;108.0;1.0;0.0;0.0;0.0;0.0;0.0;0.0;0.0;0.0;0.0;0.113550340651;0.0;0.0;0.0;0.0;0.0;10.1;0.0;0.0;0.0;0.0;194.936472255;0.0;0.0;0.0;0.0;0.0;0.0;30.9737028219;0.0;41.87;0.0;0.0;1.0;0.0;30.4787949781;0.0;0.0;0.0;0.0;0.0;0.0;0.0;0.0;0.0;0.0;0.0;0.0;0.0;0.0;0.0;0.0;0.0;0.0;0.0;0.0;0.0;0.0;0.0;0.0;61.0;0.0;0.0;0.0;0.0;0.0;1500.0;0.0;9.4;0.0;167.742362167;0.0;0.0;0.0;0.0;0.0;0.0;0.0;0.0;0.0;1.77777777778;41.1232157176;0.0;66.37;16.7;0.273277819833;0.0;0.0;0.0;0.0;0.0;0.0;0.0;0.0;21.4443994377;0.0;0.0;0.0;0.0;0.0;1.0;4.0;0.0;0.0;0.0;0.0;0.0;0.0;0.0;0.0;0.0;0.0;0.0;0.0;0.0;0.0;0.0;0.0;0.0;VeryEasy
74.7028862479;0.0;0.0;0.0;0.0;0.0;0.0;1.0;0.0;0.0;0.0;0.0;21.0;0.0;0.0;0.0;0.0;0.0;1.0;0.0;0.0;0.0;0.0;0.283333333333;0.0;0.0;0.0;11.0;0.0;21.0;0.0;0.0;0.0;0.0;0.0;0.0;0.0;0.0;0.0;0.0;0.0;0.0;0.0;0.0;0.0;0.0;1.0;0.0;16.7;0.0;0.0;0.0;0.0;0.0;0.0;0.0;4.0;0.0;0.0;3884;0.0;0.0;0.0;10.0;0.0;0.0;0.0;1664.5881;8.0;0.0;0.0;1.0;0.0;0.0;0.0;0.0;0.0;0.0;0.0;0.0;0.0;0.0;0.0;0.0;0.0;0.0;0.0;0.0;0.0;0.0;1.0;0.0;0.0;9.0;0.0;0.0;0.0;0.0;0.0;0.0;0.0;0.0;0.0;0.0;1.0;0.0;0.0;1.0;0.0;0.0;14.2;0.0;0.0;0.0;0.0;106.62358643;0.0;0.0;0.0;0.0;0.0;0.0;34.9158972051;0.0;58.62;0.0;0.0;0.0;0.0;98.8892006268;0.0;0.0;0.0;0.0;0.0;0.0;0.0;0.0;0.0;0.0;0.0;0.0;0.0;0.0;0.0;0.0;0.0;0.0;0.0;0.0;0.0;0.0;0.0;0.0;1.0;0.0;0.0;0.0;0.0;0.0;1404.0;0.0;12.7;0.0;112.347567182;0.0;0.0;0.0;0.0;0.0;0.0;0.0;0.0;0.0;1.6;38.5415177006;0.0;41.7;10.3;0.52380952381;0.0;0.0;0.0;0.0;0.0;0.0;0.0;0.0;71.3073005093;0.0;0.0;0.0;0.0;0.0;1.0;1.0;0.0;0.0;0.0;0.0;0.0;0.0;0.0;0.0;0.0;0.0;0.0;0.0;1.0;0.0;0.0;0.0;0.0;Easy
177.27141064;0.0;0.0;0.0;0.0;0.0;0.0;0.995348837209;0.0;0.0;0.0;0.0;611.0;0.0;0.0;0.0;0.0;0.0;0.0;0.0;1.0;0.0;0.0;3.45;0.0;0.0;0.0;205.0;0.0;48.0;0.0;0.0;0.0;0.0;0.0;0.0;0.0;0.0;0.0;0.0;0.0;0.0;0.0;0.0;0.0;0.0;0.0;0.0;9.7;0.0;0.0;0.0;0.0;0.0;0.0;0.0;47.0;0.0;0.0;3889;0.0;0.0;0.0;15.0;0.0;0.0;0.0;1658.0088;13.0;0.0;0.0;1.0;0.0;0.0;0.0;0.0;0.0;0.0;0.0;0.0;0.0;0.0;0.0;0.0;0.0;0.0;0.0;0.0;0.0;0.0;0.0;0.0;0.0;78.0;0.0;0.0;0.0;0.0;0.0;0.0;0.0;0.0;0.0;0.0;0.0785597381342;0.0;0.0;1.0;0.0;0.0;6.3;0.0;0.0;0.0;0.0;195.759611476;0.0;0.0;0.0;0.0;0.0;0.0;34.4471972298;0.0;71.82;0.0;0.0;0.0;0.0;28.7136265432;0.0;0.0;0.0;0.0;0.0;0.0;0.0;0.0;0.0;0.0;0.0;0.0;0.0;0.0;0.0;0.0;0.0;0.0;0.0;0.0;0.0;0.0;0.0;0.0;40.0;0.0;0.0;0.0;0.0;0.0;1404.0;0.0;6.9;0.0;191.441247667;0.0;0.0;1.0;0.0;0.0;0.0;0.0;0.0;0.0;1.6;42.2008857322;0.0;72.87;5.2;0.335515548282;0.0;0.0;1.0;0.0;0.0;0.0;0.0;0.0;13.9036400502;0.0;1.0;0.0;0.0;0.0;1.0;6.0;0.0;0.0;0.0;0.0;0.0;0.0;0.0;0.0;0.0;0.0;0.0;0.0;0.0;0.0;0.0;0.0;0.0;Intermediate
179.797901583;0.0;0.0;0.0;0.0;0.0;0.0;0.996138996139;0.0;1.0;0.0;0.0;776.0;0.0;0.0;0.0;0.0;0.0;0.0;0.0;0.0;0.0;0.0;4.3;0.0;0.0;0.0;201.0;0.0;113.0;0.0;0.0;0.0;0.0;0.0;0.0;0.0;0.0;0.0;0.0;0.0;0.0;0.0;0.0;1.0;0.0;0.0;0.0;15.5;0.0;0.0;0.0;0.0;0.0;0.0;0.0;43.0;0.0;0.0;3929;0.0;0.0;0.0;29.0;0.0;0.0;0.0;1658.0088;44.0;0.0;0.0;0.0;0.0;0.0;0.0;0.0;0.0;0.0;0.0;0.0;0.0;0.0;0.0;0.0;0.0;0.0;0.0;0.0;0.0;0.0;0.0;0.0;0.0;74.0;0.0;0.0;0.0;0.0;0.0;0.0;0.0;0.0;0.0;0.0;0.145618556701;0.0;0.0;0.0;0.0;0.0;9.2;0.0;0.0;0.0;0.0;184.646214037;0.0;0.0;0.0;0.0;0.0;0.0;29.48051297;0.0;63.59;0.0;0.0;0.0;0.0;42.4537685751;0.0;0.0;0.0;0.0;0.0;0.0;0.0;0.0;0.0;0.0;0.0;0.0;0.0;0.0;0.0;0.0;0.0;0.0;0.0;0.0;0.0;0.0;0.0;0.0;37.0;0.0;0.0;0.0;0.0;0.0;1404.0;0.0;7.9;0.0;159.563510121;0.0;0.0;0.0;0.0;0.0;0.0;0.0;0.0;0.0;1.6;38.9386378977;0.0;75.54;8.4;0.259020618557;0.0;0.0;0.0;0.0;0.0;0.0;0.0;0.0;26.2495644431;0.0;0.0;0.0;0.0;0.0;0.0;7.0;0.0;0.0;0.0;0.0;0.0;0.0;0.0;0.0;0.0;0.0;0.0;0.0;0.0;0.0;0.0;0.0;0.0;VeryEasy
145.280974165;0.0;0.0;0.0;0.0;0.0;0.0;1.0;0.0;0.0;0.0;0.0;2968.0;0.0;0.0;0.0;0.0;0.0;0.0;0.0;0.0;0.0;0.0;20.1333333333;0.0;0.0;0.0;893.0;0.0;448.0;0.0;0.0;0.0;0.0;0.0;0.0;0.0;0.0;0.0;0.0;0.0;0.0;0.0;0.0;0.0;0.0;0.0;0.0;11.0;0.0;0.0;0.0;0.0;0.0;0.0;0.0;193.0;0.0;0.0;4027;0.0;0.0;0.0;64.0;0.0;0.0;0.0;1677.7215;196.0;0.0;0.0;1.0;0.0;0.0;0.0;0.0;0.0;0.0;0.0;0.0;0.0;0.0;0.0;0.0;0.0;0.0;0.0;0.0;0.0;0.0;0.0;0.0;0.0;271.0;0.0;0.0;0.0;0.0;0.0;0.0;0.0;0.0;0.0;0.0;0.150943396226;0.0;0.0;0.0;0.0;0.0;9.2;0.0;0.0;0.0;0.0;145.570108146;0.0;0.0;0.0;0.0;0.0;0.0;6.12742321127;0.0;68.57;0.0;0.0;0.0;0.0;5.7074560699;0.0;0.0;0.0;0.0;0.0;0.0;0.0;0.0;0.0;0.0;0.0;0.0;0.0;0.0;0.0;0.0;0.0;0.0;0.0;0.0;0.0;0.0;0.0;0.0;147.0;0.0;0.0;0.0;0.0;0.0;1500.0;0.0;8.8;0.0;241.008701542;0.0;0.0;0.0;0.0;0.0;0.0;0.0;0.0;0.0;1.77777777778;12.884600145;0.0;67.89;6.5;0.300876010782;0.0;0.0;0.0;0.0;0.0;0.0;0.0;0.0;22.2363773235;0.0;0.0;0.0;0.0;0.0;0.0;40.0;0.0;0.0;0.0;0.0;0.0;0.0;0.0;0.0;0.0;0.0;0.0;0.0;1.0;0.0;0.0;0.0;0.0;VeryEasy
159.86457145;0.0;0.0;0.0;0.0;0.0;0.0;0.998220640569;0.0;1.0;0.0;0.0;1455.0;0.0;0.0;0.0;0.0;0.0;0.0;0.0;0.0;0.0;0.0;9.05;0.0;0.0;0.0;343.0;0.0;120.0;0.0;0.0;0.0;0.0;0.0;0.0;0.0;0.0;1.0;0.0;0.0;0.0;0.0;0.0;0.0;0.0;0.0;0.0;19.6;0.0;0.0;0.0;0.0;0.0;0.0;0.0;73.0;0.0;0.0;5318;0.0;0.0;0.0;35.0;0.0;0.0;0.0;1677.7215;50.0;0.0;0.0;0.0;0.0;0.0;0.0;0.0;0.0;0.0;0.0;0.0;0.0;0.0;0.0;0.0;0.0;0.0;0.0;0.0;0.0;0.0;0.0;0.0;0.0;158.0;0.0;0.0;0.0;0.0;0.0;0.0;0.0;0.0;0.0;0.0;0.0824742268041;0.0;0.0;1.0;0.0;0.0;12.5;0.0;0.0;0.0;0.0;176.990788127;0.0;0.0;0.0;0.0;0.0;0.0;15.460882935;0.0;59.64;0.0;0.0;0.0;0.0;5.57036730523;0.0;0.0;0.0;0.0;0.0;0.0;0.0;0.0;0.0;0.0;0.0;0.0;0.0;0.0;0.0;0.0;1.0;0.0;0.0;0.0;0.0;0.0;0.0;0.0;54.0;0.0;0.0;0.0;0.0;0.0;1500.0;0.0;12.6;0.0;244.539417195;0.0;0.0;0.0;0.0;0.0;0.0;0.0;0.0;0.0;1.77777777778;15.0089478459;0.0;52.63;9.9;0.235738831615;0.0;0.0;0.0;0.0;0.0;0.0;0.0;0.0;13.2484451478;0.0;0.0;0.0;0.0;0.0;0.0;6.0;0.0;0.0;1.0;0.0;0.0;0.0;0.0;0.0;0.0;0.0;0.0;0.0;0.0;0.0;0.0;0.0;0.0;Easy
