programming:VariableDeclaration;NOUN_PHRASES_AMOUNT;FLESCH_KINCAID_GRADE;VIDEOID;VIDEO_AVERAGE_COLORFULNESS;VIDEO_AVERAGE_BRIGHTNESS;VIDEO_SIZE;PHRASES_AMOUNT;VIDEO_DIFFICULT_WORDS;programming:Array;VIDEO_AVERAGE_LIGHT_EXPOSURE;SPEECH_DISPLAY_WORDS_RATIO;FLESCH_READING_EASE;VIDEO_WORDS_COUNT;VIDEO_ASPECT_RATIO;VIDEO_DOMINANT_COLOR;programming:Interface;AUTOMATED_READABILITY_INDEX;WORD_AMOUNT;FLESCH_KINCAID_VIDEO_GRADE;programming:Inheritance;VIDEO_DURATION;programming:Encapsulation;programming:WhileLoop;programming:If;WORDS_PER_MINUTE_WHOLE_VIDEO;VIDEO_AVERAGE_HUE;EASY_VIDEO_READ;programming:ForLoop;programming:Object;VIDEO_PHRASES_COUNT;WORDS_PER_MINUTE;programming:ExceptionHandling;programming:Polymorphism;WORDS_PER_MINUTE_WHOLE;AUTOMATED_VIDEO_READABILITY_INDEX;DIFFICULT_WORDS_AMOUNT;VIDEO_AVERAGE_SATURATION;programming:Class;score
0.0;43.0;7.7;1536.0;41.427;1.0;1404.0;57.0;71.0;0.0;177.002;0.223;76.25;258.0;1.6;1658.009;0.0;8.4;1156.0;6.3;0.0;6.8;0.0;0.0;0.0;37.903;35.543;63.76;0.0;1.0;34.0;170.792;0.0;0.0;170.27;12.9;96.0;37.802;0.0;intermediate
1.0;21.0;7.2;5643.0;37.239;1.0;1500.0;24.0;8.0;0.0;208.769;0.044;82.99;23.0;1.778;1579.058;0.0;7.3;528.0;-0.9;0.0;2.583;0.0;0.0;0.0;8.877;95.076;114.42;0.0;1.0;3.0;207.765;0.0;0.0;203.782;8.8;30.0;41.107;0.0;easy
0.0;104.0;5.6;4610.0;17.784;0.997;1500.0;117.0;73.0;0.0;232.932;0.159;81.63;279.0;1.778;1664.563;0.0;6.6;1757.0;4.9;1.0;11.967;0.0;0.0;0.0;23.306;15.682;77.94;0.0;1.0;27.0;150.963;0.0;0.0;143.43;13.4;166.0;14.185;1.0;intermediate
0.0;231.0;6.8;5138.0;16.69;0.999;1500.0;205.0;170.0;1.0;183.489;0.183;78.38;681.0;1.778;1677.722;0.0;7.0;3723.0;6.4;0.0;23.883;0.0;0.0;0.0;28.513;16.953;63.25;0.0;0.0;84.0;167.558;0.0;0.0;155.586;10.3;312.0;19.099;0.0;intermediate
0.0;26.0;7.6;5139.0;10.188;1.0;1500.0;26.0;39.0;1.0;172.655;0.307;76.45;160.0;1.778;1677.722;0.0;7.5;522.0;6.3;0.0;3.333;0.0;0.0;0.0;47.764;19.83;63.76;0.0;0.0;21.0;160.235;0.0;0.0;154.038;12.8;46.0;19.495;0.0;intermediate
0.0;127.0;9.3;5146.0;28.095;1.0;1500.0;78.0;66.0;1.0;187.237;0.16;66.67;267.0;1.778;1677.722;0.0;10.8;1671.0;5.3;0.0;11.833;0.0;0.0;0.0;22.547;30.402;71.71;0.0;0.0;33.0;142.01;0.0;0.0;141.025;6.9;214.0;34.377;0.0;intermediate
0.0;238.0;8.8;5151.0;23.589;1.0;1500.0;153.0;176.0;0.0;187.085;0.218;67.89;674.0;1.778;1677.722;0.0;9.2;3086.0;9.7;0.0;21.5;0.0;0.0;1.0;31.336;25.33;38.69;0.0;0.0;92.0;148.24;0.0;0.0;143.291;10.1;286.0;28.594;0.0;intermediate
0.0;23.0;6.1;5677.0;37.413;1.0;1500.0;32.0;4.0;0.0;177.453;0.105;80.21;55.0;1.778;205.556;0.0;6.3;525.0;5.7;0.0;3.283;0.0;0.0;1.0;16.681;103.758;86.74;0.0;0.0;3.0;162.029;0.0;0.0;159.228;4.3;40.0;52.392;0.0;easy
1.0;42.0;7.9;5704.0;32.741;0.997;1500.0;46.0;55.0;0.0;213.362;0.213;70.23;176.0;1.778;1677.722;0.0;9.5;825.0;3.6;0.0;4.917;0.0;0.0;0.0;35.778;34.768;81.49;0.0;0.0;26.0;170.765;0.0;0.0;167.711;12.3;62.0;23.456;0.0;easy
0.0;115.0;4.9;5708.0;40.094;0.996;1500.0;62.0;19.0;0.0;226.27;0.064;83.36;53.0;1.778;1677.722;0.0;5.9;825.0;3.2;0.0;4.517;0.0;0.0;0.0;11.715;32.007;87.92;1.0;0.0;6.0;186.962;0.0;0.0;182.361;14.8;71.0;27.578;0.0;easy
0.0;82.0;9.8;3162.0;0.06;1.0;1500.0;60.0;29.0;0.0;245.227;0.107;54.42;108.0;1.778;1677.722;0.0;11.1;1007.0;10.9;0.0;7.133;0.0;0.0;1.0;15.121;0.017;40.85;0.0;0.0;8.0;143.809;0.0;0.0;140.987;14.1;154.0;0.005;0.0;intermediate
1.0;115.0;5.6;3857.0;41.736;1.0;1404.0;115.0;37.0;0.0;197.683;0.093;81.73;160.0;1.6;1658.009;0.0;6.8;1713.0;4.6;0.0;9.25;0.0;0.0;0.0;17.297;30.516;78.85;0.0;0.0;17.0;195.667;0.0;0.0;185.291;10.9;113.0;26.257;0.0;easy
0.0;91.0;5.2;4714.0;24.9;0.999;1500.0;120.0;59.0;1.0;177.109;0.162;82.75;270.0;1.778;1664.563;0.0;5.3;1663.0;6.0;0.0;10.95;0.0;0.0;0.0;24.647;46.347;69.79;0.0;0.0;27.0;163.416;0.0;0.0;151.442;9.8;131.0;64.612;0.0;easy
0.0;81.0;6.5;2834.0;13.291;0.996;1500.0;62.0;42.0;0.0;156.482;0.187;73.88;165.0;1.778;1664.563;0.0;6.9;884.0;8.7;0.0;4.483;1.0;0.0;0.0;36.8;18.463;57.47;0.0;0.0;12.0;199.97;0.0;0.0;201.844;10.2;112.0;24.652;0.0;intermediate
0.0;102.0;5.2;4718.0;32.407;1.0;1500.0;80.0;50.0;0.0;167.459;0.227;82.54;256.0;1.778;1664.563;0.0;6.1;1127.0;5.3;1.0;8.733;0.0;0.0;0.0;29.31;52.849;77.13;0.0;0.0;23.0;141.62;0.0;0.0;129.374;10.8;109.0;78.827;1.0;intermediate
0.0;82.0;10.0;5309.0;17.924;0.999;1500.0;76.0;22.0;0.0;247.463;0.057;64.85;101.0;1.778;1677.722;0.0;10.3;1761.0;4.9;0.0;14.133;0.0;0.0;1.0;7.141;12.414;78.14;0.0;0.0;10.0;124.443;0.0;0.0;125.081;8.6;108.0;5.575;0.0;easy
1.0;77.0;6.6;4720.0;27.058;0.998;1500.0;72.0;82.0;0.0;173.875;0.282;78.99;356.0;1.778;1664.563;0.0;7.9;1264.0;10.2;0.0;9.117;0.0;0.0;0.0;39.038;47.905;53.41;0.0;1.0;20.0;143.861;0.0;0.0;137.4;15.0;111.0;68.978;0.0;intermediate
0.0;68.0;6.7;4721.0;27.85;0.998;1500.0;67.0;56.0;0.0;187.915;0.225;73.47;222.0;1.778;1664.563;0.0;7.4;987.0;8.8;1.0;7.117;0.0;0.0;0.0;31.128;39.986;62.58;0.0;0.0;13.0;153.142;0.0;0.0;138.253;13.0;110.0;57.369;1.0;intermediate
0.0;136.0;6.3;4287.0;36.442;1.0;1500.0;126.0;29.0;0.0;172.846;0.068;79.9;143.0;1.778;1677.722;0.0;6.8;2109.0;11.2;0.0;11.367;0.0;0.0;1.0;12.577;14.73;40.04;0.0;0.0;10.0;186.217;0.0;0.0;184.867;16.9;179.0;26.276;0.0;difficult
0.0;109.0;6.8;3380.0;7.065;1.0;1500.0;94.0;38.0;0.0;238.391;0.101;73.17;142.0;1.778;1677.722;0.0;6.2;1412.0;4.8;0.0;9.9;0.0;0.0;1.0;14.342;11.638;83.76;0.0;0.0;11.0;168.256;0.0;0.0;141.602;10.6;118.0;3.2;0.0;easy
0.0;105.0;9.4;1171.0;12.271;1.0;1500.0;58.0;23.0;0.0;248.477;0.087;66.37;110.0;1.778;1677.722;0.0;9.8;1258.0;6.3;0.0;7.233;0.0;0.0;0.0;15.202;10.338;74.39;0.0;0.0;8.0;174.601;0.0;1.0;173.861;6.8;141.0;3.598;0.0;difficult
1.0;115.0;7.7;1174.0;13.558;1.0;1500.0;54.0;15.0;0.0;251.078;0.085;76.25;93.0;1.778;1677.722;0.0;7.3;1094.0;4.3;0.0;6.483;0.0;0.0;0.0;14.344;13.886;85.08;0.0;0.0;8.0;170.051;0.0;1.0;167.815;6.1;91.0;4.055;1.0;intermediate
0.0;178.0;6.6;1175.0;11.357;1.0;1500.0;100.0;33.0;0.0;249.138;0.138;79.09;241.0;1.778;1677.722;0.0;7.2;1749.0;9.1;0.0;10.0;0.0;0.0;0.0;24.08;16.753;72.39;0.0;0.0;10.0;171.351;0.0;0.0;170.061;13.9;143.0;4.595;1.0;difficult
0.0;102.0;8.1;5317.0;17.392;0.999;1500.0;119.0;56.0;1.0;244.468;0.103;64.3;190.0;1.778;1677.722;0.0;7.0;1837.0;15.0;0.0;11.05;0.0;0.0;0.0;17.179;14.07;35.51;0.0;0.0;7.0;174.275;0.0;0.0;165.19;19.6;204.0;5.694;0.0;easy
0.0;245.0;9.1;1188.0;13.086;1.0;1500.0;165.0;42.0;0.0;248.322;0.058;72.39;230.0;1.778;1677.722;0.0;9.7;3982.0;12.2;1.0;23.917;0.0;0.0;0.0;9.614;15.035;59.16;0.0;1.0;8.0;166.927;0.0;0.0;166.405;13.9;223.0;4.436;1.0;difficult
1.0;54.0;5.0;5489.0;24.96;1.0;1500.0;61.0;15.0;0.0;217.541;0.096;83.15;79.0;1.778;1592.165;0.0;4.7;821.0;3.2;0.0;5.333;0.0;0.0;0.0;14.776;104.973;87.92;0.0;1.0;9.0;154.127;0.0;0.0;152.997;8.1;71.0;26.052;0.0;easy
0.0;100.0;8.0;4266.0;14.133;1.0;1500.0;91.0;57.0;0.0;153.396;0.203;70.02;335.0;1.778;1677.722;0.0;7.8;1650.0;10.3;0.0;9.233;0.0;0.0;1.0;36.282;12.875;64.14;0.0;0.0;14.0;179.633;0.0;0.0;178.592;14.5;114.0;20.954;0.0;intermediate
0.0;96.0;8.9;5319.0;14.117;0.998;1500.0;81.0;37.0;1.0;243.197;0.075;67.59;124.0;1.778;1677.722;0.0;9.2;1664.0;6.5;0.0;10.55;0.0;0.0;0.0;11.749;14.241;68.47;0.0;0.0;11.0;174.605;0.0;0.0;154.628;11.8;159.0;5.0;0.0;easy
0.0;97.0;9.6;3759.0;23.391;1.0;1500.0;75.0;27.0;0.0;243.704;0.087;60.45;125.0;1.778;1677.722;0.0;9.6;1439.0;8.9;0.0;9.467;0.0;0.0;0.0;13.181;7.386;51.44;0.0;0.0;11.0;152.452;0.0;0.0;151.64;15.9;118.0;6.948;1.0;intermediate
0.0;81.0;7.5;3248.0;20.606;1.0;1500.0;51.0;49.0;0.0;228.595;0.211;65.83;150.0;1.778;1585.586;0.0;8.9;710.0;9.0;1.0;4.783;0.0;0.0;0.0;31.259;112.55;51.34;0.0;1.0;13.0;153.464;0.0;0.0;147.124;14.2;110.0;19.0;0.0;easy
0.0;73.0;6.3;4274.0;15.843;1.0;1500.0;89.0;54.0;0.0;131.019;0.141;79.7;211.0;1.778;1677.722;0.0;6.8;1500.0;12.0;0.0;7.85;0.0;0.0;1.0;26.869;11.877;38.11;0.0;0.0;13.0;189.642;0.0;0.0;187.954;13.1;103.0;15.256;0.0;difficult
1.0;52.0;7.1;4275.0;22.089;1.0;1500.0;77.0;73.0;0.0;108.475;0.238;77.67;347.0;1.778;0.0;0.0;7.3;1457.0;8.3;0.0;7.633;0.0;0.0;0.0;45.448;15.927;58.38;0.0;0.0;27.0;191.737;0.0;0.0;190.042;14.4;100.0;21.923;0.0;difficult
0.0;57.0;8.0;5303.0;25.726;0.996;1500.0;67.0;51.0;0.0;233.93;0.207;64.61;209.0;1.778;1677.722;0.0;9.3;1010.0;9.2;0.0;7.433;1.0;0.0;1.0;28.081;11.693;45.32;0.0;0.0;23.0;142.696;0.0;0.0;135.567;20.6;153.0;12.672;0.0;easy
1.0;182.0;8.5;5304.0;24.076;0.999;1500.0;187.0;87.0;0.0;245.396;0.113;63.39;345.0;1.778;1677.722;0.0;8.4;3041.0;7.5;0.0;19.467;0.0;0.0;0.0;17.708;12.151;65.93;0.0;0.0;25.0;160.354;0.0;0.0;157.219;13.3;335.0;8.276;0.0;easy
0.0;13.0;8.5;3257.0;23.223;1.0;1500.0;11.0;13.0;0.0;227.587;0.178;63.29;32.0;1.778;1585.586;1.0;9.5;180.0;13.1;1.0;1.117;0.0;0.0;0.0;28.335;116.319;29.86;0.0;0.0;2.0;170.301;0.0;0.0;159.386;20.6;31.0;22.615;1.0;easy
0.0;132.0;13.1;5308.0;18.855;0.999;1500.0;67.0;29.0;0.0;245.356;0.08;51.31;152.0;1.778;1677.722;0.0;13.3;1892.0;5.1;0.0;12.217;0.0;0.0;1.0;12.431;16.301;82.85;0.0;0.0;11.0;155.157;0.0;0.0;155.467;10.9;150.0;7.671;0.0;easy
0.0;148.0;9.2;1213.0;14.14;1.0;1500.0;119.0;23.0;0.0;250.144;0.049;66.78;123.0;1.778;1677.722;0.0;10.2;2532.0;12.9;0.0;14.133;0.0;0.0;0.0;8.693;16.22;57.13;0.0;0.0;4.0;178.757;1.0;0.0;177.387;19.0;229.0;4.307;0.0;intermediate
0.0;135.0;9.2;1214.0;15.45;1.0;1500.0;72.0;15.0;0.0;248.188;0.037;66.88;57.0;1.778;1677.722;1.0;10.0;1523.0;13.2;1.0;8.633;0.0;0.0;0.0;6.601;23.75;51.01;0.0;0.0;2.0;216.173;0.0;0.0;175.67;18.4;139.0;6.61;0.0;intermediate
0.0;149.0;10.2;1217.0;14.693;1.0;1500.0;106.0;12.0;0.0;245.191;0.022;64.34;55.0;1.778;1677.722;1.0;11.5;2514.0;23.6;1.0;14.45;0.0;0.0;0.0;3.804;19.63;24.11;0.0;0.0;1.0;175.55;0.0;0.0;173.446;30.4;241.0;5.984;1.0;difficult
1.0;53.0;7.5;5314.0;23.499;0.994;1500.0;53.0;46.0;0.0;242.535;0.178;71.34;158.0;1.778;1677.722;0.0;7.7;890.0;7.3;0.0;5.983;0.0;0.0;0.0;26.372;21.382;66.54;0.0;0.0;12.0;147.572;0.0;0.0;147.551;10.9;99.0;10.315;1.0;easy
0.0;125.0;10.8;5316.0;18.73;0.999;1500.0;75.0;72.0;1.0;240.602;0.208;57.3;348.0;1.778;1677.722;0.0;10.7;1672.0;9.4;0.0;11.15;0.0;0.0;0.0;31.178;17.487;66.27;0.0;0.0;16.0;152.967;0.0;0.0;148.452;14.5;175.0;7.3;0.0;easy
0.0;8.0;6.3;3269.0;21.476;0.971;1500.0;7.0;12.0;0.0;218.9;0.6;69.07;45.0;1.778;1585.586;0.0;7.1;75.0;10.3;0.0;0.55;0.0;0.0;0.0;81.744;115.87;36.96;0.0;1.0;5.0;166.642;0.0;0.0;136.24;12.3;16.0;25.119;0.0;easy
0.0;83.0;8.0;4294.0;21.249;1.0;1500.0;48.0;120.0;0.0;89.493;0.473;80.85;546.0;1.778;0.0;0.0;9.9;1155.0;13.0;0.0;6.467;0.0;0.0;1.0;84.27;25.708;40.89;0.0;0.0;25.0;177.334;0.0;0.0;178.727;18.4;89.0;40.47;0.0;difficult
1.0;113.0;10.0;5320.0;17.228;0.998;1500.0;52.0;20.0;0.0;243.463;0.062;64.85;75.0;1.778;1677.722;0.0;11.8;1208.0;8.2;0.0;9.8;0.0;0.0;0.0;7.646;16.344;58.79;1.0;0.0;6.0;138.287;0.0;0.0;123.77;12.9;94.0;6.208;0.0;easy
0.0;37.0;10.0;3276.0;25.35;0.992;1500.0;16.0;44.0;0.0;220.119;0.428;53.92;118.0;1.778;1585.586;1.0;11.6;276.0;19.8;1.0;2.1;0.0;0.0;0.0;56.075;116.225;23.13;0.0;0.0;3.0;148.754;0.0;0.0;131.158;25.8;66.0;29.778;1.0;easy
1.0;116.0;6.4;5322.0;17.173;0.999;1500.0;118.0;52.0;0.0;244.386;0.1;74.19;165.0;1.778;1677.722;0.0;6.9;1653.0;7.9;0.0;15.4;0.0;0.0;0.0;10.704;17.979;59.5;1.0;0.0;14.0;121.681;0.0;0.0;107.106;14.2;135.0;6.197;0.0;easy
0.0;147.0;7.5;3275.0;35.792;1.0;1500.0;84.0;131.0;0.0;223.195;0.37;66.03;425.0;1.778;1585.586;1.0;10.3;1148.0;12.8;1.0;9.233;0.0;0.0;0.0;45.977;119.601;41.4;0.0;0.0;20.0;134.686;0.0;0.0;123.325;22.0;168.0;30.912;1.0;easy
0.0;94.0;6.9;4300.0;21.369;1.0;1500.0;88.0;39.0;0.0;88.912;0.11;72.76;148.0;1.778;0.0;0.0;6.5;1351.0;24.9;0.0;7.783;0.0;0.0;0.0;19.009;24.199;4.52;0.0;0.0;3.0;173.541;1.0;0.0;173.652;33.5;126.0;41.042;0.0;intermediate
1.0;130.0;11.1;5326.0;18.822;0.999;1500.0;86.0;68.0;0.0;243.858;0.109;61.9;244.0;1.778;1677.722;0.0;11.6;2242.0;12.4;0.0;16.2;0.0;0.0;0.0;15.056;19.79;36.89;0.0;0.0;14.0;155.363;0.0;0.0;137.85;16.4;160.0;7.488;0.0;easy
0.0;113.0;5.8;4306.0;20.881;1.0;1500.0;92.0;23.0;0.0;109.458;0.065;81.22;92.0;1.778;0.0;0.0;5.7;1421.0;18.8;0.0;7.95;0.0;0.0;0.0;11.568;29.97;14.93;0.0;0.0;3.0;178.318;0.0;1.0;178.675;22.9;106.0;48.218;0.0;difficult
0.0;158.0;10.8;5332.0;18.994;0.999;1500.0;115.0;33.0;0.0;237.917;0.067;62.61;196.0;1.778;1677.722;0.0;11.9;2925.0;6.6;0.0;17.367;0.0;0.0;0.0;11.279;25.017;68.26;1.0;0.0;17.0;182.53;0.0;0.0;167.624;13.6;265.0;13.09;0.0;intermediate
0.0;43.0;5.4;3286.0;25.337;1.0;1500.0;41.0;18.0;0.0;233.678;0.068;82.24;40.0;1.778;1585.586;0.0;6.1;589.0;13.1;0.0;3.633;1.0;0.0;0.0;10.971;104.208;19.03;0.0;0.0;4.0;172.614;0.0;0.0;161.273;22.1;63.0;20.955;0.0;easy
1.0;102.0;8.9;5336.0;24.743;0.999;1500.0;95.0;60.0;0.0;243.237;0.112;73.0;249.0;1.778;1677.722;0.0;11.0;2233.0;14.2;0.0;15.567;0.0;0.0;0.0;15.985;19.777;48.37;0.0;1.0;8.0;160.535;0.0;0.0;142.58;27.9;134.0;12.218;0.0;intermediate
0.0;43.0;7.6;3291.0;22.416;1.0;1500.0;36.0;18.0;0.0;229.967;0.113;71.04;70.0;1.778;1585.586;0.0;9.1;617.0;11.3;0.0;4.017;0.0;0.0;1.0;17.358;102.569;45.25;0.0;0.0;4.0;161.563;1.0;0.0;152.994;22.2;85.0;19.941;0.0;easy
0.0;25.0;8.0;3292.0;20.778;1.0;1500.0;21.0;13.0;0.0;231.07;0.1;70.02;38.0;1.778;1585.586;0.0;8.5;380.0;8.2;0.0;2.367;0.0;0.0;1.0;16.006;105.166;58.58;0.0;0.0;3.0;168.189;1.0;0.0;158.371;17.5;47.0;19.582;0.0;easy
0.0;9.0;7.6;3293.0;38.33;1.0;1500.0;11.0;15.0;0.0;229.898;0.203;76.35;45.0;1.778;1585.586;0.0;9.1;222.0;5.3;0.0;1.217;0.0;0.0;0.0;36.65;105.683;76.93;0.0;0.0;4.0;207.71;1.0;0.0;180.806;15.4;19.0;28.654;0.0;easy
0.0;108.0;6.6;4318.0;22.166;1.0;1500.0;94.0;73.0;0.0;91.766;0.189;78.99;313.0;1.778;0.0;0.0;7.6;1654.0;12.1;0.0;9.683;0.0;0.0;0.0;32.311;29.396;43.12;1.0;0.0;16.0;169.872;0.0;0.0;170.022;15.6;141.0;53.584;0.0;difficult
0.0;6.0;10.4;5840.0;27.035;0.923;1500.0;3.0;0.0;0.0;114.178;0.0;42.07;0.0;1.778;0.0;1.0;12.2;37.0;0.0;0.0;0.2;0.0;0.0;0.0;0.0;50.084;0.0;0.0;1.0;1.0;201.818;0.0;0.0;200.326;0.0;5.0;67.949;1.0;easy
0.0;146.0;9.8;1257.0;10.695;1.0;1500.0;91.0;21.0;0.0;247.173;0.049;65.25;101.0;1.778;1677.722;0.0;11.0;2076.0;13.2;0.0;11.35;0.0;0.0;0.0;8.891;13.747;45.8;0.0;0.0;4.0;183.886;0.0;1.0;182.4;15.2;226.0;4.176;0.0;intermediate
0.0;81.0;7.7;4334.0;19.365;1.0;1500.0;57.0;35.0;0.0;187.299;0.152;76.15;177.0;1.778;1677.722;0.0;8.3;1163.0;12.0;0.0;6.15;0.0;0.0;1.0;28.74;9.809;54.26;0.0;0.0;7.0;189.153;0.0;1.0;189.327;17.2;119.0;13.478;0.0;difficult
1.0;76.0;8.0;4340.0;31.584;1.0;1500.0;58.0;96.0;0.0;162.788;0.293;75.34;360.0;1.778;1677.722;0.0;9.2;1227.0;10.5;0.0;7.033;0.0;0.0;0.0;51.17;15.549;41.97;0.0;0.0;29.0;173.781;0.0;0.0;173.695;18.6;109.0;25.953;1.0;difficult
0.0;41.0;5.0;761.0;14.262;1.0;1500.0;44.0;40.0;0.0;236.954;0.446;83.15;265.0;1.778;1677.722;0.0;5.5;594.0;10.3;0.0;5.983;0.0;0.0;0.0;44.218;10.1;63.93;0.0;0.0;11.0;121.894;0.0;0.0;99.282;14.1;76.0;7.354;1.0;easy
0.0;3.0;9.7;3843.0;31.446;1.0;1404.0;9.0;3.0;0.0;112.514;0.052;71.07;12.0;1.6;0.0;0.0;11.2;229.0;4.4;0.0;1.133;0.0;0.0;0.0;10.577;41.003;84.68;0.0;1.0;1.0;189.586;0.0;0.0;57.294;9.7;26.0;75.269;0.0;easy
0.0;89.0;9.4;3844.0;41.365;0.998;1500.0;61.0;33.0;0.0;167.742;0.114;66.37;150.0;1.778;1658.009;0.0;10.1;1321.0;16.7;0.0;6.983;0.0;0.0;0.0;21.444;30.974;41.87;0.0;1.0;4.0;194.936;1.0;0.0;27.163;26.4;108.0;30.479;0.0;easy
1.0;67.0;8.0;3845.0;41.824;1.0;1404.0;71.0;38.0;0.0;184.997;0.12;70.02;154.0;1.6;1664.563;0.0;8.4;1284.0;15.3;0.0;7.117;0.0;0.0;0.0;21.596;29.429;40.21;0.0;0.0;5.0;187.864;0.0;0.0;39.406;22.2;121.0;31.369;0.0;easy
1.0;34.0;5.8;3335.0;9.356;1.0;1500.0;34.0;53.0;0.0;237.121;0.438;75.61;187.0;1.778;1677.722;0.0;4.6;427.0;4.6;0.0;2.75;0.0;0.0;0.0;67.778;9.749;73.44;0.0;1.0;29.0;161.946;0.0;0.0;154.404;6.2;44.0;5.194;0.0;easy
0.0;107.0;4.8;778.0;17.928;0.999;1500.0;112.0;94.0;0.0;229.395;0.393;83.66;571.0;1.778;1677.722;0.0;5.1;1452.0;13.1;1.0;13.217;0.0;0.0;0.0;43.189;15.456;40.69;0.0;0.0;26.0;127.969;0.0;0.0;109.069;19.6;156.0;13.546;0.0;intermediate
0.0;53.0;5.0;5387.0;36.375;0.998;1500.0;72.0;31.0;0.0;226.25;0.227;83.25;219.0;1.778;1677.722;0.0;5.1;966.0;4.6;0.0;8.033;0.0;0.0;0.0;27.259;35.333;73.54;0.0;1.0;35.0;133.247;0.0;0.0;119.988;14.9;83.0;26.785;0.0;easy
0.0;10.0;7.1;781.0;11.652;1.0;1500.0;17.0;32.0;0.0;237.201;0.654;66.94;142.0;1.778;1677.722;0.0;6.9;217.0;20.6;1.0;1.867;0.0;0.0;0.0;75.478;9.36;31.93;0.0;0.0;3.0;120.645;0.0;0.0;115.344;30.4;44.0;7.357;0.0;intermediate
1.0;59.0;8.1;3856.0;35.083;0.997;1404.0;50.0;55.0;0.0;201.09;0.234;69.62;216.0;1.6;1658.009;0.0;8.6;924.0;10.1;0.0;5.517;0.0;0.0;0.0;39.122;30.812;48.4;0.0;0.0;15.0;175.701;0.0;0.0;167.175;14.1;93.0;21.279;0.0;easy
0.0;96.0;7.3;785.0;15.733;1.0;1500.0;83.0;103.0;0.0;217.768;0.809;66.54;889.0;1.778;1677.722;0.0;7.2;1099.0;4.9;1.0;10.65;0.0;0.0;0.0;83.379;20.68;83.36;0.0;0.0;67.0;114.28;0.0;0.0;102.7;15.1;176.0;15.027;0.0;intermediate
0.0;143.0;9.5;786.0;16.687;1.0;1500.0;102.0;151.0;0.0;221.842;0.654;60.65;1267.0;1.778;1677.722;0.0;9.8;1938.0;6.9;1.0;18.6;0.0;0.0;0.0;68.09;18.42;67.55;0.0;0.0;104.0;118.105;0.0;0.0;103.828;13.2;251.0;13.455;0.0;intermediate
0.0;108.0;8.2;788.0;15.032;1.0;1500.0;79.0;77.0;0.0;221.161;0.519;64.1;640.0;1.778;1677.722;0.0;8.0;1234.0;9.2;1.0;10.983;0.0;0.0;0.0;58.252;18.034;61.36;0.0;0.0;35.0;128.326;0.0;0.0;110.862;14.7;157.0;13.405;0.0;difficult
0.0;44.0;6.6;3350.0;6.966;1.0;1500.0;61.0;21.0;0.0;241.027;0.097;73.58;87.0;1.778;1677.722;0.0;7.1;893.0;4.2;0.0;6.133;0.0;0.0;1.0;14.184;7.591;90.6;0.0;0.0;6.0;149.086;0.0;0.0;145.594;13.6;94.0;2.304;0.0;easy
1.0;115.0;4.9;4378.0;24.602;1.0;1500.0;126.0;32.0;0.0;196.317;0.05;83.46;83.0;1.778;1677.722;0.0;4.7;1658.0;14.9;0.0;9.567;0.0;0.0;0.0;8.669;22.404;24.98;0.0;0.0;4.0;172.786;0.0;0.0;172.028;19.7;135.0;16.867;0.0;difficult
0.0;141.0;7.0;4399.0;16.518;1.0;1500.0;120.0;119.0;0.0;111.776;0.27;78.08;600.0;1.778;0.0;0.0;7.5;2225.0;4.7;0.0;13.233;0.0;0.0;0.0;45.302;15.661;83.86;0.0;0.0;47.0;169.45;0.0;0.0;168.374;13.5;157.0;22.138;1.0;intermediate
0.0;101.0;8.5;4380.0;24.073;1.0;1500.0;94.0;64.0;0.0;190.615;0.104;68.6;190.0;1.778;1677.722;0.0;9.5;1830.0;11.5;0.0;10.117;1.0;0.0;0.0;18.755;13.656;50.06;0.0;0.0;9.0;180.422;0.0;0.0;180.439;17.6;175.0;14.391;0.0;difficult
0.0;22.0;7.5;5411.0;23.382;0.987;1500.0;25.0;11.0;0.0;83.936;0.102;71.24;43.0;1.778;1677.722;0.0;8.2;423.0;3.1;0.0;2.45;0.0;0.0;1.0;17.531;45.859;88.13;0.0;0.0;5.0;211.229;0.0;0.0;172.454;8.6;66.0;93.185;0.0;easy
0.0;19.0;10.1;5413.0;24.038;0.98;1500.0;11.0;9.0;0.0;91.658;0.175;64.64;45.0;1.778;1677.722;0.0;11.6;257.0;2.7;0.0;1.683;0.0;0.0;1.0;26.486;43.496;89.24;0.0;0.0;6.0;192.722;0.0;0.0;151.854;6.6;36.0;88.111;0.0;easy
0.0;166.0;7.6;807.0;17.715;1.0;1500.0;134.0;91.0;0.0;214.752;0.379;70.94;877.0;1.778;1677.722;0.0;7.8;2311.0;14.8;0.0;18.9;0.0;0.0;1.0;46.362;19.858;46.95;0.0;0.0;27.0;136.842;0.0;0.0;122.222;20.0;274.0;17.606;0.0;intermediate
0.0;103.0;6.6;809.0;14.151;1.0;1500.0;109.0;65.0;0.0;232.474;0.184;73.68;291.0;1.778;1677.722;0.0;6.8;1581.0;32.9;0.0;13.433;0.0;0.0;0.0;21.637;13.683;-10.89;0.0;0.0;4.0;139.004;1.0;0.0;117.332;42.5;175.0;10.309;0.0;easy
0.0;175.0;9.1;810.0;16.872;1.0;1500.0;103.0;91.0;0.0;203.8;0.682;61.67;1265.0;1.778;1677.722;0.0;9.9;1854.0;19.1;0.0;18.233;1.0;0.0;0.0;69.366;23.206;35.68;0.0;0.0;29.0;105.765;0.0;0.0;101.226;25.9;300.0;19.212;0.0;easy
0.0;117.0;8.3;4400.0;22.122;1.0;1500.0;79.0;32.0;0.0;191.215;0.076;69.11;115.0;1.778;1677.722;0.0;9.1;1504.0;9.6;1.0;8.65;0.0;0.0;0.0;13.28;7.739;60.45;0.0;0.0;6.0;173.023;0.0;0.0;172.989;14.2;153.0;13.017;0.0;intermediate
0.0;47.0;6.9;3889.0;42.625;0.995;1404.0;40.0;15.0;0.0;191.441;0.079;72.87;48.0;1.6;1658.009;0.0;6.3;611.0;5.2;1.0;3.45;0.0;0.0;0.0;13.904;34.447;71.82;0.0;1.0;6.0;195.76;0.0;0.0;177.271;9.7;78.0;28.714;0.0;easy
0.0;92.0;5.4;4403.0;15.37;1.0;1500.0;90.0;115.0;0.0;101.739;0.268;82.04;352.0;1.778;0.0;0.0;5.9;1313.0;6.7;0.0;7.7;0.0;0.0;0.0;45.693;19.054;68.06;0.0;0.0;30.0;170.167;0.0;0.0;170.309;16.2;140.0;25.402;1.0;intermediate
0.0;130.0;6.8;2356.0;22.428;0.998;1500.0;113.0;144.0;0.0;222.14;0.316;73.17;536.0;1.778;1677.722;0.0;7.6;1697.0;9.2;0.0;8.983;0.0;0.0;0.0;59.577;20.19;45.32;0.0;1.0;59.0;205.4;0.0;0.0;188.288;15.6;206.0;22.326;0.0;easy
0.0;22.0;6.4;5430.0;43.936;1.0;1500.0;36.0;39.0;0.0;168.162;0.693;74.08;352.0;1.778;1447.446;0.0;7.0;508.0;1.8;0.0;3.7;0.0;0.0;1.0;95.024;39.128;96.79;0.0;0.0;42.0;192.383;0.0;0.0;137.137;6.2;74.0;57.208;0.0;easy
0.0;68.0;4.9;3897.0;27.314;1.0;1404.0;65.0;17.0;0.0;69.474;0.066;83.56;56.0;1.6;0.0;0.0;6.1;854.0;6.9;0.0;4.667;0.0;0.0;0.0;11.982;59.55;62.04;0.0;0.0;6.0;191.154;1.0;0.0;185.086;11.1;70.0;48.675;0.0;easy
0.0;109.0;8.5;4410.0;25.431;1.0;1500.0;90.0;67.0;0.0;105.07;0.139;68.7;243.0;1.778;0.0;0.0;8.7;1747.0;6.8;1.0;10.183;0.0;0.0;0.0;23.844;23.966;62.34;0.0;1.0;27.0;169.504;0.0;0.0;169.556;20.6;163.0;44.604;1.0;intermediate
0.0;32.0;6.4;3899.0;38.311;1.0;1404.0;29.0;33.0;0.0;204.077;0.235;79.6;116.0;1.6;1658.009;0.0;7.7;494.0;6.6;0.0;2.683;0.0;0.0;0.0;43.035;32.625;68.16;0.0;0.0;10.0;199.322;0.0;1.0;183.639;13.1;60.0;23.944;0.0;easy
0.0;160.0;6.4;4413.0;9.048;1.0;1500.0;117.0;38.0;0.0;190.087;0.064;79.5;128.0;1.778;1677.722;0.0;7.4;1995.0;11.6;1.0;11.517;0.0;0.0;0.0;11.111;5.705;49.86;0.0;0.0;6.0;173.078;0.0;0.0;173.001;16.8;179.0;6.939;0.0;difficult
0.0;68.0;7.5;3904.0;39.2;0.997;1404.0;53.0;66.0;0.0;200.028;0.267;71.24;239.0;1.6;1658.009;1.0;8.8;896.0;7.9;1.0;5.15;0.0;0.0;0.0;46.391;32.887;53.98;0.0;0.0;27.0;194.459;0.0;0.0;174.113;11.6;106.0;26.328;0.0;easy
0.0;104.0;7.4;5381.0;35.37;0.999;1500.0;97.0;31.0;0.0;227.456;0.152;76.96;289.0;1.778;1677.722;0.0;7.8;1897.0;5.4;0.0;13.55;0.0;0.0;0.0;21.31;34.631;71.31;1.0;0.0;34.0;148.972;0.0;0.0;139.655;13.9;130.0;24.44;0.0;easy
0.0;94.0;7.3;4424.0;29.208;1.0;1500.0;89.0;24.0;0.0;187.985;0.048;71.75;70.0;1.778;1677.722;0.0;7.9;1463.0;10.1;1.0;8.85;0.0;0.0;0.0;7.897;9.196;53.71;0.0;0.0;4.0;166.497;0.0;0.0;164.36;16.5;162.0;17.816;0.0;difficult
0.0;44.0;8.7;3914.0;40.863;0.995;1404.0;28.0;35.0;0.0;176.755;0.223;62.68;106.0;1.6;1658.009;0.0;10.0;475.0;9.7;1.0;3.117;0.0;0.0;0.0;33.898;30.943;49.52;0.0;0.0;8.0;156.809;0.0;0.0;151.903;20.0;74.0;34.762;0.0;easy
0.0;132.0;6.5;4430.0;12.962;1.0;1500.0;120.0;34.0;0.0;187.816;0.06;79.3;124.0;1.778;1677.722;0.0;7.7;2081.0;13.0;1.0;11.733;0.0;0.0;0.0;10.566;5.731;56.93;0.0;0.0;4.0;175.562;0.0;0.0;175.538;17.1;196.0;8.893;0.0;difficult
0.0;99.0;9.9;4433.0;8.973;1.0;1500.0;76.0;19.0;0.0;189.489;0.029;64.95;51.0;1.778;1664.563;0.0;11.9;1756.0;14.4;0.0;10.183;1.0;0.0;0.0;5.001;6.292;37.13;0.0;0.0;2.0;173.062;0.0;0.0;171.619;20.1;230.0;4.063;0.0;intermediate
0.0;76.0;4.6;4370.0;19.461;1.0;1500.0;116.0;40.0;0.0;194.06;0.101;89.68;180.0;1.778;1677.722;0.0;4.8;1787.0;4.3;0.0;10.817;0.0;0.0;0.0;16.618;29.054;79.67;1.0;0.0;21.0;169.108;0.0;0.0;164.061;9.8;110.0;14.548;0.0;difficult
0.0;43.0;7.9;3929.0;39.122;0.996;1404.0;37.0;29.0;1.0;159.564;0.146;75.54;113.0;1.6;1658.009;0.0;9.2;776.0;8.4;0.0;4.3;0.0;0.0;0.0;26.25;29.481;63.59;0.0;0.0;7.0;184.646;0.0;0.0;179.798;15.5;74.0;42.454;0.0;easy
0.0;44.0;11.2;5433.0;43.114;0.996;1500.0;24.0;35.0;0.0;147.933;0.251;56.29;140.0;1.778;1677.722;0.0;12.3;558.0;3.7;0.0;3.733;1.0;0.0;0.0;37.416;38.488;86.71;0.0;0.0;14.0;182.197;0.0;0.0;148.864;8.2;100.0;98.301;0.0;easy
1.0;26.0;6.9;5483.0;15.493;1.0;1500.0;27.0;10.0;0.0;225.544;0.706;72.76;293.0;1.778;1592.165;0.0;6.2;415.0;-0.8;0.0;2.767;0.0;0.0;0.0;105.833;101.199;124.95;0.0;1.0;21.0;153.127;0.0;0.0;151.345;2.7;64.0;15.432;0.0;easy
0.0;43.0;6.8;5487.0;25.275;1.0;1500.0;51.0;28.0;0.0;222.468;0.157;73.17;120.0;1.778;1592.165;1.0;7.3;764.0;7.6;0.0;4.45;1.0;0.0;0.0;26.956;110.689;71.04;0.0;1.0;7.0;178.963;0.0;0.0;170.947;11.9;99.0;26.172;1.0;easy
1.0;51.0;5.8;5488.0;24.693;1.0;1500.0;52.0;16.0;0.0;219.847;0.089;81.12;72.0;1.778;1592.165;0.0;6.0;805.0;4.9;0.0;4.95;0.0;0.0;0.0;14.521;109.607;77.94;0.0;0.0;7.0;163.918;0.0;0.0;162.353;10.8;78.0;25.311;0.0;easy
0.0;74.0;4.0;4465.0;38.256;0.995;1500.0;130.0;32.0;0.0;51.323;0.095;91.31;171.0;1.778;282.91;0.0;4.2;1791.0;11.6;0.0;9.617;0.0;1.0;0.0;17.758;52.842;55.17;1.0;0.0;7.0;199.226;0.0;0.0;185.365;17.9;114.0;50.043;0.0;easy
0.0;23.0;5.1;5505.0;18.66;1.0;1500.0;35.0;12.0;0.0;222.557;0.077;82.95;37.0;1.778;1585.586;0.0;5.4;478.0;9.3;0.0;3.1;0.0;1.0;1.0;11.89;115.507;61.16;1.0;0.0;2.0;166.631;0.0;0.0;153.607;12.6;46.0;21.556;0.0;easy
0.0;126.0;9.4;1261.0;13.77;1.0;1500.0;61.0;41.0;0.0;249.134;0.132;71.78;198.0;1.778;1677.722;0.0;10.8;1505.0;16.4;1.0;8.183;0.0;0.0;0.0;24.161;15.067;48.2;0.0;0.0;5.0;184.065;0.0;0.0;183.035;22.7;121.0;4.763;1.0;difficult
0.0;83.0;6.1;5616.0;14.948;0.998;1500.0;59.0;64.0;0.0;211.636;0.745;80.31;715.0;1.778;1677.722;0.0;6.8;960.0;4.4;0.0;7.1;0.0;0.0;0.0;100.612;18.075;79.46;0.0;0.0;81.0;165.336;0.0;1.0;134.947;7.4;86.0;11.43;0.0;easy
1.0;87.0;5.9;419.0;15.521;1.0;1500.0;96.0;42.0;0.0;211.23;0.123;75.4;152.0;1.778;1677.722;0.0;4.3;1231.0;6.3;0.0;6.933;0.0;0.0;0.0;21.877;25.213;74.39;1.0;0.0;11.0;180.344;0.0;0.0;177.465;9.4;122.0;21.076;0.0;easy
0.0;94.0;6.1;421.0;16.781;1.0;1500.0;109.0;17.0;0.0;208.188;0.061;80.31;109.0;1.778;1677.722;0.0;5.9;1780.0;8.0;0.0;8.783;0.0;1.0;0.0;12.388;35.702;86.07;1.0;0.0;4.0;208.743;0.0;0.0;202.519;12.8;98.0;22.503;0.0;easy
1.0;155.0;4.7;5544.0;18.739;1.0;1500.0;116.0;55.0;0.0;233.965;0.169;84.07;247.0;1.778;1585.586;0.0;5.3;1460.0;6.7;0.0;9.467;0.0;1.0;0.0;26.055;115.595;67.96;1.0;0.0;21.0;163.847;0.0;0.0;153.167;11.5;153.0;16.257;0.0;easy
0.0;89.0;5.4;428.0;18.015;1.0;1500.0;95.0;32.0;0.0;207.64;0.079;82.24;108.0;1.778;1677.722;0.0;5.5;1368.0;6.3;0.0;7.483;0.0;0.0;0.0;14.418;38.203;68.97;0.0;0.0;10.0;186.968;0.0;0.0;183.424;9.8;104.0;20.668;1.0;easy
1.0;16.0;6.5;2479.0;68.497;1.0;1500.0;24.0;26.0;0.0;127.03;0.402;73.88;138.0;1.778;20.515;0.0;6.8;343.0;9.9;0.0;2.817;0.0;0.0;0.0;48.827;101.381;32.76;0.0;0.0;29.0;127.532;0.0;0.0;120.651;28.0;46.0;212.046;0.0;easy
0.0;64.0;6.7;5554.0;23.656;1.0;1500.0;60.0;54.0;0.0;227.439;0.231;73.47;204.0;1.778;1585.586;0.0;7.1;882.0;9.9;0.0;5.867;0.0;0.0;0.0;34.762;116.571;54.22;1.0;0.0;12.0;173.948;0.0;0.0;150.294;16.9;113.0;20.488;0.0;easy
0.0;30.0;8.5;5556.0;29.653;1.0;1500.0;22.0;46.0;0.0;229.233;0.353;68.6;151.0;1.778;1585.586;1.0;10.3;428.0;9.3;1.0;2.55;1.0;0.0;0.0;58.908;114.147;45.01;0.0;1.0;16.0;173.164;0.0;0.0;166.97;12.6;71.0;24.41;0.0;easy
0.0;70.0;5.6;5558.0;19.859;1.0;1500.0;79.0;30.0;0.0;231.035;0.093;76.32;87.0;1.778;1585.586;0.0;6.3;940.0;12.8;0.0;6.117;0.0;0.0;0.0;14.213;114.161;25.05;0.0;1.0;7.0;163.704;0.0;0.0;153.561;20.0;111.0;16.544;0.0;intermediate
0.0;193.0;8.8;4027.0;13.417;1.0;1500.0;147.0;64.0;0.0;241.009;0.151;67.89;448.0;1.778;1677.722;0.0;9.2;2968.0;6.5;1.0;20.133;0.0;0.0;0.0;22.236;6.127;68.57;0.0;0.0;40.0;145.57;0.0;0.0;145.281;11.0;271.0;5.707;0.0;difficult
0.0;125.0;8.1;5568.0;16.377;1.0;1500.0;76.0;134.0;0.0;219.587;0.393;64.3;459.0;1.778;1585.586;0.0;9.0;1167.0;11.6;0.0;7.467;0.0;0.0;0.0;61.394;119.049;44.34;0.0;0.0;25.0;164.022;0.0;0.0;156.093;19.2;160.0;17.102;1.0;easy
0.0;37.0;9.4;1487.0;41.599;0.992;1500.0;21.0;0.0;0.0;151.557;0.003;61.06;1.0;1.778;0.0;0.0;11.5;391.0;20.2;0.0;2.117;1.0;0.0;0.0;0.471;38.958;-47.99;0.0;0.0;1.0;192.987;0.0;0.0;184.231;2.6;81.0;66.233;0.0;easy
0.0;75.0;5.0;5622.0;14.268;0.996;1500.0;94.0;89.0;0.0;223.488;0.937;83.25;1182.0;1.778;1677.722;0.0;5.1;1261.0;2.4;0.0;8.55;0.0;0.0;0.0;138.227;15.414;89.95;1.0;0.0;173.0;173.584;0.0;0.0;147.348;4.6;111.0;9.827;0.0;easy
0.0;14.0;8.3;5624.0;17.181;0.985;1500.0;16.0;24.0;0.0;183.936;0.25;69.31;75.0;1.778;1572.453;0.0;9.6;300.0;8.6;0.0;2.2;0.0;0.0;1.0;33.988;35.562;52.15;0.0;0.0;7.0;135.963;0.0;0.0;135.952;17.8;47.0;20.833;0.0;easy
0.0;318.0;4.9;5628.0;16.001;1.0;1500.0;374.0;280.0;0.0;219.359;0.541;83.46;2660.0;1.778;1677.722;0.0;4.4;4920.0;3.2;0.0;36.833;0.0;1.0;0.0;72.191;18.74;87.92;1.0;0.0;302.0;162.945;0.0;0.0;132.712;5.6;307.0;11.879;0.0;easy
0.0;157.0;11.3;1194.0;8.976;1.0;1500.0;93.0;33.0;0.0;247.118;0.085;55.98;187.0;1.778;1677.722;0.0;12.6;2199.0;16.7;0.0;13.617;0.0;0.0;1.0;13.725;9.177;41.97;0.0;0.0;5.0;162.544;0.0;0.0;160.889;21.1;264.0;3.013;0.0;difficult
0.0;108.34135398671808;8.429744425249927;4405.169929235933;25.252638659603257;1.0;1500.0;89.91218053156241;65.77052744187374;0.0;104.3605065144927;0.13772661770765496;68.87827352092832;238.82857524921445;1.778;0.0;0.0;8.60339858471865;1729.6117452493572;7.594766189360193;0.9560902657812048;10.077616637874891;0.0;0.0;0.0;23.631696435052127;23.97623096807298;59.80113916746927;0.0;0.9560902657812048;25.946166378748917;169.68126359704127;0.04390973421879518;0.0;169.73585427136018;21.16643557142246;161.37533983390458;44.44759352671265;0.9560902657812048;intermediate
0.0;76.89101351205863;6.428330142687098;4693.586041671153;25.363973832989384;0.9977530274024428;1500.0;79.34862987785921;60.19853415847213;0.0;199.03296542423175;0.20869980856122586;75.48529639606662;236.0774380607595;1.778;1664.563;0.0;7.202421921954253;1177.1689001190318;7.836806869526982;1.0;8.314817098152343;0.0;0.0;0.0;29.196180341907706;33.9835779889702;66.37349909847835;0.0;0.24697259755718415;16.45761636580058;152.6038467099229;0.0;0.0;139.53157713755354;13.098789039022874;123.83046546320232;46.70373534709056;1.0;intermediate
0.0;157.61047861813393;9.162114961179578;5147.378850388204;26.852380030150346;1.0;1500.0;98.68275582306346;96.33470854049308;0.7242299223591538;187.1950829481986;0.17599466450316908;67.00643949472183;379.2384215998244;1.778;1677.722;0.0;10.358767875774646;2061.2146598617974;6.513388341619723;0.0;14.498869340554059;0.0;0.0;0.27577007764084616;24.970743212385397;29.003294166205627;62.60407203629926;0.0;0.0;49.270434580809926;143.72804758370248;0.0;0.0;141.64989499593415;7.782464248450708;233.85544559014093;32.78222164100299;0.0;intermediate
0.0;97.48913791438409;5.798943008171597;4630.075158097316;19.60450938205027;0.997180857280156;1500.0;107.95713599220012;69.92542623734803;0.0;224.79034781921746;0.17093658049029584;80.15420459392706;268.69113503110816;1.778;1664.563;0.0;6.744685824124797;1617.7398942798818;5.6053433926083915;1.0;11.089842191243413;0.0;0.0;0.0;24.720665645380215;20.077555336911367;75.16203217680388;0.0;0.8191427198440024;24.467998077816034;151.3570880134599;0.0;0.0;142.4937018606324;13.3276570879376;155.87199231126414;21.9951407862566;1.0;intermediate
0.7403118521689513;112.9224948173516;6.946904371289959;1071.1634934589047;14.692837206021682;0.9997403118521689;1500.0;69.06191257420082;35.51536367865285;0.0;245.44718189057937;0.164983949531963;78.17428917542807;217.13093466324125;1.778;1677.722;0.0;6.728686074771693;1186.9683569235153;6.585255700913228;0.25968814783104865;8.231739987494281;0.0;0.0;0.0;21.8347046241866;14.293710392094745;73.55244311777975;0.0;0.0;12.674386660958875;159.1228033629738;0.0;0.7403118521689513;152.55936006751722;9.605789995719157;107.87972960901817;6.519700211064483;0.7403118521689513;intermediate
0.0;156.074948914802;8.69175561937178;1030.3136494169548;14.231307069095504;1.0;1500.0;112.66114016682431;56.26232120180701;0.0;230.84100406166021;0.21523665709423306;68.11632296626117;491.90801789431777;1.778;1677.722;0.0;9.388008173631679;2194.3806497489236;14.00599591318416;0.0;15.153293215337756;0.0;0.0;0.5037474457401002;27.766920539327295;16.825400640917753;46.379309562601115;0.0;0.0;15.586191252022305;160.18770516260273;0.0;0.4962525542598998;152.08548621025224;17.617987739552483;250.1798773955248;10.941328196289547;0.0;intermediate
0.0;103.84204201334894;7.949817814757221;4372.174974764559;24.034224977214894;1.0;1500.0;89.31227226844652;57.37181175825136;0.0;99.51384765677948;0.12902794789247463;70.09608729505355;210.33293275120997;1.778;0.0;0.0;7.943499495291178;1610.829909152412;13.023935970558941;0.6561361342232629;9.357726722135832;0.0;0.0;0.0;22.181418208969475;24.04612028072598;42.45779128078906;0.0;0.6561361342232629;18.74726722135831;170.89217842614067;0.3438638657767371;0.0;170.96446639422152;25.035843868519912;150.27703696626074;43.37915691010326;0.6561361342232629;intermediate
0.0;102.2376190162948;7.40142028794838;4335.815734853456;21.638692483446523;1.0;1500.0;84.77658386318899;36.492898560258105;0.0;125.55257122713076;0.09782265014982508;71.45272567784887;136.18080749835963;1.778;600.8884630980933;0.0;7.431209106189847;1405.7980743257872;19.42019256742128;0.3581573485345566;8.093522421179461;0.0;0.0;0.0;16.957116550245527;18.3037300431212;24.551740503537754;0.0;0.0;4.07447204560367;173.3554744934591;0.6418426514654434;0.0;173.4145416779216;26.58756317328306;135.67024841043303;31.00464030731905;0.0;intermediate
0.0;132.0202095543898;9.54291336553499;5176.121257326338;26.62116364017737;0.99983805775631;1500.0;83.99186301652975;60.655905958230235;0.838057756310007;195.44423291020883;0.14493937133683066;66.01251449061863;255.5021006980105;1.778;1677.722;0.0;10.978136468058993;1874.0755735872513;5.5105249167969905;0.0;12.72918837658042;0.0;0.0;0.0;20.72223479810116;29.52994101772939;71.15129925926952;0.161942243689993;0.0;30.408924100960114;148.5718997143185;0.0;0.0;145.33250173991013;7.985013032722954;222.25905442818964;30.92973545857112;0.0;intermediate
0.0;106.82586619296254;8.12045646222875;4319.803886462175;17.340755589151627;1.0;1500.0;86.18174151084997;46.96196148093746;0.0;168.58114315009703;0.1520067643231623;69.65461539790613;246.66526103224965;1.778;1677.722;0.0;8.321978002991251;1591.3778550486747;10.018934921466249;0.4015215407625017;8.998912941735462;0.0;0.0;0.5984784592374983;27.046201519380936;10.81278536664379;62.65838551458637;0.0;0.0;10.787827673899987;176.97894261555987;0.0;0.0;176.3422748071077;14.37954353777125;129.65934008973755;17.767123530968025;0.0;intermediate
0.992468146347091;114.45770653699056;7.7;1176.7265310223531;13.76790522945292;1.0;1499.2769420493207;54.02259556095873;15.421783804562903;0.0;250.52007040880713;0.08603939580410144;76.25;94.24275585272999;1.7766593300497822;1677.5735245689402;0.0;7.3082850390182;1094.4669749264804;4.315063707305818;0.0;6.485387597607972;0.0;0.0;0.0;14.521442940208882;14.04911735456105;84.91942088011997;0.0;0.007531853652908982;8.195828194975633;170.0565811035568;0.0;0.992468146347091;167.8334907007179;6.151216604839781;91.03765926826455;4.309177465224719;0.992468146347091;intermediate
0.0;99.38966952699705;9.159627898705606;4367.925188991493;10.983694759304774;1.0;1500.0;81.84504290495573;33.807442025887866;0.0;175.4246577620955;0.09680249769748654;66.92562450187503;161.6661456671619;1.778;1669.6906613057542;0.0;10.3023549393121;1714.6950301383129;12.8023549393121;0.0;9.812813949352803;0.610330473002951;0.0;0.38966952699704904;17.19025247399469;8.857194496221574;47.654973924190294;0.0;0.0;6.676034323964588;175.6225184618976;0.0;0.0;174.33616561175043;17.917850648816525;184.7983348683423;10.644907980507156;0.0;intermediate
0.0;135.65201637075901;9.224450613903462;1179.117124164393;15.55081803132861;1.0;1500.0;74.44506139034627;26.08427830290313;0.0;246.0407470869979;0.08728676259478851;66.37224225127142;155.6174760772999;1.778;1677.722;0.9184979536551241;9.983699590731025;1556.8233492331235;12.68653710802728;1.0;9.445330895919378;0.0;0.0;0.0;11.612479327700072;23.31559409298181;52.35804384654425;0.0;0.0;10.31320872717734;208.18025731905072;0.0;0.0;169.81472998649141;17.976189359006643;148.1282291906261;7.167881507230676;0.0;intermediate
0.0;58.917188966600975;7.579870271950181;1310.4564355864654;33.7104669187199;1.0;1432.8311347319566;64.80843232323821;80.6103782439855;0.0;189.24502123419728;0.39899005159298434;73.33385085159065;447.50464599858896;1.6534577289821695;1663.9292933226152;0.0;8.039610815850544;1138.881513752901;5.8795459518256346;0.3003243201245467;7.956248632479505;0.0;0.0;0.0;51.56054878198388;31.07927962998886;69.64635667444111;0.0;0.6996756798754533;43.91070256411004;153.82007202112163;0.0;0.0;149.97708568918438;13.560713504274002;120.02594560996374;30.962113609163445;0.0;intermediate
0.0;150.5394618370482;8.877174891722104;792.8838564599135;17.0239811638472;1.0;1500.0;112.48968603415403;131.33183868596117;0.0;219.51787893805775;0.5638542606439887;64.02308966535766;1139.1569514587477;1.778;1677.722;0.0;9.144394622865374;2060.270402835608;9.489641239681779;0.6721973114326862;18.698340806570194;0.0;0.0;0.32780268856731376;60.96750318280941;18.8913802661598;60.797264615513335;0.0;0.0;78.75919298031684;124.24703897568577;0.0;0.0;109.85760265350717;15.429058282257733;258.53946183704824;14.81570896024292;0.0;intermediate
0.0;139.9061025350724;9.46760559282213;1233.1784008189193;13.32922567688462;1.0;1500.0;80.47417710603412;17.6760559282213;0.0;247.7353005388092;0.042352111856442595;66.15300480616655;76.62441014028953;1.778;1677.722;0.5539906786297836;10.446009321370216;1769.6431547177297;13.2;0.5539906786297836;9.844807326162877;0.0;0.0;0.0;7.6223613459377955;19.288568758333724;48.68629143566117;0.0;0.0;2.8920186427404326;201.7726970409198;0.0;0.4460093213702164;178.67164273282154;16.972770171615306;177.80281095920884;5.524413311784894;0.0;intermediate
0.0;237.38519545119607;8.624341557484588;5149.8582201236495;22.983066202543085;0.9999121707787423;1500.0;157.5671195054007;175.47302467245376;0.0878292212577062;186.76916612035728;0.21492597725598028;68.81132853099334;674.6148045488039;1.778;1677.722;0.0;9.006775713233045;3141.9472139411587;9.41016356984957;0.0;21.709297034257112;0.0;0.0;0.9121707787422938;31.088058108389493;24.594254613524193;40.847085674089264;0.0;0.0;91.29736622993835;149.93668489625637;0.0;0.0;144.3708602753635;10.11756584425154;288.28355975270034;27.76006154415808;0.0;intermediate
0.0;119.23683743658562;8.796075412550294;5202.112683791697;26.973291107503844;1.0;1500.0;78.13619583444587;61.096949959948816;0.8638041655541336;193.20210515706003;0.15087487909212696;67.98428980240261;242.48474979974407;1.778;1665.1734605974957;0.0;10.187118744993601;1571.4408450200717;6.321468758343998;0.0;11.05450461030743;0.0;0.0;0.0;21.411943915728152;41.80962689735132;65.35510236475588;0.0;0.13619583444586636;29.458908304407476;144.96463243246862;0.0;0.0;142.73235098061338;8.68416543124085;199.97182905207575;31.948219684326865;0.0;intermediate
0.0;81.61844590604474;8.54087148994764;3036.8502571826743;5.108342217122054;0.9984737836241789;1500.0;60.76310818791052;33.96020322141839;0.0;211.36598193194038;0.13752432751642085;61.84504266836937;129.74858335544985;1.778;1672.7011296776427;0.0;9.497472805387904;960.0688464435029;10.060580993298426;0.0;6.121881651018559;0.38155409395526074;0.0;0.6184459060447393;23.3927112028561;7.05514681709874;47.19142904153644;0.0;0.0;9.526216375821043;165.2374594706214;0.0;0.0;164.2072374958353;12.611939033574483;137.97472805387906;9.409163753715314;0.0;intermediate
0.0;99.54000970705889;9.888428363420166;4446.750961469035;9.341788057799288;1.0;1500.0;76.03857212193277;19.906444865420283;0.019286060966388963;189.4455677907037;0.03152647398659694;64.98317202486218;55.16578916874002;1.778;1664.8167852762567;0.0;11.878785332936973;1754.360684817857;14.224496845205863;0.0;10.214822000594541;0.980713939033611;0.0;0.0;5.339393225716261;6.7569869298996394;37.79691198821773;0.0;0.0;2.5978678899580565;172.4631292348717;0.0;0.0;171.0289622507943;19.845423995243667;229.69142302453778;4.6476376521351135;0.0;intermediate
0.0;57.36661943553049;7.895759206516912;945.0779697246776;13.091187364929157;1.0;1500.0;37.841312551633415;25.558139756767854;0.0;241.3643363819054;0.42019836646622155;66.91726402267095;109.79069878383928;1.778;1677.722;0.3789329554842439;8.074692162001156;711.8864398624225;17.795896129416597;1.0;4.430860376806393;0.0;0.0;0.0;49.37823482511173;14.812845229418269;39.16004079063937;0.0;0.0;2.621067044515756;156.84370737149885;0.0;0.0;138.2035094725425;25.852804534189072;79.99863077100318;7.07393708225327;0.0;intermediate
0.0;139.12191714242564;7.088035133948798;4399.645590982291;17.041104765923755;1.0;1500.0;118.23929732102404;115.94811535644168;0.0;111.38242426115957;0.262311598301805;77.52948696237351;579.0476381201861;1.778;0.0;0.0;7.570428107159039;2196.946137314983;4.823249187528317;0.05869008929919861;13.053995227637445;0.0;0.0;0.0;44.042628063817794;16.148421191629843;82.59698927828124;0.0;0.05869008929919861;45.82619821401603;169.45316926482215;0.0;0.0;168.44337168555165;13.91669963402431;157.3521405357952;23.456531546195798;1.0;intermediate
0.9858593776599713;115.28281244680058;7.721210933510044;1174.5656248936011;13.584754057467334;1.0;1500.0;54.25453120212052;15.0;0.0;251.03713360143732;0.08432125012767863;76.11750236867393;92.49093759575896;1.778;1677.722;0.014140622340028663;7.338179680318078;1100.0663269838724;4.425851538826256;0.014140622340028663;6.513402338031061;0.0;0.0;0.0;14.234509161221158;14.025483098762042;84.59822899687522;0.0;0.0;7.915156265959828;170.7031937835668;0.0;0.9858593776599713;167.92607458848093;6.273929654782352;91.67874987232138;4.091129290078773;0.9858593776599713;intermediate
0.6451733413367531;108.25829348539831;7.558069336534701;1035.972429779997;14.329747982592561;1.0;1500.0;64.28997310123415;46.22474596236573;0.0;239.25872399992724;0.3418945008721908;72.80463314437988;375.44202029594453;1.778;1677.722;0.0;7.264517334133675;1095.7741332933163;4.512895995197948;0.3548266586632469;7.961562686649749;0.0;0.0;0.0;38.839458380817256;16.296692318958097;84.46969814709921;0.0;0.0;28.934772861131567;150.26196241969205;0.0;0.6451733413367531;144.71046212114268;9.29343992796922;121.16026598637599;7.948158098853145;0.6451733413367531;intermediate
0.0;101.94384892060353;4.919888118377441;778.1563758065793;17.60086181263616;0.9990521252688598;1500.0;107.04809945832304;90.76823333069504;0.0;229.80188984871927;0.4066046951723967;82.78846550466486;548.6382596591641;1.778;1677.722;0.0;5.193825483947563;1387.6252929581997;13.49093951644818;1.0;12.625378198441755;0.0;0.0;0.0;44.87207280621271;15.138244361030917;40.23338264478852;0.0;0.0;24.80111881622558;127.58723453087113;0.0;0.0;109.39608606209498;20.16295290368538;150.1619698877072;13.223396711026961;0.0;intermediate
0.0;81.25517573676036;7.342079931309189;2917.697641657398;9.914769826923674;0.9970207029470415;1500.0;61.48964852647928;38.682715422115315;0.0;179.12757075879819;0.16658594105917118;68.9142801626434;150.45498300465948;1.778;1667.9208575200296;0.0;7.971738094393514;915.3866156215242;9.261386620872791;0.0;5.159215702414954;0.7448242632396398;0.0;0.2551757367603602;31.26804520277215;13.756028359718396;53.228979255042816;0.0;0.0;10.97929705295856;185.63907544780142;0.0;0.0;186.31477018797474;11.195185373365405;122.71738094393513;18.362683616067404;0.0;intermediate
0.9150941458076732;114.32075316646139;7.4537730228422525;1140.3772817398385;13.929038582820468;0.9999150941458077;1500.0;58.92453954315495;21.707562481193815;0.0;249.23698636354777;0.11115100309123666;76.87915237956514;133.5849983039322;1.778;1677.722;0.0;7.113207120776881;1124.396295800853;5.047171516892475;0.08490585419232677;7.054756022131128;0.0;0.0;0.0;16.793109364177663;14.019302191081952;81.31102913240261;0.0;0.0;9.528305375461882;166.4779918438785;0.0;0.9150941458076732;162.82712068961757;7.246229031596411;96.51888052250123;4.860841462139373;0.9150941458076732;intermediate
0.0;95.19267372963859;5.982193444816447;4404.314630359263;17.25949943493493;1.0;1500.0;90.0;105.98539182219695;0.0;102.36457624667213;0.2437732405221543;79.53469014391891;331.52932726290555;1.778;0.0;0.0;6.425852143705178;1394.5070822743028;6.718780433703756;0.18780433703756372;8.16631816886427;0.0;0.0;0.0;41.58966304006627;19.97649490352851;66.98575919214514;0.0;0.18780433703756372;29.43658698888731;170.0424857245441;0.0;0.0;170.16758333421072;17.02633908296528;144.31949975186396;29.0082188797953;1.0;intermediate
0.0;35.465147211563426;7.527814473154265;869.2112699408557;12.425733032876142;1.0;1500.0;28.204664773087906;28.536739979227374;0.0;239.43928457930758;0.528304033363723;66.92777672933845;124.68369989613687;1.778;1677.722;0.20372117769250742;7.531535650846774;483.0598580664147;19.092463285075446;1.0;3.245377488267505;0.0;0.0;0.0;61.44629644407316;12.291547746995182;35.81700007037304;0.0;0.0;2.7962788223074924;140.10607666260984;0.0;0.0;127.6336837654782;27.95534586768991;63.353511880788204;7.204820280263697;0.0;intermediate
0.0;129.31677709017555;9.107338756905035;1233.8912801843856;17.054707407918585;1.0;1494.0696804419224;71.07338756905037;18.459353075545323;0.0;243.79054449936126;0.04848999414377553;67.45882389853321;69.41660657472517;1.767004199152731;1676.504245943246;0.9382258379366907;9.901161340698705;1500.3288825227655;12.773758281763165;0.9382258379366907;8.519767960937953;0.0;0.0;0.0;8.534654820905708;24.478502693212604;51.79762056630719;0.0;0.061774162063309324;3.9767731860258984;213.36962675140495;0.0;0.0;175.33641952485812;18.0602421086518;136.3437110312777;8.536859663078744;0.0;intermediate
0.0;69.46237181343547;5.89569550261049;5333.002603922745;22.007093419418574;0.9994623718134354;1500.0;75.77423088061283;36.98916642533887;0.0;219.44373629766875;0.12848346031325888;75.55387983414555;123.28990259310567;1.778;1606.8161306451534;0.0;6.595695502610491;952.6342623842664;11.724743626870943;0.26881409328226424;6.3858140932822645;0.0;0.0;0.0;18.7599903878695;94.22171463078806;35.138592920883376;0.0;0.7311859067177358;8.612884559693585;160.86478554675273;0.0;0.0;149.4459938600351;18.11830134702415;110.73118590671774;27.51833535824844;0.26881409328226424;intermediate
0.0;182.14738062525794;7.974341811892838;5141.757893798057;22.047347345855126;0.9994697367247571;1500.0;145.34343595584383;121.14738062525794;1.0;185.24957324438975;0.17219605533058588;72.87938295309395;486.52899595054606;1.778;1677.722;0.0;8.784999554077114;2759.1002407983588;5.883289602767151;0.0;18.22267246667652;0.0;0.0;0.0;25.710550700098935;23.27048921125871;67.22397269144535;0.0;0.0;60.04342703738611;155.5571661559047;0.0;0.0;148.74616355081136;8.702895135825742;265.96580097380075;26.275637680839512;0.0;intermediate
0.0;90.52563731824242;9.686324835756768;3501.320365266048;13.320776284794247;1.0;1500.0;68.52563731824242;27.863248357567677;0.0;244.3613636242878;0.09563248357567677;57.84730620193345;117.66238896067473;1.778;1677.722;0.0;10.247436268175758;1252.5383547653814;9.76324835756768;0.0;8.45958916671852;0.0;0.0;0.4316241787838392;14.018350906840649;4.20536142654189;46.86909994667914;0.0;0.0;9.705127463648482;148.72147222277127;0.0;0.0;147.04190762341574;15.12307647818909;133.5384704362182;3.9512333267038047;0.5683758212161608;intermediate
0.0;99.50592317128549;7.515296767258882;5344.729116726849;24.122347074363283;1.0;1500.0;78.48235222506517;48.635319897653986;0.517647774934833;208.36306275340417;0.12768240092063382;71.32469897187886;180.17659948826994;1.778;1633.2799953913957;0.0;8.629414987206749;1318.400523477363;8.917641687988752;0.0;9.075874681527505;0.0;0.0;0.0;18.5270765563069;70.80334001923332;49.203445178459305;0.0;0.48235222506516695;20.45884214830566;152.47414917056372;0.0;0.0;147.07176749341693;13.218814148353687;164.3177208182878;25.775212770412878;0.0;intermediate
0.0;113.40902410322747;5.807132359078603;877.7976610359706;17.36080136686437;0.9992288937179724;1500.0;102.84425128110361;75.91739628017963;0.0;233.6965996418555;0.3115138364018221;79.81916341242297;453.3486289621814;1.778;1677.722;0.22889371797240976;6.221579218064807;1468.2514539760411;13.12288937179724;1.0;12.167751196814475;0.0;0.0;0.0;34.81423664682547;17.354444496863167;43.05218316947526;0.0;0.0;20.506550768662166;148.15834150003843;0.0;0.0;124.31355051068047;19.325327538433108;152.10880679446905;11.958393172143365;0.0;intermediate
0.9893185401979;114.2309348942488;7.7;1177.8666884483603;13.855681603224724;1.0;1498.9745798589984;54.0320443794063;15.598161748917601;0.0;250.28676018369964;0.0864740414526898;76.25;94.7624408673465;1.7760987001552262;1677.5114363829211;0.0;7.3117496057823095;1094.6622505077303;4.3213629196042;0.0;6.486386022757265;0.0;0.0;0.0;14.595644511477673;14.117328374934079;84.85227127701923;0.0;0.010681459802100002;8.2777179548546;170.05891496171336;0.0;0.9893185401979;167.84122298381416;6.17263392665428;91.0534072990105;4.4154672239414685;0.9893185401979;intermediate
0.0;141.99043918923272;9.581296683049057;1241.3262622851826;12.428223786836217;1.0;1500.0;84.07439496322017;18.81296683049058;0.0;247.54297311117534;0.04462593366098116;65.84414401105006;84.96175675693091;1.778;1677.722;0.3645055282515701;10.63549447174843;1874.4284428768817;13.2;0.3645055282515701;10.359638479740484;0.0;0.0;0.0;8.056282340303904;17.393148799100455;47.699073802190675;0.0;0.0;3.2709889434968598;195.65478999065843;0.0;0.6354944717484299;179.94687779486694;16.366417690405022;194.2880190421134;5.0632064557643215;0.0;intermediate
0.0;102.1150180907211;6.730989145567343;4447.891555802014;16.06348276230568;0.9984137364319592;1500.0;104.74761758968711;65.46007236288438;0.0;195.45101971589824;0.17973480100206796;76.15884000831798;305.3897467299047;1.778;1670.7641192360504;0.0;7.165494572783671;1706.5767339267893;7.444725577526523;0.5287545226802737;10.67861486500787;0.0;0.0;0.4712454773197263;29.420881313700768;14.359213945163528;71.43681241298778;0.0;0.5287545226802737;20.87380879484356;164.47360783475656;0.0;0.0;159.99993347351622;13.918370025051699;141.49523517937422;17.374860635977228;0.5287545226802737;intermediate
0.0;133.52615945195527;6.557543717040936;4419.917340014132;12.973383648371142;1.0;1500.0;120.67551320004577;34.75057022227308;0.0;189.14683606111242;0.06227672967422836;79.01453312546214;132.1061584005493;1.778;1677.722;0.0;7.737528511113654;2103.1918595718744;12.837376451840832;1.0;11.943159662236464;0.0;0.0;0.0;10.85797181646423;5.740907526934005;57.22122124624195;0.0;0.0;4.900684266727701;174.8116299297862;0.0;0.0;174.7809998928228;16.947384054804473;197.87642555568272;8.813289442394598;0.0;difficult
0.0;174.0210967192823;6.752615468301501;1174.7819779024264;11.40681804929556;1.0;1500.0;97.71076797547748;32.45494475606607;0.0;249.10197184837597;0.13522021825593694;78.39668972971604;233.85977630446547;1.778;1677.722;0.0;7.341714363422823;1722.237787522844;8.947384531698498;0.0;9.84918321400348;0.0;0.0;0.0;23.596099954435452;16.403347061016383;72.49901104878678;0.0;0.0;9.890988951213213;171.52814295427854;0.0;0.0545055243933934;170.2681209926949;13.513010776806908;142.89098895121322;4.540657992179787;0.9454944756066066;difficult
0.0;114.07041829277891;8.604694552851926;947.5171029158013;14.606396228584057;1.0;1500.0;72.92958170722109;64.85916341444218;0.0;230.59476727243913;0.38848600670525346;66.69004513825233;490.9375063662068;1.778;1677.722;0.0;8.94428728998783;1325.3935198523936;11.628167317111561;1.0;10.03871271001217;0.0;0.0;0.0;46.75496499893746;17.03339271807361;56.9218497370572;0.0;0.0;24.88263617870182;147.1237247345113;0.0;0.0;135.20201663581844;17.397963685679514;144.85916341444218;10.490524728544704;0.3372454607099393;difficult
0.7453706859198616;106.34260332127529;5.612962079424388;4366.7963101804735;23.268506282162313;1.0;1500.0;108.43057732847045;32.763887942240416;0.0;194.0207528456253;0.07597219003617413;81.59865971407419;106.93515552353301;1.778;1677.722;0.0;5.616665530688499;1531.9584895303315;14.1615749891676;0.0;8.696931633788168;0.0;0.0;0.25462931408013845;13.779664962902459;19.196943789160656;32.43554631626645;0.0;0.0;4.763887942240416;176.95351798354963;0.0;0.25462931408013845;176.4328325042723;19.063426714799654;130.92593097471777;16.00406125458241;0.0;difficult
0.0;162.08147959568768;10.16271647144133;1189.4024708419968;9.552142996063447;1.0;1500.0;94.6938265318959;33.0;0.0;247.6067899420614;0.09782468659864034;61.57204730744487;200.0666618174826;1.778;1677.722;0.0;11.293333818251739;2090.111151520978;14.860988336798744;0.0;12.741775633447508;0.0;0.0;0.7580247811577296;16.23065339111171;11.01020425794904;49.330886157181865;0.0;0.0;6.209876094211352;164.67507575234387;0.0;0.0;163.10839670722132;19.357778424335656;234.7209985200853;3.3958047962084716;0.24197521884227036;difficult
0.0;123.83780729098902;9.201983726572774;919.2275461253375;13.074576307056542;1.0;1500.0;83.52508779742543;62.778295493805786;0.0;229.55083599698372;0.3787222782798116;61.475449077493245;493.5810876975914;1.778;1677.722;0.0;9.486814562011213;1545.907837465396;11.624154177192196;0.6767794430410405;11.8343629470299;0.0;0.0;0.32322055695895946;43.859958260288415;15.171235527014495;55.092753400565776;0.0;0.0;25.303383291231217;139.38596101802167;0.0;0.0;127.03175480298586;16.76861156453734;191.58459959460868;10.046091972082493;0.0;difficult
0.0;138.10828964674624;7.179196470200557;4400.755484039705;14.62296522131589;1.0;1500.0;108.46594342161295;47.64719439295928;0.0;190.28291225536472;0.07884183752762966;75.45559927372092;151.00484816782597;1.778;1677.722;0.0;8.179196470200557;1933.7774201985276;11.562895406180926;0.6289540618092585;10.997535686532961;0.3710459381907415;0.0;0.0;13.947275151530029;8.655186254554586;49.934209187638146;0.0;0.0;7.113137814572225;175.8029613700728;0.0;0.0;175.76083968826273;17.096836750552594;177.51581624723704;9.704034331397406;0.0;difficult
0.0;157.22136547191874;7.2307616435052084;4190.2007890754585;27.86968526331703;1.0;1500.0;133.81839780544374;42.03066300907291;0.0;198.2234023624982;0.09890128656437291;75.42862106460099;256.5529205076354;1.778;1677.722;0.0;7.693531177764999;2428.8097007083898;9.450168110210209;0.3723046574020833;14.630622626786662;0.0;0.0;0.6276953425979167;16.173090685846724;11.527063032369878;50.661851875681435;0.0;0.0;21.1691397220625;171.08393259057752;0.0;0.0;170.12894783208114;14.703402521327707;213.25202848099167;18.61806550189655;0.0;difficult
0.1580600796387811;73.47418023891635;6.568702135385927;4284.43196525616;18.331023713594053;1.0;1500.0;84.10013753119779;60.638523344828805;0.0;136.04041067004445;0.1650251321050947;79.01085805277492;234.55095186617837;1.778;1677.722;0.0;7.179344191133074;1456.8495982586128;11.762909880541828;0.0;7.720864914935116;0.0;0.0;0.8419399203612189;30.71001799530202;12.457396612433605;38.720111907405695;0.0;0.0;15.528961274220498;187.1350090768493;0.0;0.0;185.70022132443063;13.969330438013296;103.9483604778327;16.94676867189604;0.1580600796387811;difficult
0.7194387212799733;75.15831616383991;7.523045826175955;4321.482955604478;27.16768491166806;1.0;1500.0;66.69739964032082;84.21642629375887;0.0;153.8748487363435;0.25035468563455593;76.56324717521932;318.19636947071604;1.778;1677.722;0.0;8.526652931071936;1303.5932290905673;10.92084191808004;0.0;7.262218564714262;0.0;0.0;0.2805612787200267;44.352080365824634;14.518778984540061;40.88703346414069;0.0;0.0;24.511019540479573;178.23098244177834;0.0;0.0;177.69552327326886;17.056912967039853;107.31663232767984;22.951836001531873;0.7194387212799733;difficult
0.0;79.63612083751705;7.461321146565485;4323.770906281378;18.76455219871688;1.0;1500.0;62.45551664993178;38.239213010897;0.0;177.70411009193248;0.15012466615158596;76.7552213783518;182.7964864405525;1.778;1677.722;0.0;8.044272657034448;1220.453409719594;12.0;0.0;6.439824322027626;0.0;0.0;1.0;28.4210227608743;10.161562763501841;51.506668940737555;0.0;0.0;8.022909371862209;189.23636711380675;0.0;0.8295151046896319;189.09292423873887;16.50101192922749;116.27224167503411;13.781122143861834;0.0;difficult
0.0;75.97445369676501;4.614476238499824;4369.18251829648;19.43019115829861;1.0;1500.0;115.77008327088515;40.119216081763255;0.0;193.52317849925447;0.10134061737646645;89.59501596457163;180.2639784667615;1.778;1677.722;0.0;4.817030868823322;1784.5560703238532;4.365568844969791;0.0;10.791734706100602;0.0;0.0;0.008515434411661138;16.705291718153937;28.907730383110895;79.31609854585136;0.9914845655883389;0.0;20.93187652470671;169.28285593020905;0.0;0.0;164.26445927439784;9.828100933558483;109.94039195911837;14.554028927563456;0.0;difficult
0.0;126.27038534775649;6.911575778141021;4312.852976075961;33.003554181897144;1.0;1500.0;117.10435231794878;38.72961465224352;0.0;177.78558636444902;0.07800760364230762;76.75872441227567;156.06548253301273;1.778;1677.722;0.0;7.550570273173071;2031.441071772116;11.28339669701923;0.0;11.019513762419875;0.2779889900641005;0.0;0.7220110099358995;14.294415980616012;14.431439824671157;42.82544968044229;0.0;0.0;9.7220110099359;184.60605380257854;0.0;0.0;183.63606475199614;17.09459229304487;177.8880440397436;22.972100853088165;0.0;difficult
0.0;124.33187607965104;10.106357010602634;1179.5506374967688;11.046028236875959;1.0;1500.0;71.01183966899589;26.71766847685597;0.0;247.9717688539953;0.0862564663046288;62.50734245254665;138.62604727179098;1.778;1677.722;0.0;10.840947173519671;1607.832603672147;10.16637521593021;0.0;9.606359555624852;0.0;0.0;0.371766847685597;14.652900365968373;9.906378689837021;62.337318798032946;0.0;0.0;6.884699456943209;170.11860711745476;0.0;0.628233152314403;169.03844045182242;12.116265921904038;186.72732226532844;3.3805163941039256;0.0;difficult
0.0;89.17348072388774;5.423342545242983;4348.5930938236825;20.574570792441136;1.0;1500.0;106.94323200232718;53.58515199650924;0.0;151.9484988384571;0.13722707199069129;85.27923409567626;234.75227925865843;1.778;987.0520491549253;0.0;5.952679563340177;1732.2477207413415;7.5110359264476365;0.0;10.350164776847228;0.0;0.0;0.0;23.078357281249072;29.19479157523655;64.62341498568446;1.0;0.0;18.94164363689254;169.42251685228283;0.0;0.0;166.5149724560967;12.187693381204653;122.76180945126625;30.617999798052562;0.0;difficult
0.0;161.2527000613121;10.348205224373;1190.152318992146;9.458175183142103;1.0;1500.0;94.41756668710404;33.0;0.0;247.52706924399288;0.0957330049166449;60.65999516271063;197.93551444337402;1.778;1677.722;0.0;11.506448555662597;2107.870712971883;15.160927596858468;0.0;12.88452304182067;0.0;0.0;0.7974904732708512;15.821986149280335;10.71121217450003;48.13033980310071;0.0;0.0;6.0125476336457435;164.32750140190362;0.0;0.0;162.74641737915977;19.641931407550132;239.496347265773;3.333370071285513;0.2025095267291488;difficult
0.0;107.88900559271804;8.244397762912783;802.1702859963299;14.929848147164838;1.0;1500.0;78.2230391490263;75.00210066892478;0.0;222.171641076438;0.5030168053513983;64.18398576817667;620.3909880468543;1.778;1677.722;0.0;8.066596644369174;1234.8879552582557;9.092705406294108;0.9630018642393476;10.844256990897554;0.0;0.0;0.0;56.65923025550392;17.74926234718602;61.8420857089613;0.0;0.0;34.00105033446239;130.03808873232418;0.0;0.03699813576065236;113.19284555478534;14.407714727490845;156.40802982782955;13.042159282595282;0.0;difficult
0.0;79.74539096069809;5.161808644104713;4381.236172882094;21.489129205218013;1.0;1500.0;110.38191355895287;36.67076359049059;0.0;192.7959305507644;0.08997190439350009;85.94917444859352;157.1114996846228;1.778;1677.722;0.0;5.445039554342449;1719.5829627074345;5.506848198447162;0.2080772755943382;10.407711998905937;0.0;0.0;0.0;14.803358079541775;24.922001461247632;74.26831392557098;0.7919227244056618;0.0;17.462686314896253;168.5647102334232;0.0;0.0;164.12321510540272;11.194117746482068;120.82001833090558;15.227996536642298;0.0;difficult
0.0;146.08621663394095;10.631090696918962;1217.587854371805;10.663763788931842;1.0;1500.0;81.73415910600357;35.81646022349911;0.0;247.82774797632177;0.10154670381305726;61.54250894141074;190.87263280731128;1.778;1677.722;0.0;11.9662964497127;1954.6720756114523;16.594382741618784;0.35205752793738854;11.703919393188231;0.0;0.0;0.6479424720626115;17.399072361554587;11.250618839551219;44.16331839904993;0.0;0.0;5.0;170.12063005874055;0.0;0.0;168.68566601370142;21.663292044699823;213.65577350495346;3.62910067389043;0.35205752793738854;difficult
0.0;106.54359992839935;9.428065453243624;1172.6137635615084;12.355968159695074;1.0;1500.0;59.68392719461747;22.614100017900164;0.0;248.36172115080183;0.0847196819239555;66.29878391239431;108.07050008950083;1.778;1677.722;0.035081816554530576;9.859639088142703;1302.0627615924905;6.906915426393379;0.035081816554530576;7.486185470074047;0.0;0.0;0.0;14.80213745491146;10.663980239424697;72.6260862636382;0.0;0.0;7.754427284118286;174.63429264391024;0.0;0.9649181834454694;173.84644104612985;7.627930870686921;144.50818165545306;3.68170521429911;0.035081816554530576;difficult
0.1596941155002768;103.23571761700387;7.925101184199004;4379.680611768999;24.157478187099645;1.0;1500.0;99.11021169600886;58.88978830399114;0.0;191.5255758465826;0.09537651776298506;70.9730545563341;172.91272964147038;1.778;1677.722;0.0;8.733468245598672;1802.5326121339524;12.042959992700942;0.0;10.029168236474849;0.8403058844997232;0.0;0.0;17.14432515106421;15.053004122396421;46.05487158325306;0.0;0.0;8.201529422498616;179.2025757340399;0.0;0.0;179.09581279452718;17.93535764255058;168.61223537998893;14.786402629978685;0.0;difficult
0.0;139.86770025687522;9.882354791543486;1234.4704864651083;14.326516840743297;1.0;1500.0;88.1324570243211;23.514638806548625;0.0;246.75659382118005;0.06567621616277064;67.29410043864559;111.77908101160183;1.778;1677.722;0.6029434894293578;11.22206044260055;2113.369980834222;20.741193123891378;1.0;11.961646848253785;0.0;0.0;0.0;11.886879385686564;17.81823114226616;33.67509133964677;0.0;0.0;2.5882260422825687;178.93093618750902;0.0;0.0;177.2533748798619;27.342664868606054;193.35321873152293;5.499194000593246;1.0;difficult
0.0;123.99190826198245;7.0166510798721005;4417.0837230031975;15.832255074229455;1.0;1500.0;113.2835359616627;41.74976619808151;0.0;188.539053186281;0.07136632375718621;76.53591672268426;141.04948563577932;1.778;1677.722;0.0;8.16498597188489;2016.1602894760513;12.612511690095925;0.7416744600639498;11.315545927463344;0.25832553993605023;0.0;0.0;12.681427846536316;7.778229903993198;55.15530354063934;0.0;0.0;5.291627699680252;176.81746212408922;0.0;0.0;176.80405347122658;17.229162769968028;190.57516366134294;10.313273818568405;0.0;difficult
0.0;109.47705941912562;6.058348975930787;4304.59082376765;20.92421473779206;1.0;1500.0;86.83302048138425;34.39084121149381;0.0;107.1134830434281;0.11291199189989148;81.17655039950255;145.31383412389886;1.778;0.0;0.0;6.1932116813224125;1389.7632601829139;18.118898154364288;0.0;7.775849303952111;0.0;0.0;0.11743135269581251;20.105494203690952;29.469507574810446;17.978517915983293;0.0;0.0;5.583489759307874;178.20244754894733;0.0;0.8825686473041875;178.68110643034018;22.371558912868842;104.00366700417119;47.30814187931285;0.0;difficult
0.0;120.3709543266749;8.81042914911384;1171.8422440726945;12.078547229389304;1.0;1500.0;66.84356276329241;25.10561018173629;0.0;248.61618083301278;0.09773861192685507;69.04833615116857;137.58349338074538;1.778;1677.722;0.0;9.252541352748565;1361.3854599232518;6.889570850886161;0.0;7.815622337286431;0.0;0.0;0.0;17.071360719345478;11.688748931583827;73.96887796365274;0.0;0.0;8.421122036347258;173.9166766909357;0.0;0.7894389818263712;173.0608681309402;8.294983229032765;141.42112203634727;3.8079293351191077;0.21056101817362882;difficult
0.0;126.2139485135124;9.40744168742652;1260.5907071915415;13.778585846868346;1.0;1500.0;61.41859491774167;40.7302388307887;0.0;249.09732178309653;0.13097676797885371;71.71079230693337;196.6697983725098;1.778;1677.722;0.00930210928314823;10.806511476498205;1514.3858282666965;16.466975186838667;1.0;8.24129631887749;0.0;0.0;0.0;23.971636961322954;15.109445524659005;47.97591218736896;0.0;0.0;4.962791562867407;183.985792539454;0.0;0.0;182.9458020740839;22.77162624148024;122.11625311397779;4.774357875434724;1.0;difficult
0.0;160.5279125926039;8.768948781607788;1200.304402452091;13.366892537623217;1.0;1500.0;103.61491463601298;20.347798773954565;0.0;246.75998865527612;0.0681116503704157;70.20333485313476;128.9376462835976;1.778;1677.722;0.6024857726688302;9.79068882247597;2209.9016160916553;17.83604370369804;0.6024857726688302;12.681061688376294;0.0;0.0;0.0;11.863998473366797;18.486351567968224;43.30198689554888;0.0;0.0;4.5776280459805285;173.88083775943642;0.0;0.0;172.10041434048398;23.8410152490357;202.04360572154536;5.431852738237005;1.0;difficult
0.0;112.16853330965367;5.933034670455413;4307.995520056831;21.09468693941901;1.0;1500.0;92.33258667613853;31.31466690346336;0.0;106.51593826287852;0.08562037392058913;80.84916585610553;128.75082771330804;1.778;0.0;0.0;6.015957342331608;1459.7463477701392;17.68583463493591;0.0;8.23818635487404;0.0;0.0;0.0;15.01742271157081;29.87454762394824;19.61780920017264;0.16629333806926716;0.0;5.161813394900474;176.913486466667;0.0;0.8337066619307328;177.23606374568664;21.686058632094348;111.82026683242435;49.11033005207969;0.0;difficult
0.0472476740658907;80.76376162967054;7.714174302219767;4334.283486044395;19.942319329411117;1.0;1500.0;57.04724767406589;37.88210811801933;0.0;186.14091226097096;0.15866192204329058;76.11172938400664;185.646324354058;1.778;1677.722;0.0;8.342522906659303;1166.023851140217;11.929128488901164;0.0;6.191719696200182;0.0;0.0;0.9527523259341093;29.799765329297927;10.080201649138212;53.6793260857302;0.0;0.0;8.039448829449595;188.42670875425912;0.0;0.9527523259341093;188.588424359002;17.266146743692246;118.5275232593411;14.067414733971987;0.0472476740658907;difficult
0.794648634917018;75.38394590475106;7.65090267935893;4326.446809904523;28.35156416222878;1.0;1500.0;64.36589231757245;87.37524266651475;0.0;156.26419248267877;0.26178659250738673;76.23533195176181;329.4026466026357;1.778;1677.722;0.0;8.707156723800843;1283.060922667654;10.808027047624472;0.0;7.200772065272797;0.0;0.0;0.20535136508298202;46.17975647711845;14.79494978741529;41.17734373077969;0.0;0.0;25.71437815867229;177.03807800158117;0.0;0.0;176.62310511471824;17.4705674920436;107.7678918095021;23.75635644770734;0.794648634917018;difficult
0.150950540811837;103.79201701047793;5.996235703055388;4301.320533234833;21.0633482533007;1.0;1500.0;89.73574188782244;30.547527040591852;0.0;109.30961561838197;0.09111444356044782;80.68412558011798;130.49238790701844;1.778;0.0;0.0;5.941520865298939;1426.434219469226;17.21501932147571;0.0;7.902148678562648;0.0;0.0;0.0;16.682204322705037;27.85020155537937;21.48880099827432;0.0;0.0;6.622812979484088;180.34360530715406;0.0;0.849049459188163;180.39085479740817;21.616920403099385;105.09429675512898;44.24875552935275;0.0;difficult
0.5767087953075863;65.12202734546483;7.480962084223172;4283.042532889156;21.73343538805837;1.0;1500.0;64.72455506392001;92.89468662054344;0.0;100.4400863525286;0.3374734331027172;79.01606603092188;431.2349497337903;1.778;0.0;0.0;8.400557132200277;1329.166056182891;10.289468662054345;0.0;7.139442455328646;0.0;0.0;0.42329120469241366;61.88101114856888;20.067211273096497;50.97663682992969;0.0;0.0;26.153417590615174;185.64033677881517;0.0;0.0;185.25246001890534;16.093164818769655;95.34379674838345;29.773781973430197;0.0;difficult
0.0;98.0227834978795;7.158724124118748;4308.421872157965;21.80003569870222;1.0;1500.0;75.64192163609827;91.75716702398654;0.0;90.85887147562721;0.3023411794640889;79.73230490775777;405.9876577997631;1.778;0.0;0.0;8.517903918195087;1454.8547586176746;12.459179794076338;0.0;8.399530869167219;0.0;0.0;0.39908866008482013;53.04724768934717;27.924161021607183;42.23003228801085;0.6009113399151799;0.0;19.59179794076338;172.84999958155294;0.0;0.0;173.49606678603834;16.717448248237496;120.24738967558935;48.35035131164767;0.0;difficult
0.3711596181666613;71.4940518368335;7.665956343650005;4286.947967254833;21.560774079259993;1.0;1500.0;58.76362892683318;102.55549794616692;0.0;96.53835187203956;0.3857774897308346;79.66971241423002;472.1392359848344;1.778;0.0;0.0;8.934984992766681;1267.0902046863316;11.255549794616693;0.0;6.899772114782327;0.0;0.0;0.6288403818333387;69.86084130353387;22.077687774711883;47.38158172173491;0.0;0.0;25.742319236333323;182.67981198045442;0.0;0.0;182.92667107955577;16.915361527333353;93.08275579983328;33.58610256186293;0.0;difficult
0.0;111.21291494388151;7.841102261685064;4396.472443457873;20.412493614791373;1.0;1500.0;102.56567059809416;54.11653392527596;0.0;189.69287261522825;0.08950424975707141;72.12510289998491;168.25637463560713;1.778;1677.722;0.0;8.906992035516557;1912.6916661585244;11.994173303736202;0.32944886915746796;10.649389372558469;0.670551130842532;0.0;0.0;16.057143210469494;11.045117711927066;52.32331373111181;0.0;0.0;7.35275565421266;178.8208784958947;0.0;0.0;178.82437109225924;17.435275565421268;181.91842625230683;12.579690117372241;0.0;difficult
0.0;103.3958485456087;6.857832481445913;4313.580014603785;21.997119724652926;1.0;1500.0;85.52836132392;81.65580473425565;0.0;91.34739054976674;0.2413031605218852;79.33254886820671;355.910691554927;1.778;0.0;0.0;8.023581933804;1562.1011369703497;12.265749452358087;0.0;9.090721956907103;0.0;0.0;0.18416605817565213;41.880084216748706;28.716795577448195;42.70930969026829;0.8158339418243479;0.0;17.65749452358087;171.24624712610674;0.0;0.0;171.62516553641905;16.115664962891827;131.4233649748661;51.1688463130845;0.0;difficult
0.8338351572644397;75.50150547179332;7.717519767349548;4329.033120379453;28.968399210499545;1.0;1500.0;63.15111012480237;89.02107660510646;0.0;157.509109111134;0.26774294390419484;76.06447871432705;335.24143843240154;1.778;1677.722;0.0;8.801204377434654;1272.363002066808;10.74924726410334;0.0;7.168756676514953;0.0;0.0;0.16616484273556031;47.13202815668315;14.938842697475023;41.328603707040735;0.0;0.0;26.341362516231037;176.41654057062874;0.0;0.0;176.06434449256636;17.68609336495442;108.00301094358664;24.17553467725771;0.8338351572644397;difficult
0.0;124.07324407458334;7.049681801026189;4318.691094316107;32.22708445595776;1.0;1500.0;115.09553743961906;40.92675592541665;0.0;178.90104360110652;0.08026752038042856;76.04936165836548;159.0159293855595;1.778;1677.722;0.0;7.720064028532142;2013.9267170516787;11.30222933650357;0.0;10.94104443123512;0.34076445501190433;0.0;0.6592355449880957;14.682242803063545;14.364018975317215;43.45445983921928;0.0;0.0;9.659235544988096;184.24226998320603;0.0;0.0;183.3580949932073;17.138535118508333;177.63694217995237;22.226014452183517;0.0;difficult
0.0;73.49380647069731;6.020176333271525;4289.801807062314;16.43853060366095;1.0;1500.0;93.44425823627577;51.69556980341257;0.0;141.39568457307632;0.13441591372403588;81.34272952585304;205.89733313612783;1.778;1677.722;0.0;6.470795686201795;1547.2408190300425;10.73256339187691;0.0;8.338374599519637;0.0;0.0;0.8353978431008975;25.181663289627302;14.704371249055884;44.9508656407267;0.16460215689910251;0.0;14.31681725519282;186.26205931023384;0.0;0.0;184.02116066520975;12.556812882232961;104.15221509829372;15.139461672915436;0.0;difficult
0.13769843515471092;78.73134851020396;7.87607140836076;4291.383729732061;21.364666685529954;1.0;1500.0;51.99325461948662;113.52817354772858;0.0;92.10679169610671;0.4406408677386429;80.41211897620802;518.5980114042125;1.778;0.0;0.0;9.541984068597753;1196.5849274167226;12.35281735477286;0.0;6.627556375390393;0.0;0.0;0.8623015648452891;78.92427135042381;24.36117160575177;43.29834563085589;0.0;0.0;25.27539687030942;179.3172705615333;0.0;0.0;180.28505779377556;17.849206259381155;90.51468278670183;37.916107123185576;0.0;difficult
0.0;76.58640683169416;4.619895946075337;4370.6282930339585;19.392945392871777;1.0;1500.0;116.04188620226387;39.9371706966042;0.0;193.9946156382661;0.10057066642679535;89.57130530512526;179.41359316830585;1.778;1677.722;0.0;4.830367496641305;1790.0786358663943;4.391102489923914;0.010471550565967158;10.826591940318426;0.0;0.0;0.0;16.554626175974764;28.809772026149947;79.43187694012991;0.9895284494340328;0.0;20.82198364037856;169.17558338735276;0.0;0.0;164.18118198584563;9.876442319131561;110.90055334867317;14.488783381549455;0.0;difficult
0.9202552418633542;113.88357338608697;5.187081129291926;4378.159489516273;24.559815022945713;1.0;1500.0;123.44816773962734;34.55183226037266;0.0;195.86229538910484;0.05430621693937888;82.27499289408944;91.5326891206211;1.778;1677.722;0.0;5.0827748390559;1671.7160983995032;14.628867822335405;0.0;9.610859616975155;0.07974475813664583;0.0;0.0;9.47330563056621;21.70639285582062;26.97999853406708;0.0;0.0;4.3987237906832295;173.39493097313144;0.0;0.0;172.6987331606873;19.532536007913045;138.18979032546582;16.669551978853665;0.0;difficult
0.9597627895750579;53.2473535231732;7.136213489382447;4275.764506998074;22.05520074324305;1.0;1500.0;75.83312089767668;74.89114888997229;0.0;107.71121727171375;0.24745574444986138;77.79795432915132;355.00720487456346;1.778;0.0;0.0;7.404616747104849;1444.8483624516675;8.489114888997229;0.0;7.586083412644517;0.0;0.0;0.040237210424942105;47.0100889831171;16.32056015516636;57.67625118966777;0.0;0.0;26.919525579150115;191.15746345824957;0.0;0.0;189.5867159640418;14.56094884169977;99.55739068532564;22.6692795417514;0.0;difficult
0.0;148.20691496103723;8.204243040559534;1224.2731791029;12.739513734596484;1.0;1500.0;77.65518622077792;37.58355154445581;0.0;249.13570822422776;0.13456233634165815;74.9017797762535;216.36341044855;1.778;1677.722;0.0;9.262598195005115;1609.2016778940979;13.282490784315927;0.5729439430569764;8.958960855465474;0.0;0.0;0.0;24.126408459387616;15.787016512005938;58.53048601745174;0.0;0.0;7.135280284715118;178.6354092920264;0.0;0.0;177.4943747172212;18.94190669890139;130.39523325274652;4.691254582433572;1.0;difficult
0.0;241.98430151022265;8.987473936948605;1187.4148644721326;13.008176974793656;1.0;1500.0;162.07432236066376;41.594906173014984;0.0;248.35872850698;0.0616008340176446;72.69156984897774;230.49511467742613;1.778;1677.722;0.0;9.587473936948605;3881.491720482495;12.060467681816272;0.9549895747794426;23.290589912205505;0.0;0.0;0.0;10.265120811240584;15.112327910528919;59.75548792566797;0.0;0.9549895747794426;8.090020850441114;167.12612612117573;0.0;0.0;166.56955811460637;13.9;219.3991659823554;4.443156657610069;1.0;difficult
0.0;124.20195993225319;8.663486468351932;1172.0521621880687;12.03058094002631;1.0;1500.0;69.047702974721;25.63040547017167;0.0;248.65086980157835;0.10041506789787552;69.71587575805837;144.45831165924886;1.778;1677.722;0.0;9.116094577755366;1387.152908585429;7.036513531648067;0.0;7.960833193596501;0.0;0.0;0.0;17.53727397641841;12.025405109115125;73.86391890596566;0.0;0.0;8.526081094034334;173.7461182221942;0.0;0.736959452982833;172.86144592133476;8.667587883821884;141.52608109403434;3.8602514253761155;0.26304054701716695;difficult
0.3291372634801927;79.35431368259904;7.7987411790440575;4335.974823580881;23.386728222464473;1.0;1500.0;57.32913726348019;55.077373072291756;0.0;179.231516534837;0.19840835415070718;75.88339881658105;237.23211921687528;1.778;1677.722;0.0;8.596223537132174;1184.0647848627323;11.50629410477971;0.0;6.44062820365301;0.0;0.0;0.6708627365198073;36.122548819860725;11.698247892376305;50.21490303182843;0.0;0.0;14.241019796564238;184.09350198578247;0.0;0.6708627365198073;184.1819262972776;17.66079216887227;115.70862736519807;17.583987361915405;0.3291372634801927;difficult
