programming:DoWhileLoop;programming:Headers;VIDEO_DOMINANT_COLOR;programming:Interface;VIDEO_AVERAGE_BRIGHTNESS;programming:PrimitiveType;programming:Array;WORD_AMOUNT;programming:ArithmeticOperator;programming:EqualityOperator;programming:Return;programming:ControlFlow;programming:machine-learning;VIDEO_DURATION;programming:Character;programming:Statement;programming:Encapsulation;UNCOMMON WORDS AMOUNT;VIDEO_WORDS_COUNT;VIDEO_DIFFICULT_WORDS;programming:iot;programming:Import;programming:Polymorphism;WORDS_PER_MINUTE_WHOLE;AUTOMATED_VIDEO_READABILITY_INDEX;programming:ExceptionHandling;programming:Break;programming:Process;programming:VariableDeclaration;NOUN_PHRASES_AMOUNT;programming:CallByValue;VIDEOID;programming:MemoryManagement;programming:If;programming:Method;programming:LambdaExpression;programming:Operator;programming:Synchronization;programming:encoding;programming:datawarehouse;programming:ClassAttribute;programming:Inheritance;programming:Instantiation;programming:This;programming:GenericType;programming:Null;programming:Structure;programming:Attribute;programming:Composition;programming:Scope;programming:CallByReference;programming:Assertion;DIFFICULT_WORDS_AMOUNT;programming:MapReduce;programming:Casting;programming:InstanceAttribute;programming:ShortCircuitEvaluation;programming:Expression;programming:Equality;programming:VariableInitialization;SPEECH_DISPLAY_WORDS_RATIO;programming:Generics;programming:EnhancedForLoop;programming:BinaryOperator;programming:Initialization;programming:AnonymousClass;programming:Assignment;AUTOMATED_READABILITY_INDEX;WORDS_PER_MINUTE;programming:Stack;programming:WhileLoop;programming:list;VIDEO_AVERAGE_HUE;programming:Modifier;EASY_VIDEO_READ;programming:sorting;programming:database;programming:Enum;programming:Boolean;programming:Comment;programming:Concurrency;programming:String;VIDEO_NOUN_PHRASES;programming:CheckedException;programming:entity;programming:Graph;programming:Loop;PHRASES_AMOUNT;programming:Package;VIDEO_SIZE;FLESCH_KINCAID_GRADE;programming:repository;programming:Artificial Intelligence;VIDEO_AVERAGE_LIGHT_EXPOSURE;programming:Constructor;programming:git;programming:bitmap;programming:RelationalOperator;VIDEO_AVERAGE_COLORFULNESS;FLESCH_READING_EASE;FLESCH_KINCAID_VIDEO_GRADE;UNCOMMON WORDS RATIO;programming:Pointer;math:vector;programming:AbstractMethod;WORDS_PER_MINUTE_WHOLE_VIDEO;programming:ForLoop;programming:BitwiseOperator;programming:Object;VIDEO_PHRASES_COUNT;programming:Condition;programming:Parameter;programming:ConditionalOperator;VIDEO_AVERAGE_SATURATION;programming:Class;VIDEO_ASPECT_RATIO;score
1.0;0.0;0.0;0.0;1.0;0.0;0.0;852.0;1.0;0.0;0.0;0.0;0.0;5.75;0.0;0.0;0.0;436.0;401.0;11.0;0.0;0.0;0.0;147.940453823;-0.6;0.0;0.0;0.0;0.0;90.0;0.0;3;0.0;0.0;1.0;0.0;0.0;0.0;0.0;0.0;0.0;0.0;0.0;0.0;0.0;0.0;0.0;0.0;0.0;0.0;0.0;0.0;47.0;0.0;0.0;0.0;0.0;0.0;0.0;0.0;0.470657276995;0.0;0.0;0.0;0.0;0.0;0.0;0.4;150.894665617;0.0;1.0;0.0;46.219233619;0.0;96.69;0.0;0.0;0.0;0.0;0.0;1.0;0.0;204.0;0.0;0.0;0.0;1.0;64.0;0.0;1500.0;3.8;0.0;0.0;152.850199848;0.0;0.0;0.0;1.0;24.5992773406;91.82;1.9;0.511737089202;0.0;0.0;1.0;69.5476224888;0.0;0.0;0.0;47.0;1.0;0.0;1.0;43.3321834022;0.0;1.77777777778;easy
0.0;0.0;0.0;0.0;1.0;0.0;0.0;647.0;1.0;0.0;0.0;0.0;0.0;4.43333333333;0.0;0.0;0.0;275.0;514.0;13.0;0.0;0.0;0.0;147.03895519;0.8;0.0;0.0;0.0;0.0;70.0;0.0;7;0.0;1.0;0.0;0.0;1.0;0.0;0.0;0.0;0.0;0.0;0.0;0.0;0.0;0.0;0.0;0.0;0.0;0.0;0.0;0.0;37.0;0.0;0.0;0.0;0.0;0.0;0.0;0.0;0.794435857805;0.0;0.0;0.0;0.0;0.0;0.0;3.9;150.170963867;0.0;0.0;0.0;54.5998160791;0.0;106.4;0.0;0.0;0.0;0.0;0.0;0.0;0.0;142.0;0.0;0.0;0.0;0.0;47.0;0.0;1500.0;5.1;0.0;0.0;156.371798092;0.0;0.0;0.0;0.0;28.01195863;82.85;2.3;0.425038639876;0.0;0.0;1.0;115.739698266;0.0;0.0;0.0;33.0;0.0;0.0;0.0;58.7423307599;0.0;1.77777777778;easy
0.0;0.0;1677.7215;0.0;1.0;0.0;0.0;2109.0;0.0;0.0;0.0;0.0;0.0;11.3666666667;0.0;0.0;0.0;593.0;143.0;29.0;0.0;0.0;0.0;184.867051684;16.9;0.0;0.0;0.0;0.0;136.0;0.0;4287;0.0;1.0;0.0;0.0;0.0;0.0;0.0;0.0;0.0;0.0;0.0;0.0;0.0;0.0;0.0;0.0;0.0;0.0;0.0;0.0;179.0;0.0;0.0;0.0;0.0;0.0;0.0;0.0;0.067804646752;0.0;0.0;0.0;0.0;0.0;0.0;6.8;186.217374678;0.0;0.0;0.0;14.7303255605;0.0;40.04;0.0;0.0;0.0;0.0;0.0;0.0;0.0;47.0;0.0;0.0;0.0;0.0;126.0;0.0;1500.0;6.3;0.0;0.0;172.845615809;0.0;0.0;0.0;0.0;36.2253963624;79.9;11.2;0.281175912755;0.0;0.0;0.0;12.5765881974;0.0;0.0;0.0;10.0;0.0;0.0;0.0;26.27587687;0.0;1.77777777778;intermediate
0.0;0.0;0.0;1.0;0.923076923077;0.0;0.0;37.0;0.0;0.0;0.0;0.0;0.0;0.2;0.0;0.0;0.0;9.0;0.0;0.0;0.0;0.0;0.0;200.325732899;-1.0;0.0;0.0;0.0;0.0;6.0;0.0;5840;0.0;0.0;0.0;0.0;0.0;0.0;0.0;0.0;0.0;0.0;0.0;0.0;0.0;0.0;0.0;0.0;0.0;0.0;0.0;0.0;5.0;0.0;0.0;0.0;0.0;0.0;0.0;0.0;0.0;0.0;0.0;0.0;0.0;0.0;0.0;12.2;201.818181818;0.0;0.0;0.0;50.0844248575;0.0;0.0;0.0;0.0;0.0;0.0;0.0;0.0;0.0;0.0;0.0;0.0;0.0;0.0;3.0;0.0;1500.0;10.4;0.0;0.0;114.178259586;0.0;0.0;0.0;0.0;27.0122455507;42.07;0.0;0.243243243243;0.0;0.0;0.0;0.0;0.0;0.0;1.0;1.0;0.0;0.0;0.0;67.9489320691;1.0;1.77777777778;easy
0.0;0.0;1677.7215;0.0;1.0;0.0;0.0;1163.0;0.0;0.0;0.0;0.0;0.0;6.15;0.0;0.0;0.0;317.0;177.0;35.0;0.0;0.0;1.0;189.32669409;17.2;0.0;0.0;0.0;0.0;81.0;0.0;4334;0.0;1.0;0.0;0.0;0.0;0.0;0.0;0.0;0.0;0.0;0.0;0.0;0.0;0.0;0.0;0.0;0.0;0.0;0.0;0.0;119.0;0.0;0.0;0.0;0.0;0.0;0.0;0.0;0.152192605331;0.0;0.0;0.0;0.0;0.0;0.0;8.3;189.152841376;0.0;0.0;0.0;9.80943507049;0.0;54.26;0.0;0.0;0.0;0.0;0.0;0.0;0.0;55.0;0.0;0.0;0.0;0.0;57.0;0.0;1500.0;7.7;0.0;0.0;187.298671661;0.0;0.0;0.0;0.0;19.2975945355;76.15;12.0;0.272570937231;0.0;0.0;0.0;28.7399870102;0.0;0.0;0.0;7.0;0.0;0.0;0.0;13.4783761522;0.0;1.77777777778;difficult
0.0;0.0;1677.7215;0.0;1.0;0.0;0.0;1830.0;0.0;0.0;0.0;0.0;0.0;10.1166666667;0.0;0.0;1.0;515.0;190.0;64.0;0.0;0.0;0.0;180.439253105;17.6;0.0;0.0;0.0;0.0;101.0;0.0;4380;0.0;0.0;0.0;0.0;0.0;0.0;0.0;0.0;0.0;0.0;0.0;0.0;0.0;0.0;0.0;0.0;0.0;0.0;0.0;0.0;175.0;0.0;0.0;0.0;0.0;0.0;0.0;0.0;0.103825136612;0.0;0.0;0.0;0.0;0.0;0.0;9.5;180.422467058;0.0;0.0;0.0;13.6558000547;0.0;50.06;0.0;0.0;0.0;0.0;0.0;0.0;0.0;58.0;0.0;0.0;0.0;0.0;94.0;0.0;1500.0;8.5;0.0;0.0;190.614780055;0.0;0.0;0.0;0.0;23.8729925775;68.6;11.5;0.281420765027;0.0;0.0;0.0;18.7546269639;0.0;0.0;0.0;9.0;0.0;0.0;0.0;14.3908295261;0.0;1.77777777778;intermediate
0.0;0.0;0.0;0.0;1.0;0.0;0.0;1313.0;0.0;0.0;0.0;0.0;0.0;7.7;0.0;0.0;0.0;364.0;352.0;115.0;0.0;0.0;0.0;170.308511099;16.2;0.0;0.0;0.0;0.0;92.0;0.0;4403;0.0;0.0;0.0;0.0;0.0;0.0;0.0;0.0;0.0;0.0;0.0;0.0;0.0;0.0;0.0;0.0;0.0;0.0;0.0;0.0;140.0;0.0;0.0;0.0;0.0;0.0;0.0;0.0;0.268088347296;0.0;0.0;0.0;0.0;0.0;0.0;5.9;170.167071156;0.0;0.0;0.0;19.0544068892;0.0;68.06;0.0;0.0;0.0;0.0;0.0;0.0;0.0;113.0;0.0;0.0;0.0;0.0;90.0;0.0;1500.0;5.4;0.0;0.0;101.738841975;0.0;0.0;0.0;0.0;15.2420664934;82.04;6.7;0.277227722772;0.0;0.0;0.0;45.6925273679;0.0;0.0;0.0;30.0;0.0;0.0;0.0;25.4020194943;1.0;1.77777777778;easy
0.0;0.0;1677.7215;0.0;1.0;0.0;0.0;1463.0;0.0;0.0;0.0;0.0;0.0;8.85;0.0;0.0;0.0;453.0;70.0;24.0;0.0;0.0;0.0;164.360382041;16.5;0.0;0.0;0.0;0.0;94.0;0.0;4424;0.0;0.0;0.0;0.0;0.0;0.0;0.0;0.0;0.0;1.0;0.0;0.0;0.0;0.0;0.0;0.0;0.0;0.0;0.0;0.0;162.0;0.0;0.0;0.0;0.0;0.0;0.0;0.0;0.0478468899522;0.0;0.0;0.0;0.0;0.0;0.0;7.9;166.497477398;0.0;0.0;0.0;9.19561334253;0.0;53.71;0.0;0.0;0.0;0.0;0.0;0.0;0.0;26.0;0.0;0.0;0.0;0.0;89.0;0.0;1500.0;7.3;0.0;0.0;187.98536062;0.0;0.0;0.0;0.0;29.1122022628;71.75;10.1;0.30963773069;0.0;0.0;0.0;7.89651801158;0.0;0.0;0.0;4.0;0.0;0.0;0.0;17.8158317089;0.0;1.77777777778;easy
0.0;0.0;1664.5629;0.0;1.0;0.0;0.0;1756.0;0.0;0.0;0.0;0.0;0.0;10.1833333333;0.0;0.0;1.0;484.0;51.0;19.0;0.0;0.0;0.0;171.619103658;20.1;0.0;0.0;0.0;0.0;99.0;0.0;4433;0.0;0.0;0.0;0.0;0.0;0.0;0.0;0.0;0.0;0.0;0.0;0.0;0.0;0.0;0.0;0.0;0.0;0.0;0.0;0.0;230.0;0.0;0.0;0.0;0.0;0.0;0.0;0.0;0.0290432801822;0.0;0.0;0.0;0.0;0.0;0.0;11.9;173.061994103;0.0;0.0;0.0;6.29216535418;0.0;37.13;0.0;0.0;0.0;0.0;0.0;0.0;0.0;10.0;0.0;0.0;0.0;0.0;76.0;0.0;1500.0;9.9;0.0;0.0;189.488821909;0.0;0.0;0.0;0.0;8.81098948819;64.95;14.4;0.27562642369;0.0;0.0;0.0;5.00147102089;0.0;0.0;0.0;2.0;0.0;0.0;0.0;4.06262262467;0.0;1.77777777778;intermediate
0.0;0.0;85.5317;0.0;0.995305164319;0.0;0.0;1202.0;0.0;0.0;0.0;0.0;0.0;7.1;0.0;0.0;0.0;364.0;196.0;12.0;0.0;0.0;0.0;169.230047829;3.8;0.0;0.0;0.0;0.0;89.0;0.0;4439;0.0;0.0;0.0;0.0;0.0;0.0;0.0;0.0;0.0;0.0;0.0;0.0;0.0;0.0;0.0;0.0;0.0;0.0;0.0;0.0;93.0;0.0;0.0;0.0;0.0;0.0;0.0;0.0;0.16306156406;0.0;0.0;0.0;0.0;0.0;0.0;6.3;182.68607759;0.0;0.0;0.0;94.5886168302;0.0;104.17;0.0;0.0;0.0;0.0;0.0;0.0;0.0;46.0;0.0;0.0;0.0;0.0;77.0;0.0;1500.0;5.8;0.0;0.0;36.4873356038;0.0;0.0;0.0;0.0;22.3520617844;81.02;3.2;0.302828618968;0.0;0.0;0.0;27.5719778674;0.0;0.0;0.0;11.0;0.0;0.0;0.0;89.6933652435;0.0;1.77777777778;difficult
0.0;0.0;1677.7215;1.0;1.0;0.0;0.0;734.0;0.0;0.0;0.0;0.0;0.0;4.28333333333;0.0;0.0;0.0;211.0;418.0;72.0;0.0;0.0;0.0;170.428015564;12.6;0.0;0.0;0.0;0.0;54.0;0.0;4445;0.0;0.0;0.0;0.0;0.0;0.0;0.0;0.0;0.0;0.0;0.0;0.0;0.0;0.0;0.0;0.0;0.0;0.0;0.0;0.0;58.0;0.0;0.0;0.0;0.0;0.0;0.0;0.0;0.569482288828;0.0;0.0;0.0;0.0;0.0;0.0;2.1;186.53299888;0.0;0.0;0.0;93.1577670449;0.0;69.92;0.0;0.0;0.0;0.0;0.0;0.0;0.0;145.0;0.0;0.0;0.0;0.0;67.0;0.0;1260.0;2.9;0.0;0.0;163.831480002;0.0;0.0;0.0;0.0;43.2652827743;94.15;8.0;0.287465940054;0.0;0.0;0.0;97.5875486381;0.0;0.0;0.0;23.0;0.0;0.0;0.0;61.3886414822;0.0;1.33333333333;difficult
0.0;0.0;59.6051;0.0;1.0;0.0;0.0;656.0;0.0;0.0;0.0;0.0;0.0;4.25;0.0;0.0;0.0;188.0;48.0;10.0;0.0;0.0;0.0;153.335156891;3.8;0.0;0.0;0.0;0.0;76.0;0.0;2437;0.0;0.0;0.0;0.0;0.0;0.0;0.0;0.0;0.0;0.0;0.0;0.0;0.0;0.0;1.0;0.0;0.0;0.0;0.0;0.0;102.0;1.0;0.0;0.0;0.0;0.0;0.0;0.0;0.0731707317073;0.0;0.0;0.0;0.0;0.0;0.0;9.1;161.122106249;0.0;0.0;0.0;98.371878323;0.0;93.14;0.0;1.0;0.0;0.0;0.0;0.0;0.0;17.0;0.0;0.0;0.0;0.0;37.0;0.0;1500.0;7.8;0.0;0.0;115.477999139;0.0;0.0;0.0;0.0;51.1087431959;70.43;3.3;0.286585365854;0.0;0.0;0.0;11.2539564691;0.0;0.0;0.0;4.0;0.0;0.0;0.0;173.785250704;0.0;1.77777777778;difficult
0.0;0.0;59.6051;0.0;1.0;0.0;0.0;781.0;0.0;0.0;0.0;0.0;1.0;4.98333333333;0.0;0.0;0.0;225.0;41.0;12.0;0.0;0.0;0.0;156.366791244;14.9;0.0;0.0;1.0;0.0;65.0;0.0;2446;1.0;0.0;0.0;0.0;0.0;0.0;0.0;1.0;0.0;0.0;0.0;0.0;0.0;0.0;0.0;0.0;0.0;0.0;0.0;0.0;99.0;1.0;0.0;0.0;0.0;0.0;0.0;0.0;0.0524967989757;0.0;0.0;0.0;0.0;0.0;0.0;9.5;173.165612251;0.0;0.0;1.0;102.013363252;0.0;49.11;0.0;1.0;0.0;0.0;0.0;0.0;0.0;16.0;0.0;0.0;1.0;0.0;40.0;0.0;1500.0;8.5;0.0;1.0;111.807836143;0.0;0.0;0.0;0.0;60.0487325142;68.6;9.8;0.288092189501;0.0;0.0;0.0;8.20875600641;0.0;0.0;0.0;3.0;0.0;0.0;0.0;200.331161066;0.0;1.77777777778;difficult
0.0;0.0;1677.7215;1.0;1.0;0.0;0.0;1462.0;0.0;0.0;0.0;0.0;0.0;7.9;0.0;0.0;0.0;465.0;183.0;45.0;1.0;0.0;0.0;184.669870984;17.3;0.0;0.0;0.0;0.0;132.0;0.0;411;1.0;0.0;0.0;0.0;0.0;0.0;0.0;0.0;0.0;0.0;0.0;0.0;0.0;0.0;0.0;0.0;0.0;0.0;0.0;0.0;164.0;0.0;0.0;0.0;0.0;0.0;0.0;0.0;0.125170998632;0.0;0.0;0.0;0.0;0.0;0.0;5.6;190.50228668;0.0;0.0;0.0;44.2771868596;0.0;57.44;0.0;0.0;0.0;0.0;0.0;0.0;0.0;63.0;0.0;0.0;0.0;0.0;104.0;0.0;1500.0;5.2;0.0;0.0;206.185766234;0.0;0.0;0.0;0.0;41.8524002554;82.54;12.8;0.31805745554;0.0;0.0;0.0;23.1469769795;0.0;0.0;0.0;6.0;0.0;0.0;0.0;44.0716190857;0.0;1.77777777778;intermediate
0.0;0.0;1677.7215;0.0;1.0;0.0;0.0;774.0;1.0;0.0;0.0;0.0;0.0;4.73333333333;0.0;0.0;0.0;168.0;69.0;13.0;0.0;0.0;0.0;162.156470464;21.4;0.0;0.0;0.0;0.0;53.0;0.0;5267;0.0;0.0;0.0;0.0;0.0;0.0;0.0;0.0;0.0;0.0;0.0;0.0;0.0;0.0;0.0;0.0;0.0;0.0;0.0;0.0;73.0;0.0;0.0;0.0;0.0;0.0;0.0;0.0;0.0891472868217;0.0;0.0;0.0;0.0;0.0;0.0;8.5;165.070744605;0.0;0.0;0.0;13.0066048164;0.0;78.35;0.0;0.0;0.0;0.0;0.0;0.0;0.0;25.0;0.0;0.0;0.0;0.0;41.0;0.0;1500.0;7.1;0.0;0.0;235.693483844;0.0;0.0;0.0;0.0;8.69221048658;77.67;4.8;0.217054263566;0.0;0.0;0.0;14.5309044962;0.0;0.0;0.0;7.0;0.0;0.0;0.0;8.18917052469;0.0;1.77777777778;difficult
0.0;0.0;1664.5629;0.0;0.994011976048;0.0;1.0;784.0;0.0;0.0;0.0;0.0;0.0;5.55;0.0;0.0;0.0;169.0;135.0;46.0;0.0;0.0;0.0;141.083318337;18.9;0.0;0.0;0.0;0.0;52.0;0.0;4609;0.0;0.0;1.0;0.0;0.0;0.0;0.0;0.0;1.0;0.0;0.0;0.0;0.0;0.0;0.0;0.0;0.0;0.0;0.0;0.0;87.0;0.0;0.0;0.0;0.0;0.0;0.0;0.0;0.172193877551;0.0;0.0;0.0;0.0;0.0;0.0;9.0;149.228636417;0.0;0.0;0.0;16.3270347211;0.0;38.08;0.0;0.0;0.0;0.0;0.0;0.0;0.0;43.0;0.0;0.0;0.0;0.0;41.0;0.0;1500.0;8.4;0.0;0.0;232.205085714;0.0;0.0;0.0;0.0;19.518340491;69.01;9.9;0.21556122449;0.0;0.0;1.0;24.2936836423;0.0;0.0;0.0;17.0;0.0;0.0;0.0;15.4151631171;1.0;1.77777777778;difficult
0.0;0.0;1664.5629;0.0;0.998529411765;0.0;1.0;1663.0;0.0;0.0;0.0;0.0;0.0;10.95;0.0;0.0;0.0;449.0;270.0;59.0;0.0;0.0;0.0;151.442307692;9.8;0.0;0.0;0.0;0.0;91.0;0.0;4714;0.0;0.0;0.0;0.0;0.0;0.0;0.0;0.0;0.0;0.0;0.0;0.0;0.0;0.0;0.0;0.0;0.0;0.0;0.0;0.0;131.0;0.0;0.0;0.0;0.0;0.0;0.0;0.0;0.162357185809;0.0;0.0;0.0;0.0;0.0;0.0;5.3;163.416343933;0.0;0.0;0.0;46.3466868561;0.0;69.79;0.0;0.0;0.0;0.0;0.0;0.0;0.0;80.0;0.0;0.0;0.0;0.0;120.0;0.0;1500.0;5.2;0.0;0.0;177.10938292;0.0;0.0;0.0;0.0;24.6034498398;82.75;6.0;0.269993986771;0.0;0.0;0.0;24.647030185;0.0;0.0;0.0;27.0;0.0;0.0;0.0;64.6120303905;0.0;1.77777777778;difficult
0.0;0.0;1664.5629;0.0;0.998803827751;0.0;0.0;1916.0;0.0;0.0;0.0;0.0;0.0;13.4666666667;0.0;0.0;0.0;551.0;146.0;30.0;0.0;0.0;0.0;141.333663244;8.7;0.0;0.0;0.0;1.0;168.0;0.0;4717;0.0;0.0;0.0;0.0;0.0;0.0;0.0;0.0;0.0;0.0;0.0;0.0;0.0;0.0;0.0;0.0;0.0;0.0;0.0;0.0;160.0;0.0;0.0;0.0;0.0;0.0;0.0;0.0;0.0762004175365;0.0;0.0;0.0;0.0;0.0;0.0;8.2;151.012915753;0.0;0.0;0.0;46.861522053;0.0;84.47;0.0;0.0;0.0;0.0;0.0;0.0;0.0;39.0;0.0;0.0;0.0;0.0;105.0;0.0;1500.0;6.8;0.0;0.0;176.344174113;0.0;0.0;0.0;0.0;23.9037709231;78.38;4.5;0.2875782881;0.0;0.0;0.0;10.8375603118;0.0;0.0;0.0;12.0;0.0;0.0;0.0;66.2699521185;0.0;1.77777777778;difficult
0.0;0.0;1677.7215;0.0;1.0;0.0;0.0;845.0;0.0;0.0;0.0;0.0;0.0;7.18333333333;0.0;0.0;0.0;274.0;572.0;45.0;0.0;0.0;0.0;117.37741353;13.9;0.0;0.0;0.0;0.0;74.0;0.0;717;0.0;0.0;1.0;0.0;0.0;0.0;0.0;0.0;0.0;0.0;0.0;0.0;0.0;0.0;0.0;0.0;0.0;0.0;0.0;0.0;97.0;0.0;0.0;0.0;0.0;1.0;0.0;0.0;0.676923076923;0.0;0.0;0.0;1.0;0.0;0.0;7.0;142.41213003;0.0;0.0;0.0;15.6456148012;0.0;57.61;0.0;0.0;0.0;0.0;0.0;0.0;0.0;262.0;0.0;0.0;0.0;0.0;51.0;1.0;1500.0;6.2;0.0;0.0;226.724077691;0.0;0.0;0.0;0.0;16.2134637023;80.01;10.7;0.32426035503;0.0;0.0;0.0;79.4554799278;1.0;0.0;0.0;26.0;1.0;0.0;0.0;11.8307532972;0.0;1.77777777778;intermediate
0.0;0.0;1677.7215;0.0;1.0;0.0;0.0;763.0;0.0;0.0;0.0;1.0;0.0;6.96666666667;1.0;0.0;0.0;280.0;527.0;62.0;0.0;0.0;0.0;109.77184675;15.3;0.0;0.0;0.0;0.0;70.0;0.0;719;0.0;0.0;0.0;0.0;1.0;0.0;0.0;0.0;0.0;0.0;1.0;0.0;0.0;0.0;0.0;1.0;0.0;0.0;0.0;0.0;107.0;0.0;0.0;0.0;0.0;0.0;0.0;0.0;0.690694626474;0.0;0.0;1.0;0.0;0.0;1.0;5.3;135.058392893;0.0;0.0;0.0;15.3635830779;0.0;62.92;0.0;0.0;0.0;0.0;1.0;0.0;1.0;163.0;0.0;0.0;0.0;0.0;61.0;0.0;1500.0;4.6;0.0;0.0;230.724808496;0.0;0.0;1.0;0.0;16.6255069599;84.17;10.7;0.366972477064;0.0;0.0;0.0;75.6206055388;0.0;0.0;0.0;21.0;0.0;0.0;0.0;10.6985203404;0.0;1.77777777778;difficult
0.0;0.0;1677.7215;0.0;1.0;0.0;0.0;560.0;0.0;0.0;0.0;0.0;0.0;5.36666666667;0.0;0.0;0.0;198.0;207.0;23.0;0.0;0.0;0.0;104.025804851;8.0;0.0;0.0;0.0;1.0;54.0;0.0;730;0.0;0.0;0.0;0.0;0.0;0.0;0.0;0.0;0.0;0.0;0.0;0.0;0.0;0.0;0.0;0.0;0.0;0.0;0.0;0.0;87.0;0.0;0.0;0.0;0.0;0.0;0.0;0.0;0.369642857143;0.0;0.0;0.0;0.0;0.0;0.0;7.0;117.515977127;0.0;0.0;0.0;17.7897063721;0.0;81.83;0.0;0.0;0.0;0.0;0.0;0.0;0.0;62.0;0.0;0.0;0.0;0.0;36.0;0.0;1500.0;7.0;0.0;0.0;213.385235787;0.0;0.0;0.0;0.0;14.6637633581;72.56;5.5;0.353571428571;1.0;0.0;0.0;38.5211835494;0.0;0.0;0.0;14.0;0.0;0.0;0.0;16.7298689884;0.0;1.77777777778;difficult
0.0;0.0;1677.7215;0.0;1.0;0.0;0.0;810.0;0.0;0.0;0.0;0.0;0.0;6.78333333333;0.0;0.0;1.0;259.0;671.0;61.0;0.0;0.0;0.0;117.964703861;10.8;1.0;0.0;0.0;0.0;73.0;0.0;733;0.0;0.0;0.0;0.0;0.0;0.0;0.0;0.0;0.0;0.0;0.0;0.0;0.0;0.0;0.0;0.0;0.0;0.0;0.0;0.0;95.0;0.0;0.0;0.0;0.0;0.0;0.0;0.0;0.828395061728;0.0;0.0;0.0;0.0;0.0;0.0;4.8;136.132654275;0.0;0.0;0.0;19.5491723483;0.0;72.16;0.0;0.0;0.0;0.0;0.0;0.0;0.0;284.0;0.0;0.0;0.0;0.0;64.0;0.0;1500.0;5.9;0.0;0.0;215.328687818;0.0;0.0;0.0;0.0;16.3604659206;75.5;7.2;0.31975308642;0.0;0.0;0.0;98.8193711495;0.0;0.0;0.0;42.0;0.0;0.0;0.0;17.0058551848;0.0;1.77777777778;difficult
0.0;0.0;1677.7215;0.0;1.0;0.0;0.0;432.0;0.0;0.0;0.0;0.0;0.0;4.81666666667;0.0;0.0;0.0;135.0;280.0;28.0;0.0;0.0;0.0;88.8151068686;11.3;0.0;0.0;0.0;0.0;26.0;0.0;744;0.0;0.0;0.0;0.0;0.0;0.0;0.0;0.0;0.0;0.0;1.0;0.0;0.0;0.0;0.0;0.0;0.0;0.0;0.0;0.0;61.0;0.0;0.0;0.0;0.0;0.0;0.0;0.0;0.648148148148;0.0;0.0;0.0;0.0;0.0;0.0;7.5;118.653037351;0.0;0.0;0.0;13.0071025331;0.0;63.19;0.0;0.0;0.0;0.0;0.0;0.0;0.0;77.0;0.0;0.0;0.0;0.0;25.0;0.0;1500.0;7.7;0.0;0.0;231.672726617;0.0;0.0;0.0;0.0;14.2291949822;70.84;8.5;0.3125;0.0;0.0;0.0;58.1033409421;0.0;0.0;0.0;17.0;0.0;0.0;0.0;11.4517821752;0.0;1.77777777778;difficult
0.0;0.0;1677.7215;1.0;1.0;0.0;0.0;105.0;0.0;0.0;0.0;0.0;0.0;1.2;0.0;0.0;0.0;42.0;70.0;22.0;0.0;0.0;0.0;85.7731958763;14.8;0.0;0.0;0.0;0.0;8.0;0.0;782;0.0;0.0;0.0;0.0;0.0;0.0;0.0;0.0;0.0;1.0;0.0;0.0;0.0;0.0;0.0;0.0;0.0;0.0;0.0;0.0;33.0;0.0;0.0;0.0;0.0;0.0;0.0;0.0;0.666666666667;0.0;0.0;0.0;0.0;0.0;0.0;12.9;99.5024875622;0.0;0.0;0.0;8.55903287777;0.0;31.89;0.0;0.0;0.0;0.0;0.0;0.0;0.0;31.0;0.0;0.0;0.0;0.0;5.0;0.0;1500.0;11.5;0.0;0.0;237.370101128;0.0;0.0;0.0;0.0;10.8626566351;50.16;12.3;0.4;0.0;0.0;0.0;57.7319587629;0.0;0.0;1.0;5.0;0.0;0.0;0.0;6.85539018899;1.0;1.77777777778;intermediate
0.0;0.0;1677.7215;0.0;1.0;0.0;0.0;1234.0;0.0;0.0;0.0;0.0;0.0;10.9833333333;0.0;0.0;0.0;355.0;640.0;77.0;0.0;0.0;0.0;110.861650485;14.7;0.0;0.0;0.0;0.0;108.0;0.0;788;0.0;0.0;0.0;0.0;0.0;0.0;0.0;0.0;0.0;1.0;0.0;0.0;0.0;0.0;0.0;0.0;0.0;0.0;0.0;0.0;157.0;0.0;0.0;0.0;0.0;0.0;0.0;0.0;0.518638573744;0.0;0.0;0.0;0.0;0.0;0.0;8.0;128.325569063;0.0;0.0;0.0;18.0344985558;0.0;61.36;0.0;0.0;0.0;0.0;0.0;0.0;0.0;261.0;0.0;0.0;0.0;0.0;79.0;0.0;1500.0;8.2;0.0;0.0;221.161183732;0.0;0.0;0.0;0.0;14.6903786223;64.1;9.2;0.287682333874;0.0;0.0;0.0;58.2524271845;0.0;0.0;0.0;35.0;0.0;0.0;0.0;13.4051231032;0.0;1.77777777778;intermediate
0.0;0.0;1677.7215;0.0;1.0;0.0;0.0;1151.0;0.0;0.0;0.0;0.0;0.0;7.01666666667;0.0;0.0;0.0;364.0;137.0;35.0;0.0;0.0;0.0;162.993920973;11.8;0.0;0.0;0.0;0.0;84.0;0.0;5264;0.0;0.0;0.0;0.0;0.0;0.0;0.0;0.0;0.0;0.0;0.0;0.0;0.0;0.0;0.0;0.0;0.0;0.0;0.0;0.0;101.0;0.0;0.0;0.0;0.0;0.0;0.0;0.0;0.119026933102;0.0;0.0;0.0;0.0;0.0;0.0;7.5;163.040380048;0.0;0.0;0.0;19.949390429;0.0;64.51;0.0;0.0;0.0;0.0;0.0;0.0;0.0;40.0;0.0;0.0;0.0;0.0;65.0;0.0;1404.0;6.7;0.0;0.0;203.747989647;0.0;0.0;0.0;0.0;9.82205719238;78.89;8.0;0.316246741964;0.0;0.0;0.0;19.5193768997;0.0;0.0;1.0;9.0;0.0;0.0;0.0;8.27874689138;0.0;1.6;easy
0.0;0.0;1677.7215;0.0;1.0;0.0;0.0;1163.0;0.0;0.0;0.0;0.0;0.0;6.93333333333;0.0;0.0;0.0;412.0;775.0;116.0;0.0;0.0;0.0;169.15016343;10.5;0.0;0.0;0.0;0.0;99.0;0.0;881;0.0;0.0;0.0;0.0;0.0;0.0;0.0;0.0;0.0;0.0;0.0;0.0;0.0;0.0;0.0;0.0;0.0;0.0;0.0;0.0;115.0;0.0;0.0;0.0;0.0;0.0;0.0;0.0;0.666380051591;0.0;0.0;1.0;0.0;0.0;0.0;5.7;166.987920534;0.0;0.0;0.0;70.4875610869;0.0;70.94;0.0;0.0;0.0;0.0;0.0;0.0;0.0;204.0;0.0;0.0;0.0;0.0;85.0;0.0;1500.0;5.1;0.0;0.0;132.452907286;0.0;0.0;0.0;0.0;31.2998082896;82.95;7.6;0.354256233878;0.0;0.0;0.0;111.757354355;0.0;0.0;0.0;45.0;0.0;0.0;0.0;42.0924317219;0.0;1.77777777778;intermediate
0.0;0.0;1638.0915;0.0;0.993377483444;0.0;0.0;960.0;1.0;0.0;0.0;0.0;0.0;5.01666666667;0.0;0.0;0.0;291.0;142.0;6.0;0.0;0.0;0.0;191.544434858;4.9;0.0;0.0;0.0;0.0;58.0;0.0;892;0.0;0.0;0.0;0.0;0.0;0.0;0.0;0.0;0.0;0.0;0.0;0.0;0.0;0.0;0.0;0.0;0.0;0.0;0.0;1.0;58.0;0.0;0.0;0.0;0.0;0.0;1.0;0.0;0.147916666667;0.0;0.0;0.0;0.0;0.0;0.0;5.2;191.589576093;0.0;0.0;0.0;95.3792532423;0.0;95.67;0.0;0.0;0.0;0.0;0.0;0.0;0.0;39.0;0.0;0.0;0.0;0.0;55.0;0.0;1500.0;6.6;0.0;0.0;115.917591009;0.0;0.0;0.0;0.0;19.5742856321;79.09;2.3;0.303125;0.0;0.0;0.0;28.2737107586;0.0;0.0;0.0;15.0;0.0;0.0;0.0;70.2677774329;0.0;1.77777777778;intermediate
0.0;0.0;1638.0915;0.0;0.997382198953;0.0;0.0;1101.0;0.0;0.0;0.0;0.0;0.0;6.35;0.0;0.0;0.0;416.0;517.0;11.0;0.0;0.0;0.0;176.299441692;6.2;0.0;0.0;0.0;0.0;72.0;0.0;898;0.0;0.0;0.0;0.0;0.0;0.0;0.0;0.0;0.0;0.0;0.0;0.0;0.0;0.0;0.0;0.0;0.0;0.0;0.0;0.0;73.0;0.0;0.0;0.0;0.0;0.0;0.0;0.0;0.46957311535;0.0;0.0;0.0;0.0;0.0;0.0;6.7;174.140022471;0.0;0.0;0.0;46.8264369476;0.0;83.49;0.0;0.0;0.0;0.0;0.0;0.0;0.0;217.0;0.0;0.0;0.0;0.0;68.0;0.0;1500.0;8.4;0.0;0.0;159.122400848;0.0;0.0;0.0;0.0;23.9585466628;63.49;7.0;0.377838328792;0.0;0.0;0.0;81.3084847055;0.0;0.0;0.0;24.0;0.0;0.0;0.0;39.4085398336;0.0;1.77777777778;difficult
0.0;0.0;1677.7215;0.0;1.0;0.0;0.0;1094.0;0.0;0.0;0.0;0.0;0.0;6.48333333333;0.0;0.0;0.0;312.0;93.0;15.0;0.0;0.0;1.0;167.814910026;6.1;0.0;0.0;0.0;1.0;115.0;0.0;1174;0.0;0.0;0.0;0.0;0.0;0.0;0.0;0.0;0.0;0.0;0.0;0.0;0.0;0.0;0.0;0.0;0.0;0.0;0.0;0.0;91.0;0.0;0.0;0.0;0.0;0.0;0.0;0.0;0.0850091407678;0.0;0.0;0.0;0.0;0.0;0.0;7.3;170.05092671;0.0;0.0;0.0;13.8858072801;0.0;85.08;0.0;0.0;0.0;0.0;0.0;0.0;0.0;31.0;0.0;0.0;0.0;0.0;54.0;0.0;1500.0;7.7;0.0;0.0;251.078034212;0.0;0.0;0.0;0.0;12.7649574828;76.25;4.3;0.285191956124;0.0;0.0;0.0;14.3444730077;0.0;0.0;0.0;8.0;0.0;0.0;0.0;4.05533413084;1.0;1.77777777778;intermediate
0.0;0.0;1677.7215;0.0;0.996774193548;0.0;0.0;691.0;1.0;0.0;0.0;0.0;0.0;4.98333333333;0.0;1.0;0.0;287.0;1265.0;47.0;0.0;0.0;0.0;140.77540107;6.0;0.0;0.0;0.0;0.0;12.0;0.0;903;0.0;0.0;0.0;0.0;0.0;0.0;0.0;0.0;0.0;0.0;0.0;0.0;0.0;0.0;0.0;0.0;0.0;0.0;0.0;1.0;37.0;0.0;0.0;0.0;0.0;1.0;0.0;0.0;1.83068017366;0.0;0.0;0.0;0.0;0.0;0.0;1.3;141.211645752;0.0;0.0;0.0;81.5042946784;0.0;97.98;0.0;0.0;0.0;1.0;0.0;0.0;0.0;458.0;0.0;0.0;0.0;0.0;66.0;0.0;1500.0;2.7;0.0;0.0;125.791739316;0.0;0.0;0.0;0.0;14.5798631492;94.66;5.5;0.415340086831;0.0;0.0;0.0;253.676470588;0.0;0.0;0.0;53.0;1.0;0.0;0.0;15.9662268767;0.0;1.77777777778;difficult
0.0;0.0;1638.0915;0.0;0.997093023256;0.0;0.0;773.0;1.0;0.0;0.0;0.0;0.0;5.71666666667;0.0;0.0;0.0;302.0;136.0;6.0;0.0;0.0;0.0;131.342240852;4.3;0.0;0.0;0.0;0.0;29.0;0.0;909;0.0;0.0;0.0;0.0;0.0;0.0;0.0;0.0;0.0;0.0;0.0;0.0;0.0;0.0;0.0;0.0;0.0;0.0;0.0;1.0;61.0;0.0;0.0;0.0;0.0;0.0;0.0;0.0;0.175937904269;0.0;0.0;0.0;0.0;0.0;0.0;3.6;133.076539656;0.0;0.0;0.0;39.527994001;0.0;70.7;0.0;0.0;0.0;0.0;0.0;0.0;0.0;25.0;0.0;0.0;0.0;0.0;73.0;0.0;1500.0;3.9;0.0;0.0;134.803767911;0.0;0.0;0.0;0.0;33.5075493503;86.1;5.7;0.390685640362;0.0;0.0;1.0;23.7533839839;0.0;0.0;0.0;15.0;0.0;0.0;0.0;94.1306278487;0.0;1.77777777778;easy
0.0;0.0;1638.0915;0.0;0.996062992126;0.0;0.0;646.0;1.0;0.0;0.0;0.0;0.0;4.21666666667;0.0;0.0;0.0;229.0;201.0;18.0;0.0;0.0;0.0;147.548748717;13.9;0.0;0.0;0.0;0.0;52.0;0.0;910;0.0;0.0;0.0;0.0;0.0;0.0;0.0;0.0;0.0;0.0;0.0;0.0;0.0;0.0;0.0;0.0;0.0;0.0;0.0;0.0;56.0;0.0;0.0;0.0;0.0;0.0;0.0;0.0;0.311145510836;0.0;0.0;0.0;0.0;0.0;0.0;6.4;149.868894787;0.0;0.0;0.0;86.422060732;0.0;71.31;0.0;0.0;0.0;0.0;0.0;0.0;0.0;67.0;0.0;0.0;0.0;0.0;41.0;0.0;1500.0;7.1;0.0;0.0;155.618816315;0.0;0.0;0.0;0.0;32.6841369333;72.36;11.6;0.354489164087;0.0;0.0;0.0;47.6040104208;0.0;0.0;0.0;6.0;0.0;0.0;0.0;59.4587405068;0.0;1.77777777778;easy
0.0;0.0;1677.7215;0.0;1.0;0.0;0.0;1214.0;1.0;0.0;0.0;0.0;0.0;7.46666666667;0.0;0.0;0.0;426.0;178.0;2.0;0.0;0.0;0.0;161.391769823;41.1;0.0;0.0;0.0;0.0;83.0;0.0;929;0.0;0.0;0.0;0.0;0.0;0.0;0.0;0.0;0.0;0.0;0.0;0.0;0.0;0.0;0.0;0.0;0.0;1.0;0.0;0.0;108.0;0.0;0.0;0.0;0.0;0.0;0.0;0.0;0.146622734761;0.0;0.0;0.0;0.0;0.0;0.0;8.7;163.901007053;0.0;0.0;1.0;122.883181681;0.0;48.82;0.0;0.0;0.0;0.0;0.0;0.0;0.0;60.0;0.0;0.0;0.0;0.0;65.0;0.0;1500.0;8.2;0.0;0.0;191.662119452;0.0;0.0;0.0;0.0;44.7366877733;69.41;28.6;0.350906095552;0.0;0.0;0.0;23.8206758113;0.0;0.0;0.0;2.0;0.0;1.0;0.0;61.9996878326;0.0;1.77777777778;intermediate
0.0;0.0;1677.7215;0.0;1.0;0.0;0.0;644.0;1.0;0.0;0.0;0.0;0.0;4.68333333333;0.0;0.0;0.0;273.0;72.0;3.0;0.0;0.0;0.0;137.779041661;5.6;0.0;0.0;0.0;0.0;59.0;0.0;935;0.0;0.0;1.0;0.0;0.0;0.0;0.0;0.0;0.0;0.0;0.0;0.0;0.0;0.0;0.0;0.0;0.0;0.0;0.0;0.0;48.0;0.0;0.0;0.0;0.0;0.0;0.0;0.0;0.111801242236;0.0;0.0;0.0;0.0;0.0;0.0;6.6;142.422734561;0.0;0.0;0.0;115.901477562;0.0;87.05;0.0;0.0;0.0;0.0;0.0;0.0;0.0;23.0;0.0;0.0;0.0;0.0;36.0;0.0;1500.0;6.7;0.0;0.0;170.621911521;0.0;0.0;0.0;0.0;30.9009156961;78.69;5.6;0.423913043478;0.0;0.0;0.0;15.3561780179;0.0;0.0;0.0;4.0;0.0;0.0;0.0;52.4450273892;0.0;1.77777777778;intermediate
0.0;0.0;0.0;0.0;1.0;0.0;0.0;1099.0;0.0;0.0;0.0;0.0;0.0;6.8;0.0;0.0;0.0;389.0;713.0;49.0;0.0;0.0;0.0;161.506809053;23.3;0.0;0.0;0.0;0.0;76.0;0.0;943;0.0;1.0;0.0;0.0;0.0;0.0;0.0;0.0;0.0;0.0;0.0;0.0;0.0;0.0;0.0;0.0;1.0;0.0;0.0;0.0;80.0;0.0;0.0;0.0;0.0;1.0;1.0;0.0;0.648771610555;0.0;0.0;0.0;0.0;0.0;0.0;9.3;165.748775376;0.0;0.0;0.0;47.2146396587;0.0;48.64;0.0;0.0;0.0;1.0;0.0;0.0;0.0;318.0;0.0;0.0;0.0;0.0;42.0;0.0;1500.0;10.0;0.0;0.0;191.09747559;0.0;0.0;0.0;0.0;38.6441563823;70.26;18.3;0.353958143767;0.0;0.0;0.0;104.781032625;0.0;0.0;0.0;15.0;1.0;0.0;0.0;68.8255322108;0.0;1.77777777778;difficult
0.0;0.0;0.0;0.0;1.0;0.0;0.0;681.0;1.0;0.0;0.0;0.0;0.0;4.25;0.0;0.0;0.0;304.0;28.0;3.0;0.0;0.0;0.0;159.583219084;2.3;0.0;0.0;0.0;0.0;60.0;0.0;955;0.0;0.0;0.0;0.0;0.0;0.0;0.0;0.0;0.0;0.0;0.0;0.0;0.0;0.0;0.0;0.0;0.0;0.0;0.0;1.0;31.0;0.0;0.0;0.0;0.0;0.0;0.0;0.0;0.0411160058737;0.0;0.0;0.0;0.0;0.0;1.0;10.8;159.643979797;0.0;0.0;0.0;59.9509758391;0.0;87.42;0.0;0.0;0.0;0.0;0.0;0.0;0.0;4.0;0.0;0.0;0.0;0.0;24.0;0.0;1500.0;10.8;0.0;0.0;180.73987686;0.0;0.0;0.0;0.0;37.8097451304;68.03;3.4;0.446402349486;0.0;0.0;0.0;6.58075130244;0.0;0.0;0.0;3.0;0.0;0.0;0.0;60.0733687413;0.0;1.77777777778;intermediate
0.0;0.0;0.0;0.0;1.0;0.0;0.0;548.0;0.0;0.0;0.0;0.0;0.0;4.18333333333;0.0;0.0;0.0;202.0;556.0;88.0;0.0;0.0;0.0;131.098045447;16.7;0.0;0.0;0.0;0.0;30.0;0.0;957;0.0;0.0;0.0;0.0;0.0;0.0;0.0;0.0;0.0;0.0;0.0;0.0;0.0;0.0;0.0;0.0;0.0;0.0;0.0;0.0;66.0;0.0;0.0;0.0;0.0;0.0;1.0;0.0;1.01459854015;0.0;0.0;0.0;0.0;0.0;0.0;5.9;130.829221709;0.0;0.0;0.0;88.5125154244;0.0;88.26;0.0;0.0;0.0;0.0;0.0;0.0;0.0;168.0;0.0;0.0;0.0;0.0;43.0;0.0;1500.0;5.9;0.0;0.0;198.174824636;0.0;0.0;0.0;0.0;32.2635641436;75.5;5.1;0.368613138686;0.0;0.0;0.0;132.528205943;0.0;0.0;0.0;33.0;0.0;0.0;0.0;44.9789442638;0.0;1.77777777778;intermediate
0.0;0.0;0.0;0.0;1.0;0.0;0.0;1184.0;1.0;1.0;0.0;0.0;0.0;7.0;0.0;0.0;0.0;414.0;247.0;14.0;0.0;0.0;0.0;169.168907183;27.4;0.0;0.0;0.0;1.0;86.0;0.0;967;0.0;0.0;0.0;0.0;0.0;0.0;0.0;0.0;0.0;0.0;0.0;0.0;0.0;0.0;0.0;0.0;0.0;0.0;0.0;0.0;75.0;0.0;0.0;0.0;0.0;0.0;1.0;0.0;0.208614864865;0.0;0.0;0.0;0.0;0.0;0.0;6.0;169.771009879;0.0;0.0;0.0;68.9291901341;0.0;51.05;0.0;0.0;0.0;0.0;0.0;0.0;0.0;87.0;0.0;0.0;0.0;0.0;70.0;0.0;1500.0;6.3;0.0;0.0;158.732388827;0.0;0.0;0.0;0.0;25.7702302845;79.7;21.5;0.349662162162;0.0;0.0;0.0;35.2613671513;0.0;0.0;0.0;4.0;0.0;0.0;0.0;45.5978268678;0.0;1.77777777778;easy
0.0;0.0;1677.7215;0.0;1.0;0.0;0.0;1220.0;0.0;0.0;0.0;0.0;0.0;7.28333333333;0.0;0.0;0.0;480.0;410.0;7.0;0.0;0.0;0.0;166.33907757;6.0;0.0;0.0;1.0;0.0;85.0;0.0;974;0.0;0.0;0.0;0.0;0.0;0.0;0.0;0.0;0.0;0.0;0.0;0.0;0.0;0.0;0.0;0.0;0.0;0.0;0.0;0.0;87.0;0.0;0.0;0.0;0.0;0.0;0.0;0.0;0.33606557377;0.0;0.0;1.0;0.0;0.0;0.0;7.2;166.532808885;0.0;0.0;0.0;73.3238524314;0.0;100.31;0.0;0.0;0.0;0.0;0.0;0.0;0.0;148.0;0.0;0.0;0.0;0.0;63.0;0.0;1500.0;8.5;0.0;0.0;187.543125322;0.0;0.0;0.0;0.0;28.4632227676;68.7;4.6;0.393442622951;0.0;0.0;0.0;56.2234310006;0.0;0.0;0.0;19.0;1.0;0.0;0.0;36.1976521938;0.0;1.77777777778;intermediate
0.0;0.0;1677.7215;0.0;1.0;0.0;1.0;843.0;0.0;0.0;0.0;1.0;0.0;5.76666666667;0.0;0.0;0.0;256.0;91.0;24.0;0.0;0.0;0.0;145.641143911;12.1;0.0;0.0;0.0;0.0;69.0;0.0;5161;0.0;0.0;0.0;0.0;0.0;0.0;0.0;0.0;0.0;0.0;0.0;0.0;1.0;0.0;0.0;0.0;0.0;0.0;0.0;0.0;79.0;0.0;0.0;0.0;0.0;0.0;0.0;0.0;0.107947805457;1.0;0.0;0.0;0.0;0.0;0.0;8.2;150.688568011;0.0;0.0;0.0;17.513654172;0.0;53.78;0.0;0.0;0.0;0.0;0.0;0.0;0.0;34.0;0.0;0.0;0.0;0.0;45.0;0.0;1500.0;8.2;0.0;0.0;186.976631127;0.0;0.0;0.0;0.0;22.6558194586;69.41;8.0;0.303677342823;0.0;0.0;0.0;15.7403136531;0.0;0.0;0.0;10.0;0.0;0.0;0.0;27.9068540143;0.0;1.77777777778;easy
0.0;0.0;1677.7215;0.0;0.985454545455;0.0;0.0;690.0;0.0;0.0;0.0;0.0;0.0;4.56666666667;0.0;0.0;0.0;194.0;218.0;59.0;0.0;0.0;0.0;149.48172395;15.5;0.0;0.0;0.0;0.0;57.0;0.0;1067;0.0;0.0;0.0;0.0;0.0;0.0;0.0;0.0;0.0;0.0;0.0;0.0;0.0;0.0;0.0;0.0;0.0;0.0;0.0;0.0;95.0;0.0;0.0;0.0;0.0;0.0;0.0;0.0;0.315942028986;0.0;0.0;0.0;0.0;0.0;0.0;13.6;166.740367802;0.0;0.0;0.0;82.438039422;0.0;66.27;0.0;0.0;0.0;0.0;0.0;0.0;0.0;72.0;0.0;0.0;0.0;0.0;27.0;0.0;1500.0;12.1;0.0;0.0;138.863936027;0.0;0.0;0.0;0.0;20.6964779018;53.95;9.4;0.28115942029;0.0;0.0;0.0;47.5722858702;0.0;0.0;0.0;10.0;0.0;0.0;0.0;19.0887558852;0.0;1.77777777778;easy
1.0;0.0;1677.7215;0.0;0.99577167019;0.0;1.0;1152.0;1.0;0.0;0.0;0.0;0.0;7.86666666667;0.0;0.0;0.0;307.0;144.0;37.0;0.0;1.0;0.0;146.161979277;17.0;0.0;0.0;0.0;1.0;95.0;0.0;5171;0.0;1.0;0.0;0.0;0.0;0.0;0.0;0.0;1.0;0.0;0.0;0.0;0.0;1.0;0.0;1.0;0.0;0.0;0.0;0.0;109.0;0.0;1.0;0.0;0.0;1.0;1.0;1.0;0.125;0.0;0.0;0.0;1.0;0.0;1.0;6.4;154.515072597;0.0;0.0;0.0;15.7449231902;0.0;70.19;0.0;0.0;0.0;1.0;0.0;0.0;1.0;73.0;0.0;0.0;0.0;1.0;71.0;0.0;1500.0;6.1;0.0;0.0;170.829898949;1.0;0.0;0.0;0.0;9.66248779775;80.41;5.9;0.266493055556;0.0;0.0;0.0;18.2702474096;0.0;0.0;0.0;15.0;1.0;1.0;0.0;17.2400907941;1.0;1.77777777778;easy
0.0;0.0;1677.7215;0.0;1.0;0.0;0.0;1938.0;0.0;0.0;0.0;0.0;0.0;18.6;0.0;0.0;0.0;539.0;1267.0;151.0;0.0;0.0;0.0;103.828171184;13.2;0.0;0.0;0.0;0.0;143.0;0.0;786;0.0;0.0;0.0;0.0;0.0;0.0;0.0;0.0;0.0;1.0;0.0;0.0;0.0;0.0;0.0;0.0;0.0;0.0;0.0;0.0;251.0;0.0;0.0;0.0;0.0;0.0;0.0;0.0;0.653766769866;0.0;0.0;0.0;0.0;0.0;0.0;9.8;118.104700755;0.0;0.0;0.0;18.4202748792;0.0;67.55;0.0;0.0;0.0;0.0;0.0;0.0;0.0;551.0;0.0;0.0;0.0;0.0;102.0;0.0;1500.0;9.5;0.0;0.0;221.841661358;0.0;0.0;0.0;0.0;16.1934306377;60.65;6.9;0.278121775026;0.0;0.0;0.0;68.0902137112;0.0;0.0;0.0;104.0;0.0;0.0;0.0;13.4553133575;0.0;1.77777777778;easy
0.0;0.0;1605.3492;0.0;0.975510204082;0.0;1.0;518.0;0.0;0.0;0.0;0.0;0.0;4.06666666667;0.0;0.0;0.0;187.0;210.0;77.0;0.0;0.0;0.0;125.951387184;13.4;0.0;0.0;0.0;0.0;41.0;0.0;5184;0.0;0.0;0.0;0.0;0.0;0.0;0.0;0.0;0.0;0.0;0.0;0.0;0.0;0.0;1.0;0.0;0.0;0.0;0.0;0.0;82.0;0.0;0.0;0.0;1.0;0.0;0.0;0.0;0.405405405405;0.0;0.0;0.0;0.0;0.0;0.0;7.6;130.301449349;0.0;0.0;0.0;21.016294572;0.0;52.87;0.0;0.0;0.0;0.0;0.0;0.0;0.0;64.0;0.0;0.0;0.0;1.0;32.0;0.0;1500.0;7.2;0.0;0.0;167.473981812;0.0;0.0;0.0;0.0;21.9784614204;71.95;8.4;0.361003861004;0.0;1.0;0.0;51.5590473852;0.0;0.0;0.0;21.0;0.0;0.0;0.0;24.3311591789;0.0;1.77777777778;easy
0.0;0.0;1677.7215;0.0;0.984732824427;0.0;0.0;934.0;0.0;0.0;0.0;0.0;0.0;6.53333333333;0.0;0.0;0.0;260.0;97.0;21.0;0.0;0.0;0.0;141.602382953;12.1;0.0;0.0;0.0;0.0;41.0;0.0;5195;0.0;0.0;0.0;0.0;0.0;0.0;0.0;0.0;0.0;0.0;0.0;0.0;0.0;0.0;0.0;0.0;0.0;0.0;0.0;0.0;60.0;0.0;0.0;0.0;0.0;0.0;0.0;0.0;0.103854389722;0.0;0.0;0.0;0.0;0.0;0.0;6.3;146.448582382;0.0;0.0;0.0;8.54346681804;0.0;54.08;0.0;0.0;0.0;0.0;0.0;0.0;0.0;19.0;0.0;0.0;1.0;0.0;58.0;0.0;1500.0;4.8;0.0;0.0;179.870458585;0.0;0.0;0.0;0.0;6.9572412694;88.97;7.9;0.278372591006;0.0;0.0;0.0;14.8170778278;0.0;0.0;0.0;11.0;0.0;0.0;0.0;5.46653113023;0.0;1.77777777778;easy
0.0;0.0;1677.7215;0.0;1.0;0.0;0.0;1080.0;0.0;0.0;0.0;1.0;1.0;7.11666666667;0.0;0.0;0.0;346.0;121.0;13.0;0.0;0.0;0.0;146.536412078;12.1;0.0;0.0;0.0;0.0;83.0;0.0;5247;0.0;0.0;0.0;0.0;0.0;0.0;0.0;0.0;0.0;0.0;0.0;0.0;0.0;0.0;1.0;0.0;0.0;0.0;0.0;0.0;105.0;0.0;0.0;0.0;0.0;0.0;0.0;0.0;0.112037037037;0.0;0.0;0.0;0.0;0.0;1.0;9.3;146.587800715;0.0;0.0;0.0;14.6368816659;0.0;84.81;0.0;0.0;0.0;0.0;0.0;0.0;0.0;43.0;0.0;0.0;0.0;0.0;51.0;0.0;1500.0;9.2;0.0;0.0;243.036885682;0.0;0.0;0.0;0.0;8.55415389121;66.88;6.4;0.32037037037;0.0;0.0;0.0;16.9673740301;0.0;0.0;0.0;6.0;1.0;1.0;0.0;6.10416440864;0.0;1.77777777778;easy
0.0;0.0;1677.7215;0.0;1.0;0.0;0.0;800.0;0.0;0.0;0.0;0.0;0.0;4.93333333333;0.0;0.0;0.0;198.0;119.0;13.0;0.0;0.0;0.0;161.041238156;12.9;0.0;0.0;0.0;0.0;62.0;0.0;5252;0.0;0.0;0.0;0.0;0.0;0.0;0.0;0.0;0.0;0.0;0.0;0.0;0.0;0.0;0.0;0.0;0.0;0.0;0.0;0.0;112.0;0.0;0.0;0.0;0.0;0.0;0.0;0.0;0.14875;0.0;0.0;0.0;0.0;0.0;0.0;10.9;167.719596434;0.0;0.0;0.0;46.1244056362;0.0;68.3;0.0;0.0;0.0;0.0;0.0;0.0;0.0;46.0;0.0;0.0;0.0;0.0;37.0;0.0;1404.0;9.4;0.0;0.0;123.79968106;0.0;0.0;0.0;0.0;27.5046194935;66.47;8.7;0.2475;0.0;0.0;0.0;24.0752604781;0.0;0.0;0.0;6.0;0.0;0.0;0.0;41.342277268;0.0;1.6;intermediate
0.0;0.0;1677.7215;0.0;1.0;0.0;0.0;1086.0;0.0;0.0;0.0;0.0;1.0;6.45;0.0;0.0;0.0;325.0;134.0;38.0;0.0;0.0;0.0;165.535396289;14.4;0.0;0.0;0.0;0.0;76.0;0.0;5265;0.0;0.0;0.0;0.0;0.0;0.0;0.0;0.0;0.0;0.0;0.0;0.0;0.0;0.0;0.0;0.0;0.0;0.0;0.0;0.0;114.0;0.0;0.0;0.0;0.0;0.0;0.0;0.0;0.123388581952;0.0;0.0;0.0;0.0;0.0;0.0;12.3;165.968017389;0.0;0.0;0.0;21.232663681;0.0;40.95;0.0;0.0;0.0;0.0;0.0;0.0;0.0;47.0;0.0;0.0;0.0;0.0;42.0;0.0;1404.0;11.0;0.0;1.0;198.163879879;0.0;0.0;0.0;0.0;23.2773945925;62.11;10.9;0.29926335175;0.0;0.0;0.0;20.7499935479;0.0;0.0;0.0;10.0;0.0;0.0;0.0;18.6806073218;0.0;1.6;intermediate
0.0;0.0;1677.7215;0.0;1.0;0.0;0.0;1258.0;0.0;0.0;0.0;0.0;0.0;7.23333333333;0.0;0.0;0.0;380.0;110.0;23.0;0.0;0.0;1.0;173.860966508;6.8;0.0;0.0;0.0;0.0;105.0;0.0;1171;0.0;0.0;0.0;0.0;0.0;0.0;0.0;0.0;0.0;0.0;0.0;0.0;0.0;0.0;0.0;0.0;0.0;0.0;0.0;0.0;141.0;0.0;0.0;0.0;0.0;0.0;0.0;0.0;0.087440381558;0.0;0.0;0.0;0.0;0.0;0.0;9.8;174.60111678;0.0;0.0;0.0;10.3384715822;0.0;74.39;0.0;0.0;0.0;0.0;0.0;0.0;0.0;29.0;0.0;0.0;0.0;0.0;58.0;0.0;1500.0;9.4;0.0;0.0;248.477206697;0.0;0.0;0.0;0.0;11.5694114245;66.37;6.3;0.302066772655;0.0;0.0;0.0;15.2024692496;0.0;0.0;0.0;8.0;0.0;0.0;0.0;3.59848331627;0.0;1.77777777778;easy
0.0;0.0;1585.5861;0.0;0.971428571429;0.0;0.0;75.0;0.0;0.0;0.0;0.0;0.0;0.55;0.0;0.0;0.0;23.0;45.0;12.0;0.0;0.0;0.0;136.239782016;12.3;0.0;0.0;0.0;0.0;8.0;0.0;3269;0.0;0.0;0.0;0.0;0.0;0.0;0.0;0.0;0.0;0.0;0.0;0.0;0.0;0.0;0.0;0.0;0.0;0.0;0.0;0.0;16.0;0.0;0.0;0.0;0.0;0.0;0.0;0.0;0.6;0.0;0.0;0.0;0.0;0.0;0.0;7.1;166.641978966;0.0;0.0;0.0;115.870027557;0.0;36.96;0.0;0.0;0.0;0.0;0.0;0.0;0.0;9.0;0.0;0.0;0.0;0.0;7.0;0.0;1500.0;6.3;0.0;0.0;218.900198964;0.0;0.0;0.0;0.0;21.3503660409;69.07;10.3;0.306666666667;0.0;0.0;0.0;81.7438692098;0.0;0.0;1.0;5.0;0.0;0.0;0.0;25.1192664242;0.0;1.77777777778;easy
0.0;0.0;1677.7215;0.0;0.998473282443;0.0;1.0;1664.0;0.0;0.0;0.0;0.0;0.0;10.55;0.0;0.0;0.0;480.0;124.0;37.0;0.0;0.0;0.0;154.62843066;11.8;0.0;0.0;0.0;0.0;96.0;0.0;5319;0.0;0.0;0.0;0.0;0.0;0.0;0.0;0.0;0.0;0.0;0.0;0.0;0.0;0.0;0.0;0.0;0.0;0.0;0.0;0.0;159.0;0.0;0.0;0.0;0.0;0.0;0.0;0.0;0.0745192307692;0.0;0.0;0.0;0.0;0.0;0.0;9.2;174.605047244;0.0;0.0;0.0;14.2412008411;0.0;68.47;0.0;0.0;0.0;0.0;0.0;0.0;0.0;48.0;0.0;0.0;0.0;0.0;81.0;0.0;1500.0;8.9;0.0;0.0;243.196581039;0.0;0.0;0.0;0.0;13.6082243086;67.59;6.5;0.288461538462;0.0;0.0;0.0;11.7487288002;0.0;0.0;0.0;11.0;0.0;0.0;0.0;5.00039724991;0.0;1.77777777778;easy
0.0;0.0;1585.5861;0.0;1.0;0.0;0.0;378.0;0.0;0.0;0.0;0.0;0.0;2.63333333333;0.0;0.0;1.0;160.0;153.0;64.0;0.0;0.0;0.0;141.43967642;17.4;0.0;0.0;0.0;0.0;41.0;0.0;3252;0.0;0.0;0.0;0.0;0.0;0.0;0.0;0.0;0.0;0.0;0.0;0.0;0.0;0.0;0.0;0.0;0.0;0.0;0.0;0.0;91.0;0.0;0.0;0.0;0.0;0.0;0.0;0.0;0.404761904762;0.0;0.0;0.0;0.0;0.0;0.0;9.2;150.398172104;0.0;0.0;0.0;117.250180057;0.0;49.25;0.0;0.0;0.0;0.0;0.0;0.0;0.0;45.0;0.0;0.0;0.0;0.0;28.0;0.0;1500.0;7.4;0.0;0.0;228.523183753;0.0;0.0;0.0;0.0;17.9047971637;66.23;11.8;0.42328042328;0.0;0.0;0.0;58.0168109714;0.0;0.0;0.0;7.0;0.0;0.0;0.0;19.3043552276;0.0;1.77777777778;intermediate
0.0;0.0;1677.7215;0.0;0.998682476943;0.0;0.0;1892.0;0.0;0.0;0.0;0.0;0.0;12.2166666667;0.0;0.0;0.0;457.0;152.0;29.0;0.0;0.0;0.0;155.467110105;10.9;0.0;0.0;0.0;0.0;132.0;0.0;5308;0.0;1.0;0.0;0.0;0.0;0.0;0.0;0.0;0.0;0.0;0.0;0.0;0.0;0.0;0.0;0.0;0.0;0.0;0.0;0.0;150.0;0.0;0.0;0.0;0.0;0.0;0.0;0.0;0.0803382663848;0.0;0.0;0.0;0.0;0.0;0.0;13.3;155.157214223;0.0;0.0;0.0;16.3011387806;0.0;82.85;0.0;0.0;0.0;0.0;0.0;0.0;0.0;47.0;0.0;0.0;0.0;0.0;67.0;0.0;1500.0;13.1;0.0;0.0;245.355731019;0.0;0.0;0.0;0.0;18.4370433172;51.31;5.1;0.241543340381;0.0;0.0;0.0;12.4308262683;0.0;0.0;0.0;11.0;0.0;0.0;0.0;7.67072941319;0.0;1.77777777778;intermediate
0.0;0.0;1677.7215;0.0;0.998859749145;0.0;0.0;1761.0;0.0;0.0;0.0;0.0;0.0;14.1333333333;0.0;0.0;0.0;541.0;101.0;22.0;0.0;0.0;0.0;125.081018655;8.6;0.0;0.0;0.0;0.0;82.0;0.0;5309;0.0;1.0;0.0;0.0;0.0;0.0;0.0;0.0;0.0;0.0;0.0;0.0;0.0;0.0;0.0;0.0;0.0;0.0;0.0;0.0;108.0;0.0;0.0;0.0;0.0;0.0;0.0;0.0;0.0573537762635;0.0;0.0;0.0;0.0;0.0;0.0;10.3;124.442747498;0.0;0.0;0.0;12.413940154;0.0;78.14;0.0;0.0;0.0;0.0;0.0;0.0;0.0;32.0;0.0;0.0;0.0;0.0;76.0;0.0;1500.0;10.0;0.0;0.0;247.463467291;0.0;0.0;0.0;0.0;17.0689977153;64.85;4.9;0.307211811471;0.0;0.0;0.0;7.14142616402;0.0;0.0;0.0;10.0;0.0;0.0;0.0;5.57451269893;0.0;1.77777777778;intermediate
0.0;0.0;1677.7215;0.0;1.0;0.0;0.0;1282.0;0.0;0.0;0.0;0.0;0.0;7.85;0.0;0.0;0.0;395.0;48.0;8.0;0.0;0.0;1.0;163.67917524;13.1;0.0;0.0;0.0;0.0;83.0;0.0;1215;0.0;0.0;0.0;0.0;0.0;0.0;0.0;0.0;0.0;0.0;0.0;0.0;0.0;0.0;0.0;0.0;0.0;0.0;0.0;0.0;122.0;0.0;0.0;0.0;0.0;0.0;0.0;0.0;0.0374414976599;0.0;0.0;0.0;0.0;0.0;0.0;8.6;165.423268077;0.0;0.0;0.0;17.2894971612;0.0;64.04;0.0;0.0;0.0;0.0;0.0;0.0;0.0;20.0;0.0;0.0;0.0;0.0;63.0;0.0;1500.0;8.8;0.0;0.0;247.043233004;0.0;0.0;0.0;0.0;13.4750745632;67.79;10.3;0.308112324493;0.0;0.0;0.0;6.10933157973;0.0;0.0;0.0;2.0;0.0;0.0;0.0;5.27054680144;0.0;1.77777777778;intermediate
0.0;0.0;1677.7215;0.0;0.998507462687;0.0;1.0;1672.0;0.0;0.0;0.0;0.0;0.0;11.15;0.0;0.0;0.0;453.0;348.0;72.0;0.0;0.0;0.0;148.452315181;14.5;0.0;0.0;0.0;0.0;125.0;0.0;5316;0.0;0.0;0.0;0.0;0.0;0.0;0.0;0.0;0.0;0.0;0.0;0.0;0.0;0.0;0.0;0.0;0.0;0.0;0.0;0.0;175.0;0.0;0.0;0.0;0.0;0.0;0.0;0.0;0.208133971292;0.0;0.0;0.0;0.0;0.0;0.0;10.7;152.967146724;0.0;0.0;0.0;17.4869090053;0.0;66.27;0.0;0.0;0.0;0.0;0.0;0.0;0.0;125.0;0.0;0.0;0.0;0.0;75.0;0.0;1500.0;10.8;0.0;0.0;240.60172027;0.0;0.0;0.0;0.0;18.2184120456;57.3;9.4;0.270933014354;0.0;0.0;0.0;31.1776739186;0.0;0.0;0.0;16.0;0.0;0.0;0.0;7.30019897043;0.0;1.77777777778;difficult
0.0;0.0;1585.5861;1.0;0.992125984252;0.0;0.0;276.0;0.0;0.0;0.0;0.0;0.0;2.1;0.0;0.0;0.0;104.0;118.0;44.0;0.0;0.0;0.0;131.157928085;25.8;0.0;0.0;0.0;0.0;37.0;0.0;3276;0.0;0.0;0.0;0.0;0.0;0.0;0.0;0.0;0.0;1.0;0.0;0.0;0.0;0.0;0.0;0.0;0.0;0.0;0.0;0.0;66.0;0.0;0.0;0.0;0.0;0.0;0.0;0.0;0.427536231884;0.0;0.0;0.0;0.0;0.0;0.0;11.6;148.753649225;0.0;0.0;0.0;116.224692239;0.0;23.13;0.0;0.0;0.0;0.0;0.0;0.0;0.0;31.0;0.0;0.0;0.0;0.0;16.0;0.0;1500.0;10.0;0.0;0.0;220.119453209;0.0;0.0;0.0;0.0;25.2229731251;53.92;19.8;0.376811594203;0.0;0.0;0.0;56.0747663551;0.0;0.0;0.0;3.0;0.0;0.0;0.0;29.7781424219;1.0;1.77777777778;intermediate
0.0;0.0;1677.7215;0.0;0.99375;0.0;0.0;767.0;0.0;0.0;0.0;0.0;0.0;5.31666666667;0.0;0.0;0.0;271.0;143.0;44.0;0.0;0.0;0.0;136.009755182;19.5;0.0;0.0;0.0;0.0;75.0;0.0;5330;0.0;0.0;0.0;0.0;0.0;0.0;0.0;0.0;0.0;1.0;0.0;0.0;0.0;0.0;0.0;0.0;0.0;0.0;0.0;0.0;88.0;0.0;0.0;0.0;0.0;0.0;0.0;0.0;0.186440677966;0.0;0.0;0.0;0.0;0.0;0.0;9.8;152.778661914;0.0;0.0;0.0;18.7239036579;0.0;47.96;0.0;0.0;0.0;0.0;0.0;0.0;0.0;60.0;0.0;0.0;0.0;0.0;37.0;0.0;1500.0;9.0;0.0;0.0;241.571796917;0.0;0.0;0.0;0.0;20.0448090782;67.38;8.2;0.35332464146;0.0;0.0;0.0;26.8267517118;0.0;0.0;0.0;22.0;0.0;0.0;0.0;9.84540175902;0.0;1.77777777778;easy
0.0;0.0;1677.7215;0.0;0.999072356215;0.0;0.0;2925.0;0.0;0.0;0.0;0.0;0.0;17.3666666667;0.0;0.0;0.0;718.0;196.0;33.0;0.0;0.0;0.0;167.624126059;13.6;0.0;0.0;0.0;0.0;158.0;0.0;5332;0.0;0.0;0.0;0.0;0.0;0.0;0.0;0.0;0.0;0.0;0.0;0.0;0.0;0.0;0.0;0.0;0.0;0.0;0.0;0.0;265.0;0.0;0.0;0.0;0.0;0.0;0.0;0.0;0.0670085470085;0.0;0.0;0.0;0.0;0.0;0.0;11.9;182.530235889;0.0;0.0;0.0;25.0167187106;0.0;68.26;0.0;0.0;0.0;0.0;0.0;0.0;0.0;88.0;0.0;0.0;0.0;0.0;115.0;0.0;1500.0;10.8;0.0;0.0;237.916934603;0.0;0.0;0.0;0.0;18.426171132;62.61;6.6;0.24547008547;0.0;0.0;0.0;11.278519982;1.0;0.0;0.0;17.0;0.0;0.0;0.0;13.0898567216;0.0;1.77777777778;easy
0.0;0.0;1585.5861;0.0;1.0;0.0;0.0;617.0;0.0;0.0;0.0;0.0;0.0;4.01666666667;0.0;0.0;0.0;176.0;70.0;18.0;0.0;0.0;0.0;152.994172831;22.2;1.0;0.0;0.0;0.0;43.0;0.0;3291;0.0;1.0;0.0;0.0;0.0;0.0;0.0;0.0;0.0;0.0;0.0;0.0;0.0;0.0;0.0;0.0;0.0;0.0;0.0;0.0;85.0;0.0;0.0;0.0;0.0;0.0;0.0;0.0;0.113452188006;0.0;0.0;0.0;0.0;0.0;0.0;9.1;161.563438307;0.0;0.0;0.0;102.569399989;0.0;45.25;0.0;0.0;0.0;0.0;0.0;0.0;0.0;17.0;0.0;0.0;0.0;0.0;36.0;0.0;1500.0;7.6;0.0;0.0;229.966956592;0.0;0.0;0.0;0.0;22.2361035349;71.04;11.3;0.285251215559;0.0;0.0;0.0;17.35752366;0.0;0.0;0.0;4.0;0.0;0.0;0.0;19.9413659081;0.0;1.77777777778;intermediate
0.0;0.0;1585.5861;0.0;1.0;0.0;0.0;380.0;0.0;0.0;0.0;0.0;0.0;2.36666666667;0.0;0.0;0.0;87.0;38.0;13.0;0.0;0.0;0.0;158.371358371;17.5;1.0;0.0;0.0;0.0;25.0;0.0;3292;0.0;1.0;0.0;0.0;0.0;0.0;0.0;0.0;0.0;0.0;0.0;0.0;0.0;0.0;0.0;0.0;0.0;0.0;0.0;0.0;47.0;0.0;0.0;0.0;0.0;0.0;0.0;0.0;0.1;0.0;0.0;0.0;0.0;0.0;0.0;8.5;168.18876505;0.0;0.0;0.0;105.165886509;0.0;58.58;0.0;0.0;0.0;0.0;0.0;0.0;0.0;11.0;0.0;0.0;0.0;0.0;21.0;0.0;1500.0;8.0;0.0;0.0;231.069812994;0.0;0.0;0.0;0.0;20.5137722941;70.02;8.2;0.228947368421;0.0;0.0;0.0;16.0056160056;0.0;0.0;0.0;3.0;0.0;0.0;0.0;19.5821919246;0.0;1.77777777778;difficult
0.0;0.0;1677.7215;0.0;1.0;0.0;0.0;677.0;0.0;0.0;0.0;0.0;0.0;4.88333333333;0.0;0.0;0.0;182.0;240.0;45.0;0.0;0.0;0.0;138.516624041;7.0;0.0;0.0;0.0;0.0;47.0;0.0;3352;0.0;0.0;0.0;0.0;0.0;0.0;0.0;0.0;0.0;0.0;0.0;0.0;0.0;0.0;0.0;0.0;0.0;0.0;0.0;0.0;70.0;0.0;0.0;0.0;0.0;0.0;0.0;0.0;0.354505169867;0.0;0.0;0.0;0.0;0.0;0.0;5.9;143.270316027;0.0;0.0;0.0;12.6681629901;0.0;97.2;0.0;0.0;0.0;0.0;0.0;0.0;0.0;81.0;0.0;0.0;0.0;0.0;43.0;0.0;1500.0;5.9;0.0;0.0;240.176730952;0.0;0.0;0.0;0.0;7.17773369943;80.92;1.7;0.268833087149;0.0;0.0;0.0;49.104859335;1.0;0.0;0.0;30.0;0.0;0.0;0.0;4.15319099887;0.0;1.77777777778;easy
1.0;0.0;1677.7215;0.0;0.993690851735;0.0;0.0;814.0;0.0;0.0;0.0;0.0;0.0;5.26666666667;0.0;0.0;0.0;206.0;381.0;34.0;0.0;0.0;0.0;155.263822267;13.0;0.0;1.0;0.0;0.0;53.0;0.0;5415;0.0;1.0;0.0;0.0;0.0;0.0;0.0;0.0;0.0;0.0;1.0;0.0;0.0;0.0;0.0;1.0;0.0;0.0;0.0;0.0;86.0;0.0;0.0;0.0;0.0;0.0;0.0;0.0;0.468058968059;0.0;0.0;0.0;0.0;0.0;1.0;5.5;188.748516948;0.0;0.0;0.0;48.7803086907;1.0;75.58;0.0;0.0;0.0;0.0;0.0;0.0;0.0;152.0;0.0;0.0;0.0;1.0;63.0;0.0;1500.0;4.8;0.0;0.0;171.90276666;0.0;0.0;0.0;0.0;37.4579552334;83.76;10.0;0.253071253071;0.0;0.0;0.0;72.1408735168;0.0;0.0;1.0;13.0;1.0;1.0;0.0;40.7384193722;1.0;1.77777777778;intermediate
0.0;0.0;1447.446;0.0;0.990338164251;0.0;0.0;491.0;0.0;0.0;0.0;0.0;0.0;3.43333333333;0.0;0.0;0.0;128.0;499.0;25.0;0.0;0.0;0.0;144.032523473;1.9;0.0;0.0;0.0;0.0;35.0;0.0;5429;0.0;1.0;0.0;0.0;0.0;0.0;0.0;0.0;0.0;0.0;0.0;0.0;0.0;0.0;0.0;0.0;0.0;0.0;0.0;0.0;73.0;0.0;0.0;0.0;0.0;0.0;0.0;0.0;1.01629327902;0.0;0.0;0.0;0.0;0.0;0.0;7.0;183.466852288;0.0;0.0;0.0;33.9688532255;0.0;105.76;0.0;0.0;0.0;0.0;0.0;0.0;0.0;203.0;0.0;0.0;0.0;0.0;35.0;0.0;1500.0;6.4;0.0;0.0;138.144857151;0.0;0.0;0.0;0.0;37.3868074891;74.19;0.5;0.260692464358;0.0;0.0;0.0;144.90368793;0.0;0.0;0.0;63.0;0.0;0.0;0.0;75.1313417725;0.0;1.77777777778;intermediate
0.0;0.0;256.5953;1.0;0.997844827586;0.0;0.0;1150.0;0.0;0.0;0.0;0.0;0.0;7.71666666667;0.0;0.0;0.0;253.0;442.0;41.0;0.0;0.0;0.0;150.320174209;27.7;0.0;0.0;1.0;0.0;77.0;0.0;5439;0.0;0.0;0.0;0.0;0.0;0.0;0.0;0.0;0.0;0.0;0.0;0.0;0.0;0.0;0.0;0.0;0.0;0.0;0.0;0.0;159.0;0.0;0.0;0.0;0.0;0.0;0.0;0.0;0.384347826087;0.0;0.0;0.0;0.0;0.0;0.0;20.1;153.387871243;0.0;0.0;0.0;76.5073783974;0.0;57.65;0.0;0.0;0.0;0.0;0.0;0.0;0.0;155.0;0.0;0.0;0.0;0.0;30.0;0.0;1500.0;17.0;0.0;0.0;147.466726774;0.0;0.0;0.0;0.0;20.3817253334;41.06;19.0;0.22;0.0;0.0;0.0;57.1785860589;0.0;0.0;0.0;8.0;0.0;0.0;0.0;51.3017840205;0.0;1.77777777778;intermediate
0.0;0.0;1664.5629;1.0;1.0;0.0;0.0;688.0;0.0;0.0;0.0;1.0;0.0;5.33333333333;0.0;0.0;0.0;183.0;562.0;51.0;0.0;0.0;0.0;129.032258065;27.5;0.0;0.0;0.0;0.0;50.0;0.0;5458;0.0;0.0;0.0;0.0;0.0;0.0;0.0;0.0;0.0;1.0;0.0;0.0;0.0;0.0;0.0;0.0;0.0;0.0;0.0;0.0;94.0;0.0;0.0;0.0;0.0;0.0;0.0;0.0;0.816860465116;0.0;0.0;0.0;1.0;0.0;0.0;8.5;159.990106892;0.0;1.0;0.0;34.7183009908;0.0;56.73;0.0;0.0;0.0;0.0;0.0;0.0;0.0;198.0;0.0;0.0;0.0;0.0;43.0;0.0;1500.0;7.2;0.0;0.0;163.695021159;0.0;0.0;0.0;0.0;33.8822601251;72.16;19.3;0.265988372093;0.0;0.0;0.0;105.095839177;0.0;0.0;0.0;10.0;0.0;0.0;0.0;43.1928486104;0.0;1.77777777778;intermediate
0.0;0.0;1677.7215;0.0;1.0;0.0;0.0;767.0;0.0;0.0;0.0;0.0;0.0;5.03333333333;0.0;1.0;0.0;203.0;466.0;38.0;0.0;0.0;0.0;151.931330472;14.0;0.0;0.0;1.0;1.0;44.0;0.0;5464;0.0;1.0;0.0;0.0;0.0;0.0;0.0;0.0;0.0;0.0;0.0;0.0;0.0;0.0;1.0;1.0;0.0;0.0;0.0;0.0;98.0;0.0;0.0;0.0;0.0;0.0;0.0;1.0;0.607561929596;0.0;0.0;0.0;1.0;0.0;0.0;7.6;180.038495845;0.0;0.0;0.0;34.6471612642;0.0;79.98;0.0;0.0;0.0;1.0;0.0;0.0;0.0;145.0;0.0;0.0;0.0;0.0;49.0;0.0;1500.0;7.1;0.0;0.0;127.065200541;0.0;0.0;0.0;0.0;22.1124451702;72.46;10.4;0.264667535854;0.0;0.0;0.0;92.3076923077;0.0;0.0;0.0;14.0;0.0;0.0;0.0;59.9102347665;1.0;1.77777777778;intermediate
0.0;0.0;1447.446;0.0;0.995867768595;0.0;0.0;588.0;0.0;0.0;1.0;0.0;0.0;4.01666666667;0.0;0.0;0.0;151.0;258.0;21.0;0.0;0.0;0.0;145.996275605;10.2;0.0;0.0;0.0;0.0;43.0;0.0;5467;0.0;1.0;0.0;0.0;0.0;0.0;0.0;0.0;0.0;0.0;0.0;0.0;0.0;0.0;0.0;0.0;0.0;0.0;0.0;0.0;68.0;0.0;0.0;0.0;0.0;0.0;0.0;0.0;0.438775510204;0.0;0.0;0.0;0.0;0.0;0.0;8.1;174.305716812;0.0;0.0;0.0;44.3784385522;0.0;91.95;0.0;0.0;0.0;0.0;0.0;0.0;0.0;116.0;0.0;0.0;0.0;1.0;33.0;0.0;1500.0;7.9;0.0;0.0;159.281277142;0.0;0.0;0.0;0.0;61.3099578048;70.33;5.8;0.256802721088;0.0;0.0;0.0;64.0595903166;0.0;0.0;0.0;12.0;0.0;0.0;0.0;67.4821516459;0.0;1.77777777778;easy
0.0;0.0;1447.446;0.0;1.0;0.0;0.0;804.0;0.0;0.0;0.0;0.0;0.0;6.78333333333;0.0;0.0;0.0;216.0;478.0;45.0;0.0;0.0;0.0;118.747697974;16.2;0.0;0.0;0.0;0.0;58.0;0.0;5469;0.0;0.0;0.0;0.0;0.0;0.0;0.0;0.0;0.0;0.0;0.0;0.0;0.0;0.0;0.0;0.0;0.0;0.0;0.0;0.0;95.0;0.0;0.0;0.0;0.0;0.0;0.0;0.0;0.594527363184;0.0;0.0;0.0;0.0;0.0;0.0;5.9;180.378255895;0.0;0.0;0.0;46.5165049641;0.0;74.97;0.0;0.0;0.0;0.0;0.0;0.0;0.0;145.0;0.0;0.0;0.0;0.0;65.0;0.0;1500.0;4.6;0.0;0.0;161.178181239;0.0;0.0;0.0;0.0;56.9992258135;84.27;10.2;0.268656716418;0.0;0.0;0.0;70.423572744;1.0;0.0;0.0;16.0;0.0;0.0;0.0;67.7587059076;0.0;1.77777777778;intermediate
0.0;1.0;1664.5629;0.0;1.0;0.0;0.0;1066.0;0.0;0.0;1.0;0.0;0.0;6.85;0.0;0.0;0.0;311.0;761.0;167.0;0.0;0.0;0.0;155.019183138;19.8;0.0;0.0;0.0;0.0;82.0;0.0;5480;0.0;0.0;0.0;0.0;0.0;0.0;0.0;0.0;0.0;0.0;0.0;0.0;0.0;0.0;0.0;0.0;0.0;0.0;0.0;0.0;85.0;0.0;0.0;0.0;0.0;0.0;0.0;0.0;0.713883677298;0.0;1.0;0.0;1.0;0.0;0.0;6.3;168.429050845;0.0;0.0;0.0;68.9918323183;0.0;37.23;0.0;0.0;0.0;0.0;0.0;0.0;1.0;261.0;0.0;0.0;0.0;0.0;68.0;0.0;1500.0;5.9;0.0;0.0;207.193600473;1.0;0.0;0.0;0.0;32.4367729592;80.92;14.4;0.291744840525;0.0;0.0;0.0;110.873682677;0.0;0.0;1.0;30.0;0.0;0.0;0.0;41.3612701376;1.0;1.77777777778;easy
0.0;0.0;1585.5861;1.0;1.0;0.0;0.0;428.0;0.0;0.0;0.0;0.0;0.0;2.55;0.0;0.0;1.0;130.0;151.0;46.0;0.0;0.0;0.0;166.970091027;12.6;0.0;0.0;0.0;0.0;30.0;0.0;5556;0.0;0.0;0.0;0.0;0.0;0.0;0.0;0.0;0.0;1.0;0.0;0.0;0.0;0.0;0.0;0.0;0.0;0.0;0.0;0.0;71.0;0.0;0.0;0.0;0.0;0.0;0.0;0.0;0.352803738318;0.0;0.0;0.0;0.0;0.0;0.0;10.3;173.163676087;0.0;0.0;0.0;114.146914056;0.0;45.01;0.0;0.0;0.0;0.0;0.0;0.0;0.0;49.0;0.0;0.0;0.0;0.0;22.0;0.0;1500.0;8.5;0.0;0.0;229.233055668;0.0;0.0;0.0;0.0;29.5090249806;68.6;9.3;0.303738317757;0.0;0.0;0.0;58.9076723017;0.0;0.0;1.0;16.0;0.0;0.0;0.0;24.4096805981;0.0;1.77777777778;easy
0.0;0.0;1585.5861;0.0;1.0;0.0;0.0;633.0;0.0;0.0;0.0;0.0;0.0;3.63333333333;0.0;0.0;1.0;170.0;92.0;26.0;0.0;0.0;0.0;174.060494959;10.9;0.0;0.0;0.0;0.0;31.0;0.0;5557;0.0;0.0;0.0;0.0;0.0;0.0;0.0;0.0;0.0;0.0;0.0;0.0;0.0;0.0;0.0;0.0;0.0;0.0;0.0;0.0;76.0;0.0;0.0;0.0;0.0;0.0;0.0;0.0;0.145339652449;0.0;0.0;0.0;0.0;0.0;0.0;8.9;187.357557939;0.0;0.0;0.0;112.791457471;0.0;81.19;0.0;0.0;0.0;0.0;0.0;0.0;0.0;33.0;0.0;0.0;0.0;0.0;33.0;0.0;1500.0;8.4;0.0;0.0;224.515106983;0.0;0.0;0.0;0.0;24.799295875;68.91;3.7;0.268562401264;0.0;0.0;0.0;25.2978918423;0.0;0.0;1.0;13.0;0.0;0.0;0.0;21.1842641415;0.0;1.77777777778;easy
0.0;0.0;1585.5861;0.0;1.0;0.0;0.0;712.0;0.0;0.0;0.0;0.0;0.0;4.41666666667;0.0;0.0;0.0;174.0;96.0;48.0;0.0;0.0;0.0;160.225988701;20.8;0.0;0.0;0.0;0.0;44.0;0.0;5559;0.0;0.0;0.0;0.0;0.0;0.0;0.0;0.0;0.0;1.0;0.0;0.0;0.0;0.0;0.0;0.0;0.0;0.0;0.0;0.0;92.0;0.0;0.0;0.0;0.0;0.0;0.0;0.0;0.134831460674;0.0;0.0;0.0;0.0;0.0;0.0;9.1;173.953636933;0.0;0.0;0.0;114.488701818;0.0;36.35;0.0;0.0;0.0;0.0;0.0;0.0;0.0;39.0;0.0;0.0;0.0;0.0;42.0;0.0;1500.0;7.6;0.0;0.0;226.538125798;0.0;0.0;0.0;0.0;33.2652614584;71.14;10.6;0.244382022472;0.0;0.0;0.0;21.6949152542;0.0;0.0;1.0;10.0;0.0;0.0;0.0;27.5207007536;1.0;1.77777777778;intermediate
0.0;0.0;1585.5861;0.0;1.0;0.0;0.0;131.0;0.0;0.0;0.0;0.0;0.0;0.95;0.0;0.0;1.0;39.0;14.0;9.0;0.0;0.0;0.0;135.587372779;21.9;0.0;0.0;0.0;0.0;6.0;0.0;5561;0.0;0.0;0.0;0.0;0.0;0.0;0.0;0.0;0.0;0.0;0.0;0.0;0.0;0.0;0.0;0.0;0.0;0.0;0.0;0.0;31.0;0.0;0.0;0.0;0.0;0.0;0.0;0.0;0.106870229008;0.0;0.0;0.0;0.0;0.0;0.0;11.7;157.863024704;0.0;0.0;0.0;118.823398188;0.0;-27.34;0.0;0.0;0.0;0.0;0.0;0.0;0.0;6.0;0.0;0.0;0.0;0.0;7.0;0.0;1500.0;9.4;0.0;0.0;233.751496581;0.0;0.0;0.0;0.0;14.7522613781;60.95;20.6;0.297709923664;0.0;0.0;0.0;14.4902535794;0.0;0.0;1.0;1.0;0.0;0.0;0.0;14.4587336034;1.0;1.77777777778;easy
0.0;0.0;1677.7215;0.0;0.996233521657;0.0;0.0;1261.0;0.0;0.0;0.0;0.0;0.0;8.55;0.0;0.0;0.0;344.0;1182.0;89.0;0.0;0.0;0.0;147.348315045;4.6;0.0;0.0;0.0;0.0;75.0;0.0;5622;0.0;0.0;0.0;0.0;0.0;0.0;0.0;0.0;0.0;0.0;0.0;0.0;0.0;0.0;0.0;0.0;0.0;0.0;0.0;0.0;111.0;0.0;0.0;0.0;0.0;0.0;0.0;0.0;0.937351308485;0.0;0.0;0.0;0.0;0.0;0.0;5.1;173.584004555;0.0;0.0;0.0;15.4141587762;0.0;89.95;0.0;0.0;0.0;0.0;0.0;0.0;0.0;435.0;0.0;0.0;0.0;0.0;94.0;0.0;1500.0;5.0;0.0;0.0;223.488319311;0.0;0.0;0.0;0.0;13.9307262001;83.25;2.4;0.272799365583;0.0;0.0;0.0;138.226752685;1.0;0.0;0.0;173.0;0.0;0.0;0.0;9.82660959551;0.0;1.77777777778;intermediate
0.0;0.0;1572.4527;0.0;0.984962406015;0.0;0.0;300.0;0.0;0.0;0.0;0.0;0.0;2.2;0.0;0.0;0.0;80.0;75.0;24.0;0.0;0.0;0.0;135.951661631;17.8;0.0;0.0;0.0;0.0;14.0;0.0;5624;0.0;1.0;0.0;0.0;0.0;0.0;0.0;0.0;0.0;0.0;0.0;0.0;0.0;0.0;0.0;0.0;0.0;0.0;0.0;0.0;47.0;0.0;0.0;0.0;0.0;0.0;0.0;0.0;0.25;0.0;0.0;0.0;0.0;0.0;0.0;9.6;135.962957648;0.0;0.0;0.0;35.5619606452;0.0;52.15;0.0;0.0;0.0;0.0;0.0;0.0;0.0;31.0;0.0;0.0;0.0;0.0;16.0;0.0;1500.0;8.3;0.0;0.0;183.936266433;0.0;0.0;0.0;0.0;17.0319791823;69.31;8.6;0.266666666667;0.0;0.0;0.0;33.9879154079;0.0;0.0;0.0;7.0;0.0;0.0;0.0;20.833281424;0.0;1.77777777778;easy
0.0;0.0;1677.7215;0.0;0.98985801217;0.0;0.0;1114.0;0.0;0.0;0.0;0.0;0.0;7.93333333333;0.0;0.0;0.0;376.0;212.0;78.0;0.0;0.0;0.0;138.515782404;33.4;0.0;0.0;0.0;0.0;135.0;0.0;1592;0.0;0.0;0.0;0.0;0.0;0.0;0.0;1.0;0.0;0.0;0.0;0.0;0.0;0.0;0.0;0.0;0.0;0.0;0.0;0.0;239.0;0.0;0.0;0.0;0.0;0.0;0.0;0.0;0.190305206463;0.0;0.0;0.0;0.0;0.0;0.0;12.7;151.241209105;0.0;0.0;0.0;45.6602403714;0.0;17.68;0.0;1.0;0.0;0.0;0.0;1.0;0.0;76.0;0.0;1.0;0.0;0.0;71.0;0.0;1500.0;11.8;0.0;0.0;235.870332393;0.0;0.0;0.0;0.0;20.8167443316;38.62;24.0;0.337522441652;0.0;0.0;0.0;26.6957689725;0.0;0.0;0.0;4.0;0.0;0.0;0.0;10.9734362127;0.0;1.77777777778;easy
0.0;0.0;1677.7215;0.0;0.997555012225;0.0;0.0;968.0;0.0;0.0;0.0;0.0;0.0;6.58333333333;0.0;0.0;0.0;299.0;141.0;52.0;0.0;0.0;0.0;146.504390071;32.1;0.0;0.0;0.0;0.0;138.0;0.0;1593;0.0;0.0;0.0;0.0;0.0;0.0;0.0;1.0;0.0;0.0;0.0;0.0;0.0;0.0;0.0;0.0;0.0;0.0;0.0;0.0;199.0;0.0;0.0;0.0;0.0;0.0;0.0;0.0;0.145661157025;0.0;0.0;0.0;0.0;0.0;0.0;13.3;163.797615175;0.0;0.0;0.0;45.3035885714;0.0;15.31;0.0;1.0;0.0;0.0;0.0;0.0;0.0;36.0;0.0;0.0;0.0;0.0;54.0;0.0;1500.0;12.6;0.0;0.0;235.624123177;0.0;0.0;0.0;0.0;25.229389624;36.39;22.8;0.308884297521;0.0;0.0;0.0;21.4063409327;0.0;0.0;0.0;3.0;0.0;0.0;0.0;13.3465611983;0.0;1.77777777778;intermediate
0.0;0.0;1677.7215;0.0;0.989417989418;0.0;0.0;806.0;0.0;0.0;0.0;0.0;0.0;6.28333333333;0.0;0.0;0.0;250.0;319.0;77.0;0.0;0.0;0.0;125.874125874;29.7;0.0;0.0;0.0;0.0;134.0;0.0;1597;0.0;0.0;0.0;0.0;0.0;0.0;0.0;1.0;0.0;0.0;0.0;0.0;0.0;0.0;0.0;0.0;0.0;0.0;0.0;0.0;217.0;0.0;0.0;0.0;0.0;0.0;0.0;0.0;0.395781637717;0.0;0.0;0.0;0.0;0.0;0.0;16.8;144.507967401;0.0;0.0;0.0;60.6868061169;0.0;34.4;0.0;1.0;0.0;0.0;0.0;0.0;0.0;109.0;0.0;0.0;0.0;0.0;42.0;0.0;1500.0;14.3;0.0;1.0;228.977483716;0.0;0.0;0.0;0.0;17.4393350736;26.61;21.7;0.31017369727;0.0;0.0;0.0;50.6993006993;0.0;0.0;0.0;6.0;0.0;0.0;0.0;11.1695019627;0.0;1.77777777778;easy
0.0;0.0;1677.7215;0.0;0.997536945813;1.0;0.0;1422.0;1.0;0.0;0.0;0.0;0.0;6.75;0.0;0.0;0.0;409.0;69.0;12.0;0.0;0.0;0.0;210.253754531;26.8;0.0;0.0;0.0;0.0;107.0;0.0;5696;1.0;0.0;0.0;0.0;0.0;0.0;0.0;0.0;0.0;0.0;0.0;0.0;0.0;0.0;0.0;0.0;0.0;0.0;0.0;0.0;95.0;0.0;1.0;0.0;0.0;0.0;0.0;0.0;0.0485232067511;0.0;0.0;0.0;0.0;0.0;0.0;6.4;213.72667068;0.0;0.0;0.0;37.838829194;0.0;74.39;0.0;0.0;0.0;0.0;0.0;0.0;0.0;21.0;0.0;0.0;0.0;0.0;83.0;0.0;1500.0;6.4;0.0;0.0;226.256178845;0.0;0.0;0.0;0.0;43.5576847134;79.5;6.3;0.287623066104;0.0;0.0;0.0;10.2093659836;0.0;0.0;0.0;5.0;0.0;0.0;0.0;29.8233783943;0.0;1.77777777778;easy
0.0;0.0;1677.7215;0.0;0.997619047619;0.0;1.0;1409.0;1.0;0.0;0.0;0.0;0.0;6.98333333333;0.0;0.0;0.0;347.0;83.0;24.0;0.0;0.0;0.0;201.883867891;19.1;0.0;0.0;0.0;1.0;65.0;0.0;5702;0.0;0.0;0.0;0.0;0.0;0.0;0.0;0.0;0.0;0.0;0.0;0.0;0.0;0.0;0.0;0.0;0.0;0.0;0.0;0.0;98.0;0.0;0.0;0.0;0.0;0.0;0.0;0.0;0.0589070262598;0.0;0.0;0.0;0.0;0.0;1.0;7.6;209.129516926;0.0;0.0;0.0;37.4934224399;0.0;-7.41;0.0;0.0;0.0;0.0;1.0;0.0;0.0;9.0;0.0;0.0;0.0;0.0;73.0;0.0;1500.0;7.3;0.0;0.0;220.744556401;0.0;0.0;0.0;0.0;33.7520510345;77.27;21.2;0.246273953158;0.0;0.0;0.0;11.8755216406;0.0;0.0;0.0;3.0;0.0;1.0;0.0;25.4985422959;0.0;1.77777777778;intermediate
0.0;0.0;1677.7215;0.0;0.996323529412;0.0;0.0;825.0;0.0;0.0;0.0;0.0;0.0;4.51666666667;0.0;0.0;0.0;285.0;53.0;19.0;0.0;0.0;0.0;182.360742706;14.8;0.0;0.0;0.0;0.0;115.0;0.0;5708;0.0;0.0;0.0;0.0;0.0;0.0;0.0;0.0;0.0;0.0;0.0;0.0;0.0;0.0;0.0;0.0;0.0;0.0;0.0;0.0;71.0;0.0;0.0;0.0;0.0;0.0;0.0;0.0;0.0642424242424;0.0;0.0;0.0;0.0;0.0;0.0;5.9;186.961776703;0.0;0.0;0.0;32.0074195985;0.0;87.92;0.0;0.0;0.0;0.0;0.0;0.0;0.0;24.0;0.0;0.0;0.0;0.0;62.0;0.0;1500.0;4.9;0.0;0.0;226.27033674;0.0;0.0;0.0;0.0;39.9196856767;83.36;3.2;0.345454545455;0.0;0.0;0.0;11.7152961981;1.0;0.0;0.0;6.0;0.0;0.0;0.0;27.5781697928;0.0;1.77777777778;intermediate
0.0;0.0;1664.5629;0.0;0.996805111821;0.0;0.0;707.0;0.0;0.0;0.0;0.0;0.0;5.03333333333;0.0;0.0;0.0;190.0;120.0;15.0;0.0;0.0;0.0;141.026914291;9.6;0.0;0.0;0.0;0.0;37.0;0.0;5727;0.0;0.0;0.0;0.0;0.0;0.0;0.0;0.0;0.0;0.0;0.0;0.0;0.0;0.0;0.0;0.0;0.0;0.0;0.0;0.0;43.0;0.0;0.0;0.0;0.0;0.0;0.0;0.0;0.16973125884;0.0;0.0;0.0;0.0;0.0;0.0;3.4;167.388190229;0.0;0.0;0.0;35.1730383917;0.0;90.05;0.0;0.0;0.0;0.0;0.0;0.0;0.0;63.0;0.0;0.0;0.0;0.0;49.0;0.0;1500.0;4.2;0.0;0.0;199.246652701;0.0;0.0;0.0;0.0;17.3025054505;90.7;2.4;0.26874115983;0.0;0.0;0.0;23.8355348098;1.0;0.0;0.0;18.0;0.0;0.0;0.0;8.30509446614;0.0;1.77777777778;easy
0.0;0.0;1677.7215;0.0;1.0;0.0;0.0;1398.0;0.0;0.0;0.0;0.0;1.0;7.7;0.0;0.0;0.0;399.0;77.0;37.0;0.0;0.0;0.0;181.059639869;48.9;0.0;0.0;0.0;0.0;122.0;0.0;1663;0.0;0.0;0.0;0.0;0.0;0.0;0.0;1.0;0.0;0.0;0.0;0.0;0.0;0.0;0.0;0.0;0.0;0.0;0.0;0.0;199.0;0.0;0.0;0.0;0.0;0.0;0.0;0.0;0.055078683834;0.0;0.0;0.0;0.0;0.0;0.0;9.7;181.723903766;0.0;0.0;0.0;24.3916230285;0.0;-32.07;0.0;1.0;0.0;0.0;0.0;0.0;0.0;30.0;0.0;0.0;0.0;0.0;75.0;0.0;1500.0;8.2;0.0;0.0;182.54811011;0.0;0.0;0.0;0.0;9.88342564587;69.52;36.9;0.285407725322;0.0;0.0;0.0;9.98681394695;0.0;0.0;0.0;1.0;0.0;0.0;0.0;17.7742294825;0.0;1.77777777778;intermediate
0.0;0.0;1677.7215;0.0;0.994565217391;0.0;0.0;835.0;0.0;0.0;0.0;0.0;0.0;6.11666666667;0.0;0.0;0.0;370.0;312.0;70.0;0.0;0.0;0.0;135.451232117;22.9;0.0;0.0;0.0;0.0;162.0;0.0;1753;0.0;0.0;0.0;0.0;0.0;0.0;0.0;0.0;0.0;0.0;0.0;0.0;0.0;0.0;0.0;0.0;0.0;0.0;0.0;0.0;157.0;0.0;0.0;0.0;0.0;0.0;0.0;0.0;0.373652694611;0.0;0.0;0.0;0.0;0.0;0.0;10.4;156.457648046;0.0;0.0;0.0;35.4463289375;0.0;23.43;0.0;1.0;0.0;0.0;0.0;0.0;0.0;113.0;0.0;0.0;0.0;0.0;54.0;0.0;1500.0;9.3;0.0;0.0;235.892510756;0.0;0.0;0.0;0.0;21.0823447408;55.74;19.7;0.443113772455;0.0;0.0;0.0;50.9166077354;0.0;0.0;0.0;8.0;0.0;0.0;0.0;12.4359942905;0.0;1.77777777778;intermediate
0.0;0.0;1658.0088;0.0;1.0;0.0;0.0;1713.0;0.0;0.0;0.0;0.0;0.0;9.25;0.0;0.0;0.0;467.0;160.0;37.0;0.0;0.0;0.0;185.290620158;10.9;0.0;0.0;0.0;1.0;115.0;0.0;3857;0.0;0.0;0.0;0.0;0.0;0.0;0.0;0.0;0.0;0.0;0.0;0.0;0.0;0.0;0.0;0.0;0.0;0.0;0.0;0.0;113.0;0.0;0.0;0.0;0.0;0.0;0.0;0.0;0.0934033858727;0.0;0.0;0.0;0.0;0.0;0.0;6.8;195.666940012;0.0;0.0;0.0;30.515675589;0.0;78.85;0.0;0.0;0.0;0.0;0.0;0.0;0.0;57.0;0.0;0.0;0.0;0.0;115.0;0.0;1404.0;5.6;0.0;0.0;197.683012264;0.0;0.0;0.0;0.0;41.4403137707;81.73;4.6;0.272621132516;0.0;0.0;0.0;17.2966739937;0.0;0.0;0.0;17.0;0.0;0.0;0.0;26.2572637509;0.0;1.6;easy
0.0;0.0;1664.5881;1.0;1.0;0.0;0.0;21.0;0.0;0.0;0.0;0.0;0.0;0.283333333333;0.0;0.0;0.0;11.0;21.0;10.0;0.0;0.0;1.0;74.7028862479;16.7;0.0;0.0;0.0;0.0;4.0;0.0;3884;0.0;0.0;0.0;0.0;0.0;0.0;0.0;0.0;0.0;1.0;0.0;0.0;0.0;0.0;0.0;0.0;0.0;0.0;0.0;0.0;9.0;0.0;0.0;0.0;0.0;0.0;0.0;0.0;1.0;0.0;0.0;0.0;0.0;0.0;0.0;14.2;106.62358643;0.0;0.0;0.0;34.9158972051;0.0;58.62;0.0;0.0;0.0;0.0;0.0;0.0;0.0;8.0;0.0;0.0;0.0;0.0;1.0;0.0;1404.0;12.7;0.0;0.0;112.347567182;0.0;0.0;0.0;0.0;38.5415177006;41.7;10.3;0.52380952381;0.0;0.0;0.0;71.3073005093;0.0;0.0;1.0;1.0;0.0;0.0;0.0;98.8892006268;1.0;1.6;intermediate
0.0;0.0;1658.0088;0.0;0.991967871486;0.0;0.0;663.0;0.0;0.0;0.0;0.0;0.0;4.13333333333;0.0;0.0;0.0;188.0;234.0;37.0;0.0;0.0;0.0;158.988402062;10.7;0.0;0.0;0.0;0.0;52.0;0.0;3892;0.0;0.0;0.0;0.0;0.0;0.0;0.0;0.0;0.0;1.0;0.0;0.0;0.0;0.0;0.0;0.0;0.0;0.0;0.0;0.0;66.0;0.0;0.0;0.0;0.0;0.0;0.0;0.0;0.352941176471;0.0;0.0;0.0;0.0;0.0;0.0;8.6;181.455504794;0.0;0.0;0.0;30.8767971492;0.0;79.9;0.0;0.0;0.0;0.0;0.0;0.0;0.0;49.0;0.0;0.0;0.0;0.0;40.0;0.0;1404.0;7.4;0.0;0.0;199.10445947;0.0;0.0;0.0;0.0;53.2086928025;71.55;6.3;0.283559577677;0.0;0.0;0.0;56.5399484536;0.0;0.0;1.0;14.0;0.0;0.0;0.0;32.1184139938;1.0;1.6;easy
0.0;0.0;0.0;0.0;1.0;0.0;0.0;854.0;0.0;0.0;0.0;0.0;0.0;4.66666666667;0.0;0.0;0.0;280.0;56.0;17.0;0.0;0.0;0.0;185.08612389;11.1;1.0;0.0;0.0;0.0;68.0;0.0;3897;0.0;0.0;0.0;0.0;0.0;0.0;0.0;0.0;0.0;0.0;0.0;0.0;0.0;0.0;0.0;0.0;0.0;0.0;0.0;0.0;70.0;0.0;0.0;0.0;0.0;0.0;0.0;0.0;0.0655737704918;0.0;0.0;0.0;0.0;0.0;0.0;6.1;191.154254603;0.0;0.0;0.0;59.5499539142;0.0;62.04;0.0;0.0;0.0;0.0;0.0;0.0;0.0;21.0;0.0;0.0;0.0;0.0;65.0;0.0;1404.0;4.9;0.0;0.0;69.4743134959;0.0;0.0;0.0;0.0;27.1766836798;83.56;6.9;0.327868852459;0.0;0.0;0.0;11.9824542634;0.0;0.0;0.0;6.0;0.0;0.0;0.0;48.6754091199;0.0;1.6;intermediate
0.0;0.0;1658.0088;1.0;0.996875;0.0;0.0;896.0;0.0;0.0;0.0;0.0;0.0;5.15;0.0;0.0;0.0;273.0;239.0;66.0;0.0;0.0;0.0;174.112775387;11.6;0.0;0.0;0.0;0.0;68.0;0.0;3904;0.0;0.0;0.0;0.0;0.0;0.0;0.0;0.0;0.0;1.0;0.0;0.0;0.0;0.0;0.0;0.0;0.0;0.0;0.0;0.0;106.0;0.0;0.0;0.0;0.0;0.0;0.0;0.0;0.266741071429;0.0;0.0;0.0;0.0;0.0;0.0;8.8;194.458896982;0.0;0.0;0.0;32.8872850223;0.0;53.98;0.0;0.0;0.0;0.0;0.0;0.0;0.0;84.0;0.0;0.0;0.0;0.0;53.0;0.0;1404.0;7.5;0.0;0.0;200.027978429;0.0;0.0;0.0;0.0;38.952742524;71.24;7.9;0.3046875;0.0;0.0;0.0;46.391252305;0.0;0.0;0.0;27.0;0.0;0.0;0.0;26.327653102;0.0;1.6;intermediate
0.0;0.0;1677.7215;0.0;0.994444444444;0.0;0.0;890.0;0.0;0.0;0.0;0.0;0.0;5.98333333333;0.0;0.0;0.0;232.0;158.0;46.0;0.0;0.0;0.0;147.550560547;10.9;0.0;0.0;0.0;1.0;53.0;0.0;5314;0.0;0.0;0.0;0.0;0.0;0.0;0.0;0.0;0.0;0.0;0.0;0.0;0.0;0.0;0.0;0.0;0.0;0.0;0.0;0.0;99.0;0.0;0.0;0.0;0.0;0.0;0.0;0.0;0.177528089888;0.0;0.0;0.0;0.0;0.0;0.0;7.7;147.572318505;0.0;0.0;0.0;21.3822420803;0.0;66.54;0.0;0.0;0.0;0.0;0.0;0.0;0.0;51.0;0.0;0.0;0.0;0.0;53.0;0.0;1500.0;7.5;0.0;0.0;242.534963815;0.0;0.0;0.0;0.0;23.0852359604;71.34;7.3;0.260674157303;0.0;0.0;0.0;26.3721590119;0.0;0.0;0.0;12.0;0.0;0.0;0.0;10.3147595111;1.0;1.77777777778;easy
