programming:DoWhileLoop;programming:Headers;VIDEO_DOMINANT_COLOR;programming:datawarehouse;VIDEO_AVERAGE_BRIGHTNESS;programming:PrimitiveType;programming:Array;WORD_AMOUNT;programming:ArithmeticOperator;programming:EqualityOperator;programming:Return;programming:ControlFlow;programming:machine-learning;VIDEO_DURATION;programming:Character;programming:Statement;programming:Encapsulation;UNCOMMON WORDS AMOUNT;VIDEO_WORDS_COUNT;VIDEO_DIFFICULT_WORDS;programming:iot;programming:Import;programming:Polymorphism;WORDS_PER_MINUTE_WHOLE;AUTOMATED_VIDEO_READABILITY_INDEX;programming:ExceptionHandling;programming:Break;programming:Process;programming:VariableDeclaration;NOUN_PHRASES_AMOUNT;programming:CallByValue;VIDEOID;programming:MemoryManagement;programming:If;programming:Method;programming:LambdaExpression;programming:Operator;programming:Synchronization;programming:encoding;programming:Interface;programming:ClassAttribute;programming:Inheritance;programming:Instantiation;programming:This;programming:GenericType;programming:Null;programming:Structure;programming:Attribute;programming:Composition;programming:Scope;programming:CallByReference;programming:Assertion;DIFFICULT_WORDS_AMOUNT;programming:MapReduce;programming:Parameter;programming:InstanceAttribute;programming:ShortCircuitEvaluation;programming:Expression;programming:Equality;programming:VariableInitialization;SPEECH_DISPLAY_WORDS_RATIO;programming:Generics;programming:EnhancedForLoop;programming:BinaryOperator;programming:Initialization;programming:AnonymousClass;programming:Assignment;AUTOMATED_READABILITY_INDEX;WORDS_PER_MINUTE;programming:Stack;programming:WhileLoop;programming:list;VIDEO_AVERAGE_HUE;programming:Modifier;EASY_VIDEO_READ;programming:sorting;programming:database;programming:Enum;programming:Boolean;programming:Comment;programming:Concurrency;programming:String;VIDEO_NOUN_PHRASES;programming:CheckedException;programming:entity;programming:Graph;programming:Loop;PHRASES_AMOUNT;programming:Package;VIDEO_SIZE;FLESCH_KINCAID_GRADE;programming:repository;programming:Artificial Intelligence;VIDEO_AVERAGE_LIGHT_EXPOSURE;programming:Constructor;programming:git;programming:bitmap;VIDEO_ASPECT_RATIO;VIDEO_AVERAGE_COLORFULNESS;FLESCH_READING_EASE;FLESCH_KINCAID_VIDEO_GRADE;UNCOMMON WORDS RATIO;programming:Pointer;math:vector;programming:AbstractMethod;WORDS_PER_MINUTE_WHOLE_VIDEO;programming:ForLoop;programming:BitwiseOperator;programming:Object;VIDEO_PHRASES_COUNT;programming:Condition;programming:Casting;programming:ConditionalOperator;VIDEO_AVERAGE_SATURATION;programming:Class;programming:RelationalOperator;score
0.0;0.0;1664.5629;0.0;0.99794661191;0.0;0.0;1142.0;1.0;0.0;0.0;0.0;0.0;7.85;0.0;0.0;0.0;287.0;237.0;76.0;0.0;0.0;0.0;143.53945106;16.7;0.0;0.0;0.0;0.0;90.0;1.0;4608;0.0;0.0;1.0;0.0;0.0;0.0;0.0;0.0;0.0;0.0;0.0;1.0;0.0;0.0;0.0;0.0;0.0;0.0;1.0;0.0;104.0;0.0;0.0;0.0;0.0;0.0;0.0;0.0;0.207530647986;0.0;0.0;0.0;0.0;0.0;0.0;7.9;152.294896252;0.0;0.0;0.0;15.3031615007;0.0;60.01;0.0;0.0;0.0;0.0;0.0;0.0;0.0;85.0;0.0;0.0;0.0;0.0;61.0;0.0;1500.0;7.0;0.0;0.0;215.132879615;0.0;0.0;0.0;1.77777777778;17.2217870305;77.87;7.7;0.251313485114;0.0;0.0;0.0;30.185314908;0.0;0.0;1.0;21.0;0.0;0.0;0.0;16.0853043047;1.0;0.0;intermediate
0.0;0.0;0.0;0.0;1.0;0.0;0.0;654.0;1.0;0.0;0.0;0.0;0.0;4.7;0.0;0.0;0.0;264.0;295.0;12.0;0.0;0.0;0.0;139.633585626;8.9;0.0;0.0;0.0;0.0;38.0;0.0;8;0.0;0.0;0.0;0.0;1.0;0.0;0.0;0.0;0.0;0.0;0.0;0.0;0.0;0.0;0.0;0.0;0.0;0.0;0.0;0.0;52.0;0.0;0.0;0.0;0.0;0.0;1.0;0.0;0.451070336391;1.0;0.0;0.0;0.0;0.0;0.0;6.5;145.302302672;0.0;0.0;0.0;26.9432990201;0.0;97.27;0.0;0.0;0.0;0.0;0.0;0.0;0.0;80.0;0.0;0.0;0.0;0.0;32.0;0.0;1500.0;7.7;0.0;0.0;144.454870845;0.0;0.0;0.0;1.77777777778;27.9770187807;76.15;5.8;0.403669724771;0.0;0.0;0.0;62.6016835255;0.0;0.0;0.0;12.0;1.0;0.0;0.0;69.9937447242;0.0;0.0;easy
1.0;0.0;1677.7215;0.0;1.0;0.0;1.0;1130.0;0.0;0.0;1.0;1.0;0.0;7.46666666667;0.0;0.0;0.0;311.0;100.0;20.0;0.0;0.0;0.0;151.110912822;14.1;0.0;0.0;0.0;0.0;94.0;1.0;5166;0.0;1.0;0.0;0.0;0.0;0.0;0.0;0.0;0.0;0.0;0.0;0.0;0.0;0.0;0.0;1.0;0.0;0.0;0.0;0.0;124.0;0.0;0.0;0.0;0.0;0.0;0.0;0.0;0.0884955752212;0.0;0.0;0.0;0.0;0.0;0.0;8.6;151.789963276;0.0;0.0;0.0;17.6319348576;0.0;84.17;0.0;0.0;0.0;0.0;0.0;0.0;0.0;27.0;0.0;0.0;0.0;1.0;53.0;0.0;1500.0;8.1;0.0;0.0;183.817616398;0.0;0.0;0.0;1.77777777778;18.9441945133;75.24;4.6;0.275221238938;0.0;0.0;0.0;13.3844918355;0.0;0.0;0.0;8.0;1.0;0.0;0.0;19.9517396033;1.0;0.0;easy
0.0;0.0;1677.7215;1.0;0.983193277311;0.0;0.0;746.0;0.0;0.0;0.0;0.0;0.0;5.95;0.0;0.0;0.0;240.0;159.0;57.0;0.0;0.0;0.0;125.223813787;87.6;0.0;0.0;0.0;0.0;90.0;0.0;1590;0.0;0.0;0.0;0.0;0.0;0.0;0.0;0.0;0.0;0.0;0.0;0.0;0.0;0.0;0.0;0.0;0.0;0.0;0.0;0.0;156.0;0.0;0.0;0.0;0.0;0.0;0.0;0.0;0.213136729223;0.0;0.0;0.0;0.0;0.0;0.0;15.3;155.378361584;0.0;0.0;0.0;50.5427203505;0.0;-98.38;0.0;1.0;0.0;0.0;0.0;0.0;0.0;38.0;0.0;0.0;0.0;0.0;45.0;0.0;1500.0;12.1;0.0;0.0;232.360549547;0.0;0.0;0.0;1.77777777778;25.5331360173;37.71;66.5;0.321715817694;0.0;0.0;0.0;26.6897940913;0.0;0.0;0.0;1.0;0.0;0.0;0.0;18.5912224211;0.0;0.0;easy
0.0;0.0;1677.7215;0.0;0.992248062016;0.0;0.0;891.0;0.0;0.0;0.0;0.0;0.0;6.43333333333;0.0;1.0;0.0;300.0;313.0;116.0;0.0;0.0;0.0;134.777438867;37.3;0.0;0.0;0.0;0.0;132.0;0.0;1595;0.0;0.0;0.0;0.0;0.0;0.0;0.0;1.0;0.0;0.0;0.0;0.0;0.0;0.0;0.0;1.0;0.0;0.0;0.0;0.0;197.0;0.0;0.0;0.0;0.0;0.0;0.0;0.0;0.351290684624;0.0;0.0;0.0;0.0;0.0;0.0;12.1;151.546859196;0.0;0.0;0.0;51.9078846959;0.0;7.94;0.0;1.0;0.0;0.0;0.0;0.0;0.0;122.0;0.0;0.0;0.0;0.0;52.0;0.0;1500.0;11.1;0.0;0.0;234.599480009;0.0;0.0;0.0;1.77777777778;14.8730469339;45.66;27.7;0.3367003367;0.0;0.0;0.0;48.5446931707;1.0;0.0;0.0;5.0;0.0;0.0;0.0;8.99796763845;0.0;1.0;intermediate
0.0;0.0;1677.7215;1.0;0.989417989418;0.0;0.0;806.0;0.0;0.0;0.0;0.0;0.0;6.28333333333;0.0;0.0;0.0;250.0;319.0;77.0;0.0;0.0;0.0;125.874125874;29.7;0.0;0.0;0.0;0.0;134.0;0.0;1597;0.0;0.0;0.0;0.0;0.0;0.0;0.0;0.0;0.0;0.0;0.0;0.0;0.0;0.0;0.0;0.0;0.0;0.0;0.0;0.0;217.0;0.0;0.0;0.0;0.0;0.0;0.0;0.0;0.395781637717;0.0;0.0;0.0;0.0;0.0;0.0;16.8;144.507967401;0.0;0.0;0.0;60.6868061169;0.0;34.4;0.0;1.0;0.0;0.0;0.0;0.0;0.0;109.0;0.0;0.0;0.0;0.0;42.0;0.0;1500.0;14.3;0.0;1.0;228.977483716;0.0;0.0;0.0;1.77777777778;17.4393350736;26.61;21.7;0.31017369727;0.0;0.0;0.0;50.6993006993;0.0;0.0;0.0;6.0;0.0;0.0;0.0;11.1695019627;0.0;0.0;intermediate
0.0;0.0;1677.7215;0.0;1.0;0.0;0.0;998.0;0.0;0.0;0.0;0.0;1.0;5.71666666667;0.0;0.0;0.0;267.0;40.0;11.0;0.0;0.0;0.0;173.556602128;8.6;0.0;0.0;0.0;0.0;67.0;0.0;5234;0.0;0.0;0.0;0.0;0.0;0.0;0.0;0.0;0.0;0.0;0.0;0.0;0.0;0.0;0.0;0.0;0.0;0.0;0.0;0.0;124.0;0.0;0.0;0.0;0.0;0.0;0.0;0.0;0.0400801603206;0.0;0.0;0.0;0.0;0.0;0.0;9.5;173.844675461;0.0;0.0;0.0;32.7657003536;0.0;80.28;0.0;0.0;0.0;0.0;0.0;0.0;0.0;17.0;0.0;0.0;0.0;0.0;51.0;0.0;1404.0;8.6;0.0;0.0;190.152293749;0.0;0.0;0.0;1.6;14.1781579043;68.5;4.1;0.26753507014;0.0;0.0;0.0;6.97714983429;0.0;0.0;0.0;5.0;0.0;0.0;0.0;16.1281936743;0.0;0.0;easy
0.0;0.0;1677.7215;0.0;1.0;0.0;0.0;800.0;0.0;0.0;0.0;0.0;0.0;4.93333333333;0.0;0.0;0.0;198.0;119.0;13.0;0.0;0.0;0.0;161.041238156;12.9;0.0;0.0;0.0;0.0;62.0;0.0;5252;0.0;0.0;0.0;0.0;0.0;0.0;0.0;0.0;0.0;0.0;0.0;0.0;0.0;0.0;0.0;0.0;0.0;0.0;0.0;0.0;112.0;0.0;0.0;0.0;0.0;0.0;0.0;0.0;0.14875;0.0;0.0;0.0;0.0;0.0;0.0;10.9;167.719596434;0.0;0.0;0.0;46.1244056362;0.0;68.3;0.0;0.0;0.0;0.0;0.0;0.0;0.0;46.0;0.0;0.0;0.0;0.0;37.0;0.0;1404.0;9.4;0.0;0.0;123.79968106;0.0;0.0;0.0;1.6;27.5046194935;66.47;8.7;0.2475;0.0;0.0;0.0;24.0752604781;0.0;0.0;0.0;6.0;0.0;0.0;0.0;41.342277268;0.0;0.0;easy
0.0;0.0;0.0;0.0;0.984472049689;0.0;0.0;871.0;0.0;0.0;0.0;0.0;0.0;5.18333333333;0.0;0.0;0.0;272.0;117.0;10.0;1.0;0.0;0.0;168.251316973;2.5;0.0;0.0;0.0;0.0;61.0;0.0;3210;0.0;0.0;0.0;0.0;0.0;0.0;0.0;0.0;0.0;0.0;0.0;0.0;0.0;0.0;0.0;0.0;0.0;0.0;0.0;0.0;97.0;0.0;0.0;0.0;0.0;0.0;0.0;0.0;0.134328358209;0.0;0.0;0.0;0.0;0.0;0.0;4.5;187.350446916;0.0;0.0;0.0;34.9724205211;0.0;109.04;0.0;0.0;0.0;0.0;0.0;0.0;0.0;46.0;0.0;0.0;0.0;0.0;73.0;0.0;1500.0;4.4;0.0;0.0;98.2594394062;0.0;0.0;0.0;1.77777777778;29.8767266645;84.78;1.3;0.312284730195;0.0;0.0;0.0;22.5491455737;0.0;0.0;0.0;9.0;0.0;0.0;0.0;81.3368836626;0.0;0.0;easy
0.0;0.0;1677.7215;0.0;1.0;0.0;0.0;774.0;1.0;0.0;0.0;0.0;0.0;4.73333333333;0.0;0.0;0.0;168.0;69.0;13.0;0.0;0.0;0.0;162.156470464;21.4;0.0;0.0;0.0;0.0;53.0;0.0;5267;0.0;0.0;0.0;0.0;0.0;0.0;0.0;0.0;0.0;0.0;0.0;0.0;0.0;0.0;0.0;0.0;0.0;0.0;0.0;0.0;73.0;0.0;0.0;0.0;0.0;0.0;0.0;0.0;0.0891472868217;0.0;0.0;0.0;0.0;0.0;0.0;8.5;165.070744605;0.0;0.0;0.0;13.0066048164;0.0;78.35;0.0;0.0;0.0;0.0;0.0;0.0;0.0;25.0;0.0;0.0;0.0;0.0;41.0;0.0;1500.0;7.1;0.0;0.0;235.693483844;0.0;0.0;0.0;1.77777777778;8.69221048658;77.67;4.8;0.217054263566;0.0;0.0;0.0;14.5309044962;0.0;0.0;0.0;7.0;0.0;0.0;0.0;8.18917052469;0.0;0.0;intermediate
0.0;0.0;1677.7215;0.0;1.0;0.0;0.0;1302.0;0.0;0.0;0.0;0.0;1.0;7.95;0.0;0.0;0.0;399.0;152.0;28.0;0.0;0.0;0.0;163.337102651;14.6;0.0;0.0;0.0;0.0;93.0;0.0;5272;0.0;0.0;0.0;0.0;0.0;0.0;0.0;0.0;0.0;0.0;0.0;0.0;0.0;0.0;0.0;0.0;0.0;0.0;0.0;0.0;113.0;0.0;0.0;0.0;0.0;0.0;0.0;0.0;0.116743471582;0.0;0.0;0.0;0.0;0.0;0.0;9.5;164.393955361;0.0;0.0;0.0;23.1750292419;0.0;49.45;0.0;0.0;0.0;0.0;0.0;0.0;0.0;37.0;0.0;0.0;0.0;0.0;65.0;0.0;1500.0;8.7;0.0;0.0;214.340168982;0.0;0.0;0.0;1.77777777778;21.9565947542;68.1;11.8;0.306451612903;0.0;0.0;0.0;19.0978766177;0.0;0.0;0.0;7.0;0.0;0.0;0.0;21.15851098;0.0;0.0;easy
0.0;0.0;1585.5861;0.0;1.0;0.0;1.0;714.0;0.0;0.0;0.0;0.0;0.0;4.61666666667;0.0;0.0;0.0;239.0;91.0;21.0;0.0;0.0;0.0;153.984984118;14.4;0.0;0.0;0.0;0.0;48.0;0.0;3262;0.0;0.0;1.0;0.0;0.0;0.0;0.0;1.0;0.0;0.0;0.0;0.0;0.0;0.0;0.0;0.0;0.0;0.0;0.0;0.0;98.0;0.0;0.0;0.0;0.0;0.0;0.0;0.0;0.127450980392;1.0;0.0;0.0;0.0;0.0;0.0;7.5;168.715963156;0.0;0.0;0.0;111.643538703;0.0;53.0;1.0;0.0;0.0;0.0;0.0;0.0;1.0;22.0;0.0;0.0;0.0;0.0;50.0;0.0;1500.0;6.5;0.0;0.0;230.540823413;0.0;0.0;0.0;1.77777777778;27.8246790565;73.88;10.4;0.334733893557;0.0;0.0;0.0;19.7083453653;0.0;0.0;0.0;5.0;0.0;0.0;0.0;23.216996232;1.0;0.0;easy
0.0;0.0;1605.324;0.0;1.0;0.0;0.0;829.0;0.0;1.0;0.0;0.0;0.0;5.31666666667;0.0;0.0;0.0;263.0;258.0;59.0;0.0;0.0;0.0;156.214795344;15.1;0.0;0.0;0.0;0.0;63.0;1.0;3267;0.0;1.0;1.0;0.0;0.0;0.0;0.0;1.0;0.0;0.0;0.0;0.0;1.0;0.0;0.0;1.0;0.0;0.0;0.0;0.0;108.0;0.0;0.0;0.0;0.0;0.0;1.0;0.0;0.311218335344;1.0;0.0;1.0;0.0;0.0;0.0;7.5;162.306970172;0.0;0.0;0.0;103.139302077;0.0;56.32;0.0;0.0;0.0;0.0;0.0;0.0;0.0;106.0;0.0;0.0;0.0;0.0;67.0;0.0;1500.0;6.9;0.0;0.0;213.267886803;0.0;0.0;0.0;1.77777777778;36.2156536957;67.35;7.0;0.317249698432;0.0;0.0;0.0;48.4416072099;0.0;0.0;1.0;39.0;0.0;0.0;0.0;41.643800727;1.0;1.0;easy
0.0;0.0;1585.5861;0.0;1.0;0.0;0.0;797.0;0.0;0.0;0.0;0.0;0.0;5.16666666667;0.0;0.0;0.0;242.0;220.0;42.0;0.0;0.0;0.0;154.441648926;10.9;0.0;0.0;0.0;0.0;68.0;0.0;3282;0.0;1.0;1.0;0.0;0.0;0.0;0.0;0.0;0.0;0.0;0.0;0.0;0.0;0.0;0.0;0.0;0.0;0.0;0.0;0.0;109.0;0.0;0.0;0.0;0.0;0.0;0.0;0.0;0.276035131744;0.0;0.0;0.0;0.0;0.0;0.0;6.6;163.991769547;0.0;0.0;0.0;120.011812743;0.0;74.39;0.0;0.0;0.0;1.0;0.0;0.0;0.0;51.0;0.0;0.0;0.0;0.0;63.0;0.0;1500.0;4.7;0.0;0.0;224.420401709;0.0;0.0;0.0;1.77777777778;54.6400162364;83.96;6.3;0.303638644918;0.0;0.0;0.0;42.5778982001;0.0;0.0;0.0;16.0;0.0;0.0;0.0;37.9211964924;0.0;0.0;easy
0.0;0.0;1677.7215;0.0;1.0;0.0;0.0;560.0;0.0;0.0;0.0;0.0;0.0;5.36666666667;0.0;0.0;0.0;198.0;207.0;23.0;0.0;0.0;0.0;104.025804851;8.0;0.0;0.0;0.0;1.0;54.0;0.0;730;0.0;0.0;0.0;0.0;0.0;0.0;0.0;0.0;0.0;0.0;0.0;0.0;0.0;0.0;0.0;0.0;0.0;0.0;0.0;0.0;87.0;0.0;0.0;0.0;0.0;0.0;0.0;0.0;0.369642857143;0.0;0.0;0.0;0.0;0.0;0.0;7.0;117.515977127;0.0;0.0;0.0;17.7897063721;0.0;81.83;0.0;0.0;0.0;0.0;0.0;0.0;0.0;62.0;0.0;0.0;0.0;0.0;36.0;0.0;1500.0;7.0;0.0;0.0;213.385235787;0.0;0.0;0.0;1.77777777778;14.6637633581;72.56;5.5;0.353571428571;1.0;0.0;0.0;38.5211835494;0.0;0.0;0.0;14.0;0.0;0.0;0.0;16.7298689884;0.0;0.0;intermediate
0.0;0.0;1677.7215;0.0;1.0;0.0;0.0;440.0;0.0;0.0;0.0;0.0;0.0;4.06666666667;0.0;0.0;0.0;150.0;360.0;42.0;0.0;0.0;0.0;107.935729179;9.8;0.0;0.0;0.0;0.0;40.0;0.0;731;0.0;0.0;0.0;0.0;0.0;0.0;0.0;0.0;0.0;0.0;0.0;0.0;0.0;0.0;0.0;0.0;0.0;0.0;0.0;0.0;74.0;0.0;0.0;0.0;0.0;0.0;0.0;0.0;0.818181818182;0.0;0.0;0.0;0.0;0.0;0.0;8.2;120.708890393;0.0;0.0;0.0;14.5820869866;0.0;69.21;0.0;0.0;1.0;0.0;0.0;0.0;0.0;110.0;0.0;0.0;0.0;0.0;27.0;0.0;1500.0;8.5;0.0;0.0;225.988853245;0.0;0.0;0.0;1.77777777778;14.8461653082;63.39;8.3;0.340909090909;0.0;0.0;0.0;88.3110511468;0.0;0.0;0.0;19.0;0.0;0.0;0.0;12.515369646;0.0;0.0;intermediate
0.0;0.0;1677.7215;0.0;0.996197718631;0.0;0.0;635.0;0.0;0.0;0.0;0.0;0.0;4.36666666667;0.0;0.0;0.0;209.0;166.0;66.0;0.0;0.0;0.0;144.649783253;57.0;0.0;0.0;0.0;0.0;77.0;0.0;1744;0.0;0.0;0.0;0.0;0.0;0.0;0.0;0.0;0.0;0.0;0.0;0.0;0.0;0.0;0.0;0.0;0.0;0.0;0.0;0.0;127.0;0.0;0.0;0.0;0.0;0.0;0.0;0.0;0.261417322835;0.0;0.0;0.0;0.0;0.0;0.0;12.0;164.066644527;0.0;0.0;0.0;18.6646738282;0.0;-63.54;0.0;0.0;0.0;0.0;0.0;0.0;0.0;63.0;0.0;0.0;0.0;0.0;37.0;0.0;1500.0;10.0;0.0;0.0;235.452108183;0.0;0.0;0.0;1.77777777778;16.028955305;54.02;42.7;0.329133858268;0.0;0.0;0.0;37.8736025553;0.0;0.0;0.0;2.0;0.0;0.0;0.0;7.70360395249;0.0;0.0;easy
0.0;0.0;1677.7215;1.0;1.0;0.0;0.0;1398.0;0.0;0.0;0.0;0.0;1.0;7.7;0.0;0.0;0.0;399.0;77.0;37.0;0.0;0.0;0.0;181.059639869;48.9;0.0;0.0;0.0;0.0;122.0;0.0;1663;0.0;0.0;0.0;0.0;0.0;0.0;0.0;0.0;0.0;0.0;0.0;0.0;0.0;0.0;0.0;0.0;0.0;0.0;0.0;0.0;199.0;0.0;0.0;0.0;0.0;0.0;0.0;0.0;0.055078683834;0.0;0.0;0.0;0.0;0.0;0.0;9.7;181.723903766;0.0;0.0;0.0;24.3916230285;0.0;-32.07;0.0;1.0;0.0;0.0;0.0;0.0;0.0;30.0;0.0;0.0;0.0;0.0;75.0;0.0;1500.0;8.2;0.0;0.0;182.54811011;0.0;0.0;0.0;1.77777777778;9.88342564587;69.52;36.9;0.285407725322;0.0;0.0;0.0;9.98681394695;0.0;0.0;0.0;1.0;0.0;0.0;0.0;17.7742294825;0.0;0.0;easy
0.0;0.0;1677.7215;0.0;0.99511002445;0.0;0.0;1059.0;0.0;0.0;0.0;0.0;0.0;6.8;0.0;0.0;0.0;335.0;348.0;85.0;0.0;0.0;0.0;153.688073394;38.7;0.0;0.0;0.0;0.0;137.0;0.0;1751;0.0;0.0;0.0;0.0;0.0;0.0;0.0;0.0;0.0;0.0;0.0;0.0;0.0;0.0;0.0;0.0;0.0;0.0;0.0;0.0;157.0;0.0;0.0;0.0;0.0;0.0;0.0;0.0;0.328611898017;0.0;0.0;0.0;0.0;0.0;0.0;10.6;172.244080995;0.0;0.0;0.0;24.3561371363;0.0;-7.64;0.0;0.0;0.0;0.0;0.0;0.0;0.0;96.0;0.0;0.0;0.0;0.0;57.0;0.0;1500.0;10.5;0.0;0.0;238.395105775;0.0;0.0;0.0;1.77777777778;13.6402233264;52.6;31.6;0.316336166195;0.0;0.0;0.0;51.0825688073;0.0;0.0;0.0;5.0;0.0;0.0;0.0;6.9102879275;0.0;0.0;easy
0.0;0.0;1677.7215;0.0;0.99358974359;0.0;0.0;713.0;0.0;0.0;0.0;1.0;0.0;5.01666666667;0.0;1.0;0.0;184.0;452.0;47.0;0.0;0.0;0.0;140.83197769;57.3;0.0;0.0;0.0;0.0;73.0;0.0;5410;0.0;1.0;1.0;0.0;0.0;0.0;0.0;0.0;0.0;0.0;0.0;0.0;0.0;0.0;1.0;1.0;1.0;0.0;0.0;0.0;72.0;0.0;0.0;0.0;0.0;0.0;0.0;0.0;0.633941093969;0.0;0.0;0.0;0.0;0.0;1.0;5.4;195.25172836;0.0;0.0;0.0;28.385662962;0.0;-9.39;0.0;0.0;0.0;1.0;0.0;0.0;0.0;182.0;0.0;0.0;0.0;0.0;54.0;0.0;1500.0;4.9;0.0;0.0;225.775306892;0.0;0.0;0.0;1.77777777778;24.4220105646;83.46;42.6;0.258064516129;0.0;0.0;0.0;90.0368513662;0.0;0.0;0.0;4.0;1.0;0.0;0.0;11.4840529848;0.0;0.0;easy
1.0;0.0;1677.7215;0.0;0.993690851735;0.0;0.0;814.0;0.0;0.0;0.0;0.0;0.0;5.26666666667;0.0;0.0;0.0;206.0;381.0;34.0;0.0;0.0;0.0;155.263822267;13.0;0.0;1.0;0.0;0.0;53.0;0.0;5415;0.0;1.0;0.0;0.0;0.0;0.0;0.0;0.0;0.0;0.0;1.0;0.0;0.0;0.0;0.0;1.0;0.0;0.0;0.0;0.0;86.0;0.0;1.0;0.0;0.0;0.0;0.0;0.0;0.468058968059;0.0;0.0;0.0;0.0;0.0;1.0;5.5;188.748516948;0.0;0.0;0.0;48.7803086907;1.0;75.58;0.0;0.0;0.0;0.0;0.0;0.0;0.0;152.0;0.0;0.0;0.0;1.0;63.0;0.0;1500.0;4.8;0.0;0.0;171.90276666;0.0;0.0;0.0;1.77777777778;37.4579552334;83.76;10.0;0.253071253071;0.0;0.0;0.0;72.1408735168;0.0;0.0;1.0;13.0;1.0;0.0;0.0;40.7384193722;1.0;0.0;easy
0.0;0.0;1677.7215;0.0;0.997863247863;0.0;0.0;1160.0;0.0;0.0;0.0;0.0;0.0;7.53333333333;0.0;0.0;0.0;275.0;180.0;19.0;0.0;0.0;0.0;155.285685845;11.9;0.0;0.0;0.0;0.0;43.0;0.0;5421;0.0;0.0;0.0;0.0;0.0;0.0;0.0;0.0;0.0;0.0;0.0;0.0;0.0;0.0;0.0;0.0;0.0;0.0;0.0;0.0;114.0;0.0;0.0;0.0;0.0;0.0;0.0;0.0;0.155172413793;0.0;0.0;0.0;0.0;1.0;0.0;14.4;157.451051487;0.0;0.0;0.0;82.7253170876;0.0;70.77;0.0;0.0;0.0;0.0;0.0;0.0;0.0;61.0;0.0;0.0;0.0;0.0;38.0;0.0;1500.0;12.8;0.0;0.0;132.575282411;0.0;0.0;0.0;1.77777777778;38.766411617;57.44;9.8;0.237068965517;0.0;0.0;0.0;23.8901055146;0.0;0.0;0.0;7.0;0.0;0.0;0.0;68.5459981031;0.0;0.0;easy
0.0;0.0;1638.0915;0.0;0.996062992126;0.0;0.0;646.0;1.0;0.0;0.0;0.0;0.0;4.21666666667;0.0;0.0;0.0;229.0;201.0;18.0;0.0;0.0;0.0;147.548748717;13.9;0.0;0.0;0.0;0.0;52.0;0.0;910;0.0;0.0;0.0;0.0;0.0;0.0;0.0;0.0;0.0;0.0;0.0;0.0;0.0;0.0;0.0;0.0;0.0;0.0;0.0;0.0;56.0;0.0;0.0;0.0;0.0;0.0;0.0;0.0;0.311145510836;0.0;0.0;0.0;0.0;0.0;0.0;6.4;149.868894787;0.0;0.0;0.0;86.422060732;0.0;71.31;0.0;0.0;0.0;0.0;0.0;0.0;0.0;67.0;0.0;0.0;0.0;0.0;41.0;0.0;1500.0;7.1;0.0;0.0;155.618816315;0.0;0.0;0.0;1.77777777778;32.6841369333;72.36;11.6;0.354489164087;0.0;0.0;0.0;47.6040104208;0.0;0.0;0.0;6.0;0.0;0.0;0.0;59.4587405068;0.0;0.0;difficult
0.0;0.0;85.5317;0.0;0.995305164319;0.0;0.0;1202.0;0.0;0.0;0.0;0.0;0.0;7.1;0.0;0.0;0.0;364.0;196.0;12.0;0.0;0.0;0.0;169.230047829;3.8;0.0;0.0;0.0;0.0;89.0;0.0;4439;0.0;0.0;0.0;0.0;0.0;0.0;0.0;0.0;0.0;0.0;0.0;0.0;0.0;0.0;0.0;0.0;0.0;0.0;0.0;0.0;93.0;0.0;0.0;0.0;0.0;0.0;0.0;0.0;0.16306156406;0.0;0.0;0.0;0.0;0.0;0.0;6.3;182.68607759;0.0;0.0;0.0;94.5886168302;0.0;104.17;0.0;0.0;0.0;0.0;0.0;0.0;0.0;46.0;0.0;0.0;0.0;0.0;77.0;0.0;1500.0;5.8;0.0;0.0;36.4873356038;0.0;0.0;0.0;1.77777777778;22.3520617844;81.02;3.2;0.302828618968;0.0;0.0;0.0;27.5719778674;0.0;0.0;0.0;11.0;0.0;0.0;0.0;89.6933652435;0.0;0.0;difficult
0.0;0.0;1447.446;0.0;0.995867768595;0.0;0.0;588.0;0.0;0.0;1.0;0.0;0.0;4.01666666667;0.0;0.0;0.0;151.0;258.0;21.0;0.0;0.0;0.0;145.996275605;10.2;0.0;0.0;0.0;0.0;43.0;0.0;5467;0.0;1.0;0.0;0.0;0.0;0.0;0.0;0.0;0.0;0.0;0.0;0.0;0.0;0.0;0.0;0.0;0.0;0.0;0.0;0.0;68.0;0.0;0.0;0.0;0.0;0.0;0.0;0.0;0.438775510204;0.0;0.0;0.0;0.0;0.0;0.0;8.1;174.305716812;0.0;0.0;0.0;44.3784385522;0.0;91.95;0.0;0.0;0.0;0.0;0.0;0.0;0.0;116.0;0.0;0.0;0.0;1.0;33.0;0.0;1500.0;7.9;0.0;0.0;159.281277142;0.0;0.0;0.0;1.77777777778;61.3099578048;70.33;5.8;0.256802721088;0.0;0.0;0.0;64.0595903166;0.0;0.0;0.0;12.0;0.0;0.0;0.0;67.4821516459;0.0;0.0;easy
0.0;0.0;1677.7215;0.0;1.0;0.0;0.0;734.0;0.0;0.0;0.0;0.0;0.0;4.28333333333;0.0;0.0;0.0;211.0;418.0;72.0;0.0;0.0;0.0;170.428015564;12.6;0.0;0.0;0.0;0.0;54.0;0.0;4445;0.0;0.0;0.0;0.0;0.0;0.0;0.0;1.0;0.0;0.0;0.0;0.0;0.0;0.0;0.0;0.0;0.0;0.0;0.0;0.0;58.0;0.0;0.0;0.0;0.0;0.0;0.0;0.0;0.569482288828;0.0;0.0;0.0;0.0;0.0;0.0;2.1;186.53299888;0.0;0.0;0.0;93.1577670449;0.0;69.92;0.0;0.0;0.0;0.0;0.0;0.0;0.0;145.0;0.0;0.0;0.0;0.0;67.0;0.0;1260.0;2.9;0.0;0.0;163.831480002;0.0;0.0;0.0;1.33333333333;43.2652827743;94.15;8.0;0.287465940054;0.0;0.0;0.0;97.5875486381;0.0;0.0;0.0;23.0;0.0;0.0;0.0;61.3886414822;0.0;0.0;easy
0.0;0.0;1677.7215;0.0;0.997402597403;0.0;0.0;997.0;1.0;0.0;0.0;0.0;0.0;6.4;0.0;0.0;0.0;290.0;82.0;10.0;0.0;0.0;0.0;162.24648986;9.3;0.0;0.0;0.0;0.0;72.0;0.0;5472;0.0;0.0;0.0;0.0;0.0;0.0;0.0;0.0;0.0;0.0;0.0;0.0;0.0;0.0;0.0;0.0;0.0;0.0;0.0;0.0;88.0;0.0;0.0;0.0;0.0;0.0;0.0;0.0;0.0822467402207;0.0;0.0;0.0;0.0;0.0;0.0;5.0;162.050329568;0.0;0.0;0.0;82.4929040154;0.0;76.05;0.0;0.0;0.0;0.0;0.0;0.0;0.0;30.0;0.0;0.0;0.0;0.0;78.0;0.0;1500.0;4.7;0.0;0.0;120.576289838;0.0;0.0;0.0;1.77777777778;13.5181324849;83.86;7.7;0.290872617854;0.0;0.0;0.0;12.7925117005;0.0;0.0;0.0;4.0;0.0;0.0;0.0;35.6098460849;0.0;0.0;intermediate
0.0;0.0;1677.7215;0.0;0.994923857868;0.0;0.0;909.0;0.0;0.0;0.0;0.0;0.0;6.55;0.0;0.0;0.0;272.0;399.0;104.0;0.0;0.0;0.0;138.44396497;34.3;1.0;0.0;0.0;0.0;121.0;0.0;1596;1.0;0.0;0.0;0.0;0.0;0.0;0.0;0.0;0.0;0.0;0.0;0.0;0.0;0.0;0.0;1.0;0.0;0.0;0.0;0.0;207.0;0.0;0.0;0.0;0.0;0.0;0.0;0.0;0.438943894389;0.0;0.0;0.0;0.0;0.0;1.0;13.8;160.509486658;0.0;0.0;0.0;35.4768032251;0.0;13.62;0.0;1.0;0.0;0.0;0.0;1.0;0.0;111.0;0.0;0.0;0.0;0.0;50.0;0.0;1500.0;11.6;0.0;0.0;236.640172549;0.0;0.0;0.0;1.77777777778;18.9036602234;44.54;25.5;0.299229922992;0.0;0.0;0.0;60.7691331387;0.0;0.0;0.0;7.0;1.0;0.0;0.0;11.0054491857;0.0;0.0;easy
0.0;0.0;0.0;0.0;0.996805111821;0.0;0.0;775.0;0.0;0.0;0.0;0.0;0.0;5.2;0.0;0.0;0.0;300.0;473.0;7.0;0.0;0.0;0.0;148.065166597;9.7;0.0;0.0;0.0;0.0;56.0;0.0;895;0.0;0.0;0.0;0.0;0.0;0.0;0.0;0.0;0.0;0.0;0.0;0.0;0.0;0.0;0.0;0.0;0.0;0.0;0.0;0.0;57.0;0.0;0.0;0.0;0.0;0.0;0.0;0.0;0.610322580645;0.0;0.0;0.0;0.0;0.0;0.0;2.4;149.312223224;0.0;0.0;0.0;69.2310925605;0.0;98.72;0.0;0.0;0.0;0.0;0.0;0.0;0.0;169.0;0.0;0.0;0.0;0.0;69.0;0.0;1500.0;4.1;0.0;0.0;108.955078633;0.0;0.0;0.0;1.77777777778;21.5905344592;85.49;7.3;0.387096774194;0.0;0.0;1.0;90.8363473418;0.0;0.0;0.0;15.0;0.0;0.0;0.0;38.7127792014;0.0;0.0;difficult
0.0;0.0;79.266;0.0;1.0;0.0;0.0;821.0;0.0;0.0;0.0;0.0;0.0;5.55;0.0;0.0;0.0;264.0;96.0;31.0;0.0;0.0;0.0;147.327444228;15.7;0.0;0.0;1.0;0.0;111.0;0.0;2439;0.0;0.0;0.0;0.0;0.0;0.0;0.0;0.0;0.0;0.0;0.0;0.0;0.0;0.0;1.0;0.0;0.0;0.0;0.0;1.0;163.0;1.0;0.0;0.0;0.0;0.0;0.0;0.0;0.116930572473;0.0;0.0;0.0;0.0;0.0;0.0;11.6;154.152241004;0.0;0.0;0.0;95.9904659373;0.0;60.45;0.0;1.0;0.0;0.0;0.0;0.0;1.0;41.0;0.0;0.0;0.0;0.0;41.0;0.0;1500.0;9.9;0.0;0.0;134.820847489;0.0;0.0;0.0;1.77777777778;65.291903127;59.64;9.6;0.3215590743;0.0;0.0;0.0;17.2480910316;0.0;0.0;0.0;5.0;0.0;0.0;0.0;166.688872342;0.0;0.0;intermediate
0.0;0.0;1638.0915;0.0;0.996539792388;0.0;0.0;774.0;1.0;0.0;0.0;0.0;0.0;4.8;0.0;0.0;0.0;308.0;2288.0;62.0;0.0;0.0;0.0;149.833518313;7.2;0.0;0.0;0.0;0.0;49.0;0.0;916;0.0;0.0;0.0;0.0;0.0;0.0;0.0;0.0;0.0;0.0;0.0;1.0;0.0;0.0;0.0;0.0;0.0;0.0;0.0;0.0;56.0;0.0;0.0;0.0;0.0;0.0;0.0;0.0;2.95607235142;0.0;0.0;0.0;0.0;0.0;0.0;5.6;153.178343357;0.0;0.0;0.0;60.8837009604;0.0;95.24;0.0;0.0;0.0;0.0;0.0;0.0;0.0;802.0;0.0;0.0;0.0;0.0;37.0;0.0;1500.0;7.9;0.0;0.0;129.57302913;0.0;0.0;0.0;1.77777777778;25.9263842521;75.64;6.6;0.397932816537;0.0;0.0;0.0;476.137624861;0.0;0.0;0.0;86.0;0.0;0.0;0.0;28.6065774982;0.0;0.0;difficult
0.0;0.0;1677.7215;0.0;1.0;0.0;0.0;788.0;0.0;0.0;0.0;0.0;0.0;4.8;0.0;0.0;0.0;309.0;41.0;3.0;0.0;0.0;0.0;163.848073191;0.5;0.0;0.0;0.0;0.0;52.0;0.0;947;0.0;0.0;0.0;0.0;0.0;0.0;0.0;0.0;0.0;0.0;0.0;0.0;0.0;0.0;0.0;0.0;0.0;0.0;0.0;0.0;65.0;0.0;0.0;0.0;0.0;0.0;0.0;0.0;0.0520304568528;0.0;0.0;0.0;0.0;0.0;0.0;10.1;164.141019632;0.0;0.0;0.0;70.6011571805;0.0;105.45;0.0;0.0;0.0;0.0;0.0;0.0;0.0;12.0;0.0;0.0;0.0;0.0;38.0;0.0;1500.0;7.8;0.0;0.0;200.171878331;0.0;0.0;0.0;1.77777777778;40.6510924498;75.84;0.6;0.392131979695;0.0;0.0;0.0;8.52509010258;0.0;0.0;0.0;5.0;0.0;0.0;0.0;51.2749460678;0.0;0.0;intermediate
0.0;0.0;1677.7215;0.0;1.0;0.0;0.0;1133.0;0.0;0.0;0.0;0.0;0.0;7.38333333333;0.0;0.0;0.0;348.0;85.0;13.0;0.0;0.0;0.0;150.054171181;8.7;0.0;0.0;0.0;0.0;98.0;0.0;926;0.0;0.0;0.0;0.0;0.0;0.0;0.0;0.0;0.0;0.0;0.0;0.0;0.0;0.0;0.0;0.0;0.0;0.0;0.0;0.0;102.0;0.0;0.0;0.0;0.0;0.0;0.0;0.0;0.0750220653133;0.0;0.0;0.0;0.0;0.0;0.0;7.8;150.11651643;0.0;0.0;0.0;98.0671135952;0.0;58.32;0.0;0.0;0.0;0.0;0.0;0.0;0.0;19.0;0.0;0.0;0.0;0.0;59.0;0.0;1500.0;8.4;0.0;0.0;161.687563123;0.0;0.0;0.0;1.77777777778;32.6720993854;68.91;10.4;0.307149161518;0.0;0.0;0.0;11.511375948;0.0;0.0;0.0;4.0;0.0;0.0;0.0;58.8726854716;0.0;0.0;easy
0.0;0.0;1677.7215;0.0;1.0;0.0;0.0;702.0;0.0;0.0;0.0;0.0;0.0;4.6;0.0;0.0;0.0;259.0;74.0;4.0;0.0;0.0;0.0;152.437479642;5.4;0.0;0.0;0.0;0.0;40.0;0.0;950;0.0;0.0;0.0;0.0;1.0;0.0;0.0;0.0;0.0;0.0;0.0;0.0;0.0;0.0;0.0;0.0;1.0;0.0;0.0;0.0;51.0;0.0;0.0;0.0;0.0;1.0;0.0;0.0;0.105413105413;0.0;0.0;0.0;0.0;0.0;0.0;6.3;152.652389633;0.0;0.0;0.0;49.1356485521;0.0;103.02;0.0;0.0;0.0;0.0;0.0;0.0;0.0;34.0;0.0;0.0;0.0;0.0;44.0;0.0;1500.0;7.2;0.0;0.0;177.38583529;0.0;0.0;0.0;1.77777777778;28.1427337199;72.16;1.5;0.368945868946;0.0;0.0;0.0;16.0689081105;0.0;0.0;0.0;7.0;0.0;0.0;0.0;44.5023012212;0.0;0.0;easy
0.0;0.0;0.0;0.0;1.0;0.0;0.0;674.0;0.0;0.0;0.0;0.0;0.0;4.53333333333;0.0;0.0;0.0;300.0;69.0;8.0;0.0;0.0;0.0;148.656584936;2.3;0.0;0.0;0.0;0.0;65.0;0.0;952;0.0;0.0;0.0;0.0;0.0;0.0;0.0;0.0;0.0;0.0;0.0;0.0;0.0;0.0;0.0;0.0;1.0;0.0;0.0;0.0;72.0;0.0;0.0;0.0;0.0;0.0;0.0;0.0;0.10237388724;0.0;0.0;0.0;0.0;0.0;0.0;6.2;148.408413485;0.0;0.0;0.0;25.8329863231;0.0;85.18;0.0;0.0;0.0;0.0;0.0;0.0;0.0;25.0;0.0;0.0;0.0;0.0;44.0;0.0;1500.0;5.7;0.0;0.0;177.477368389;0.0;0.0;0.0;1.77777777778;28.8707359101;81.33;4.2;0.445103857567;0.0;0.0;0.0;15.1960064601;0.0;0.0;0.0;6.0;0.0;0.0;0.0;48.1154864149;0.0;0.0;easy
0.0;0.0;1447.446;0.0;0.997844827586;0.0;0.0;640.0;0.0;0.0;0.0;0.0;0.0;7.46666666667;0.0;0.0;0.0;151.0;719.0;80.0;0.0;0.0;0.0;85.429266442;46.0;0.0;0.0;0.0;0.0;53.0;0.0;5437;0.0;1.0;0.0;0.0;0.0;0.0;0.0;0.0;0.0;0.0;0.0;0.0;0.0;0.0;0.0;0.0;0.0;0.0;0.0;0.0;79.0;0.0;0.0;0.0;0.0;0.0;0.0;0.0;1.1234375;0.0;0.0;0.0;0.0;0.0;0.0;8.3;170.828796344;0.0;0.0;0.0;38.188807596;0.0;22.53;0.0;0.0;1.0;0.0;0.0;0.0;0.0;269.0;0.0;0.0;0.0;0.0;39.0;0.0;1500.0;7.3;0.0;0.0;210.748728116;0.0;0.0;0.0;1.77777777778;69.8352656834;71.75;32.5;0.2359375;0.0;0.0;0.0;96.2753018367;0.0;0.0;0.0;8.0;0.0;0.0;0.0;58.227865024;0.0;0.0;intermediate
0.0;0.0;1677.7215;0.0;0.993355481728;0.0;0.0;704.0;0.0;0.0;0.0;0.0;0.0;5.0;0.0;0.0;0.0;260.0;131.0;33.0;0.0;0.0;0.0;141.000498587;13.5;0.0;0.0;0.0;1.0;54.0;0.0;5599;0.0;0.0;0.0;0.0;0.0;0.0;0.0;0.0;0.0;0.0;0.0;0.0;0.0;0.0;0.0;0.0;0.0;0.0;0.0;0.0;78.0;0.0;0.0;0.0;0.0;1.0;0.0;1.0;0.186079545455;0.0;0.0;0.0;0.0;0.0;1.0;5.2;156.226406756;0.0;0.0;0.0;19.100327272;0.0;60.95;0.0;0.0;0.0;0.0;0.0;0.0;0.0;40.0;0.0;0.0;0.0;0.0;50.0;0.0;1500.0;5.2;0.0;0.0;208.044969918;0.0;0.0;0.0;1.77777777778;15.4026916182;82.54;9.4;0.369318181818;0.0;0.0;0.0;26.1259764002;0.0;0.0;0.0;7.0;0.0;0.0;0.0;11.8526368381;0.0;0.0;intermediate
0.0;0.0;1664.5629;0.0;0.997347480106;0.0;1.0;901.0;0.0;0.0;0.0;0.0;0.0;6.26666666667;0.0;0.0;0.0;313.0;231.0;51.0;0.0;0.0;0.0;142.955691165;13.4;0.0;0.0;0.0;0.0;75.0;0.0;4604;0.0;0.0;0.0;0.0;0.0;0.0;0.0;0.0;1.0;0.0;0.0;0.0;0.0;0.0;0.0;1.0;0.0;0.0;0.0;0.0;98.0;0.0;0.0;0.0;0.0;0.0;0.0;0.0;0.256381798002;0.0;0.0;0.0;0.0;0.0;0.0;6.0;152.126037608;0.0;0.0;0.0;17.7520384186;0.0;64.3;0.0;1.0;0.0;0.0;0.0;0.0;0.0;75.0;0.0;1.0;0.0;0.0;69.0;0.0;1500.0;4.9;0.0;0.0;204.433383964;0.0;0.0;0.0;1.77777777778;31.5838503893;83.56;8.1;0.347391786903;0.0;0.0;0.0;36.7736800212;0.0;0.0;0.0;15.0;0.0;0.0;0.0;25.1659669059;1.0;0.0;intermediate
